{"features":[{"properties":{"regionId":"toscana","iso":"IT"},"type":"Feature","geometry":{"type":"MultiPolygon","coordinates":[[[[10.166,43.957],[10.081,44.018],[10.018,44.044],[10.070,44.093],[10.058,44.108],[10.018,44.119],[9.993,44.092],[9.983,44.098],[9.995,44.117],[9.976,44.139],[9.974,44.166],[9.892,44.166],[9.933,44.196],[9.914,44.199],[9.907,44.210],[9.891,44.207],[9.864,44.180],[9.857,44.193],[9.875,44.223],[9.857,44.234],[9.852,44.270],[9.814,44.286],[9.805,44.282],[9.765,44.304],[9.753,44.322],[9.729,44.328],[9.711,44.363],[9.686,44.365],[9.716,44.383],[9.742,44.380],[9.743,44.389],[9.760,44.390],[9.756,44.406],[9.816,44.452],[9.819,44.466],[9.899,44.472],[9.970,44.464],[9.976,44.447],[9.996,44.446],[10.004,44.437],[9.989,44.404],[10.010,44.389],[10.098,44.346],[10.146,44.352],[10.189,44.314],[10.226,44.299],[10.253,44.268],[10.307,44.284],[10.342,44.269],[10.371,44.269],[10.430,44.227],[10.464,44.231],[10.484,44.222],[10.492,44.216],[10.485,44.204],[10.522,44.174],[10.525,44.156],[10.577,44.131],[10.592,44.115],[10.624,44.120],[10.623,44.141],[10.641,44.159],[10.661,44.154],[10.743,44.156],[10.804,44.118],[10.819,44.112],[10.830,44.116],[10.848,44.098],[10.878,44.098],[10.902,44.086],[10.904,44.063],[10.918,44.063],[10.927,44.075],[10.955,44.089],[10.970,44.115],[11.006,44.138],[11.014,44.137],[11.014,44.125],[11.001,44.110],[11.049,44.090],[11.089,44.089],[11.127,44.109],[11.159,44.112],[11.209,44.098],[11.248,44.097],[11.263,44.104],[11.260,44.115],[11.218,44.129],[11.195,44.143],[11.195,44.151],[11.239,44.158],[11.280,44.155],[11.295,44.172],[11.316,44.177],[11.324,44.194],[11.342,44.205],[11.380,44.200],[11.421,44.239],[11.450,44.220],[11.447,44.199],[11.487,44.179],[11.503,44.162],[11.544,44.152],[11.552,44.165],[11.565,44.167],[11.573,44.160],[11.615,44.158],[11.616,44.143],[11.587,44.123],[11.584,44.112],[11.616,44.118],[11.652,44.101],[11.678,44.122],[11.744,44.126],[11.752,44.121],[11.748,44.104],[11.700,44.055],[11.694,44.035],[11.681,44.021],[11.656,44.017],[11.663,44.005],[11.645,43.989],[11.653,43.975],[11.690,43.956],[11.684,43.935],[11.717,43.921],[11.710,43.877],[11.732,43.863],[11.785,43.847],[11.841,43.808],[11.867,43.816],[11.896,43.807],[11.909,43.812],[11.918,43.793],[11.947,43.790],[11.953,43.776],[11.986,43.761],[12.006,43.766],[12.053,43.756],[12.070,43.740],[12.107,43.753],[12.141,43.752],[12.163,43.762],[12.194,43.731],[12.209,43.757],[12.228,43.759],[12.245,43.751],[12.255,43.760],[12.283,43.764],[12.327,43.751],[12.368,43.714],[12.369,43.706],[12.357,43.702],[12.345,43.709],[12.330,43.707],[12.330,43.673],[12.315,43.677],[12.321,43.693],[12.308,43.730],[12.297,43.685],[12.273,43.675],[12.245,43.681],[12.249,43.668],[12.232,43.655],[12.186,43.642],[12.213,43.610],[12.162,43.561],[12.153,43.528],[12.142,43.535],[12.102,43.529],[12.090,43.511],[12.095,43.499],[12.144,43.479],[12.143,43.470],[12.104,43.460],[12.081,43.434],[12.056,43.438],[12.025,43.415],[12.032,43.400],[12.077,43.402],[12.076,43.365],[12.102,43.372],[12.124,43.357],[12.135,43.341],[12.125,43.306],[12.132,43.293],[12.177,43.281],[12.193,43.313],[12.223,43.295],[12.148,43.254],[12.121,43.254],[12.092,43.235],[12.048,43.253],[12.033,43.246],[12.039,43.228],[12.024,43.188],[11.987,43.180],[11.924,43.149],[11.912,43.128],[11.930,43.092],[11.923,43.074],[11.940,43.053],[11.956,43.068],[11.973,43.063],[11.982,43.050],[11.949,42.976],[11.952,42.949],[11.932,42.908],[11.958,42.891],[11.958,42.871],[11.929,42.869],[11.913,42.850],[11.891,42.842],[11.894,42.834],[11.850,42.838],[11.814,42.823],[11.806,42.794],[11.775,42.820],[11.753,42.802],[11.746,42.785],[11.764,42.777],[11.779,42.758],[11.818,42.745],[11.801,42.707],[11.781,42.705],[11.784,42.671],[11.800,42.668],[11.809,42.652],[11.804,42.643],[11.780,42.634],[11.749,42.639],[11.751,42.625],[11.735,42.606],[11.711,42.610],[11.680,42.595],[11.681,42.581],[11.657,42.577],[11.643,42.566],[11.626,42.569],[11.616,42.559],[11.598,42.569],[11.578,42.566],[11.584,42.542],[11.568,42.533],[11.561,42.517],[11.616,42.488],[11.617,42.436],[11.544,42.442],[11.516,42.433],[11.488,42.439],[11.482,42.419],[11.449,42.394],[11.449,42.377],[11.361,42.399],[11.282,42.406],[11.272,42.418],[11.242,42.418],[11.210,42.408],[11.205,42.392],[11.213,42.388],[11.192,42.379],[11.189,42.363],[11.165,42.368],[11.153,42.361],[11.142,42.377],[11.098,42.393],[11.089,42.425],[11.104,42.447],[11.123,42.434],[11.132,42.439],[11.160,42.434],[11.173,42.446],[11.192,42.500],[11.177,42.539],[11.156,42.562],[11.128,42.554],[11.102,42.601],[11.082,42.613],[11.085,42.626],[11.009,42.659],[10.982,42.713],[10.954,42.735],[10.871,42.763],[10.784,42.775],[10.734,42.801],[10.759,42.809],[10.773,42.832],[10.769,42.869],[10.786,42.888],[10.772,42.909],[10.712,42.940],[10.660,42.951],[10.561,42.951],[10.546,42.946],[10.545,42.921],[10.535,42.920],[10.499,42.935],[10.483,42.988],[10.494,42.994],[10.507,42.990],[10.516,42.999],[10.510,43.012],[10.522,43.020],[10.537,43.093],[10.528,43.231],[10.501,43.290],[10.459,43.321],[10.448,43.354],[10.446,43.355],[10.444,43.353],[10.427,43.355],[10.444,43.354],[10.424,43.398],[10.404,43.401],[10.381,43.450],[10.330,43.473],[10.318,43.510],[10.295,43.541],[10.304,43.548],[10.294,43.552],[10.316,43.573],[10.319,43.584],[10.311,43.571],[10.303,43.578],[10.305,43.566],[10.296,43.562],[10.300,43.575],[10.272,43.671],[10.282,43.690],[10.259,43.815],[10.236,43.874],[10.166,43.957]],[[10.481,44.190],[10.480,44.190],[10.480,44.189],[10.481,44.189],[10.481,44.190]],[[10.543,42.931],[10.543,42.931],[10.543,42.931],[10.543,42.931],[10.543,42.931]],[[11.135,42.557],[11.136,42.557],[11.136,42.557],[11.136,42.557],[11.135,42.557]],[[11.136,42.557],[11.136,42.557],[11.136,42.557],[11.136,42.557],[11.136,42.557]],[[11.135,42.557],[11.135,42.557],[11.136,42.557],[11.135,42.557]],[[11.135,42.557],[11.135,42.557],[11.135,42.557],[11.135,42.557]],[[11.135,42.557],[11.135,42.557],[11.136,42.557],[11.135,42.557]],[[11.207,42.391],[11.207,42.391],[11.207,42.391],[11.207,42.391]]],[[[10.417,42.867],[10.443,42.846],[10.428,42.816],[10.434,42.776],[10.385,42.759],[10.401,42.757],[10.411,42.743],[10.432,42.734],[10.434,42.718],[10.422,42.707],[10.411,42.716],[10.382,42.714],[10.358,42.758],[10.344,42.763],[10.318,42.759],[10.325,42.744],[10.319,42.736],[10.309,42.759],[10.293,42.755],[10.283,42.734],[10.241,42.749],[10.236,42.726],[10.188,42.736],[10.156,42.728],[10.140,42.732],[10.105,42.762],[10.105,42.789],[10.139,42.809],[10.170,42.806],[10.185,42.812],[10.206,42.807],[10.219,42.792],[10.244,42.788],[10.247,42.798],[10.269,42.803],[10.275,42.818],[10.260,42.827],[10.263,42.830],[10.295,42.818],[10.332,42.817],[10.315,42.809],[10.317,42.804],[10.341,42.796],[10.357,42.799],[10.359,42.817],[10.379,42.826],[10.407,42.870],[10.417,42.867]]],[[[10.886,42.389],[10.906,42.381],[10.927,42.355],[10.920,42.351],[10.931,42.331],[10.921,42.319],[10.899,42.330],[10.882,42.351],[10.866,42.354],[10.867,42.368],[10.881,42.367],[10.886,42.389]]],[[[9.835,43.050],[9.847,43.045],[9.841,43.026],[9.810,43.002],[9.791,43.023],[9.800,43.053],[9.825,43.072],[9.836,43.065],[9.835,43.050]],[[9.797,43.031],[9.797,43.031],[9.796,43.032],[9.795,43.031],[9.797,43.031]]],[[[12.233,43.806],[12.237,43.786],[12.212,43.782],[12.199,43.770],[12.185,43.774],[12.171,43.807],[12.233,43.806]]],[[[10.315,42.350],[10.329,42.341],[10.332,42.324],[10.316,42.313],[10.297,42.315],[10.289,42.326],[10.293,42.346],[10.315,42.350]]],[[[10.093,42.592],[10.100,42.576],[10.087,42.567],[10.046,42.577],[10.054,42.589],[10.074,42.591],[10.079,42.619],[10.089,42.614],[10.093,42.592]]],[[[11.113,42.260],[11.117,42.251],[11.105,42.253],[11.102,42.245],[11.112,42.240],[11.104,42.238],[11.091,42.254],[11.113,42.260]]],[[[9.901,43.439],[9.908,43.433],[9.900,43.420],[9.888,43.425],[9.901,43.439]]],[[[10.884,42.575],[10.880,42.576],[10.878,42.578],[10.882,42.577],[10.884,42.575]]],[[[10.548,42.856],[10.545,42.857],[10.549,42.860],[10.549,42.859],[10.548,42.856]]],[[[11.212,42.378],[11.209,42.380],[11.209,42.382],[11.211,42.382],[11.212,42.378]]],[[[10.474,42.863],[10.472,42.866],[10.476,42.866],[10.476,42.865],[10.474,42.863]]],[[[10.895,42.562],[10.894,42.563],[10.894,42.565],[10.895,42.564],[10.895,42.562]]],[[[10.713,42.797],[10.712,42.796],[10.711,42.798],[10.712,42.798],[10.713,42.797]]],[[[10.373,42.716],[10.372,42.716],[10.372,42.717],[10.373,42.717],[10.373,42.716]]],[[[10.106,42.583],[10.105,42.583],[10.105,42.584],[10.106,42.584],[10.106,42.583]]],[[[10.375,42.718],[10.374,42.717],[10.373,42.718],[10.374,42.719],[10.375,42.718]]],[[[11.082,42.418],[11.081,42.417],[11.080,42.417],[11.082,42.418],[11.082,42.418]]],[[[11.130,42.376],[11.129,42.377],[11.131,42.378],[11.131,42.378],[11.130,42.376]]],[[[10.424,42.870],[10.422,42.870],[10.422,42.870],[10.423,42.871],[10.424,42.870]]],[[[10.319,42.734],[10.318,42.734],[10.319,42.734],[10.319,42.734],[10.319,42.734]]],[[[10.929,42.355],[10.928,42.355],[10.928,42.356],[10.929,42.355],[10.929,42.355]]],[[[10.064,42.358],[10.063,42.358],[10.064,42.358],[10.064,42.358],[10.064,42.358]]],[[[10.330,42.828],[10.330,42.828],[10.331,42.828],[10.331,42.828],[10.330,42.828]]],[[[10.900,42.556],[10.900,42.556],[10.900,42.556],[10.900,42.556],[10.900,42.556]]],[[[10.475,42.867],[10.474,42.867],[10.474,42.868],[10.475,42.868],[10.475,42.867]]],[[[10.080,42.621],[10.079,42.621],[10.079,42.622],[10.080,42.622],[10.080,42.621]]],[[[10.219,43.547],[10.218,43.547],[10.218,43.548],[10.219,43.548],[10.219,43.547]]],[[[10.424,43.355],[10.426,43.355],[10.423,43.355],[10.423,43.356],[10.424,43.355]]],[[[10.882,42.349],[10.882,42.349],[10.882,42.349],[10.882,42.349],[10.882,42.349]]],[[[10.361,42.713],[10.360,42.713],[10.361,42.713],[10.361,42.713],[10.361,42.713]]],[[[10.413,42.709],[10.413,42.709],[10.412,42.709],[10.412,42.709],[10.413,42.709]]],[[[10.165,43.956],[10.166,43.957],[10.163,43.955],[10.163,43.955],[10.165,43.956]]],[[[10.406,42.713],[10.406,42.713],[10.406,42.713],[10.406,42.713],[10.406,42.713]]],[[[10.361,42.713],[10.360,42.713],[10.361,42.713],[10.361,42.713],[10.361,42.713]]],[[[10.041,44.034],[10.041,44.034],[10.040,44.034],[10.040,44.034],[10.041,44.034]]],[[[10.373,42.716],[10.373,42.716],[10.373,42.716],[10.373,42.716],[10.373,42.716]]],[[[11.206,42.394],[11.206,42.394],[11.206,42.394],[11.206,42.394]]],[[[10.041,44.034],[10.041,44.034],[10.041,44.034],[10.041,44.034]]],[[[11.210,42.402],[11.210,42.402],[11.210,42.402],[11.210,42.402]]]]}},{"properties":{"regionId":"roma","iso":"IT"},"type":"Feature","geometry":{"type":"MultiPolygon","coordinates":[[[[12.622,41.444],[12.552,41.534],[12.437,41.640],[12.352,41.696],[12.234,41.739],[12.256,41.746],[12.225,41.744],[12.224,41.781],[12.203,41.829],[12.140,41.916],[12.049,41.956],[12.023,41.983],[11.979,41.996],[11.963,42.014],[11.915,42.039],[11.833,42.030],[11.806,42.080],[11.786,42.088],[11.780,42.093],[11.777,42.095],[11.772,42.099],[11.788,42.089],[11.746,42.137],[11.733,42.158],[11.739,42.171],[11.663,42.269],[11.632,42.295],[11.556,42.338],[11.451,42.377],[11.449,42.394],[11.482,42.419],[11.488,42.439],[11.516,42.433],[11.544,42.442],[11.617,42.436],[11.616,42.488],[11.561,42.517],[11.568,42.533],[11.584,42.542],[11.580,42.567],[11.600,42.569],[11.616,42.559],[11.626,42.569],[11.643,42.566],[11.657,42.577],[11.681,42.581],[11.680,42.595],[11.711,42.610],[11.735,42.606],[11.751,42.625],[11.749,42.639],[11.780,42.634],[11.804,42.643],[11.808,42.658],[11.800,42.668],[11.784,42.671],[11.781,42.705],[11.801,42.707],[11.818,42.745],[11.779,42.758],[11.764,42.777],[11.746,42.785],[11.768,42.819],[11.786,42.816],[11.806,42.794],[11.813,42.822],[11.850,42.838],[11.901,42.831],[11.927,42.780],[11.979,42.764],[11.981,42.754],[11.968,42.734],[11.947,42.726],[11.926,42.703],[11.948,42.696],[11.941,42.683],[12.007,42.662],[12.029,42.650],[12.029,42.643],[12.073,42.656],[12.094,42.655],[12.106,42.664],[12.124,42.649],[12.132,42.661],[12.147,42.659],[12.161,42.676],[12.204,42.660],[12.226,42.643],[12.225,42.635],[12.242,42.629],[12.229,42.611],[12.247,42.596],[12.240,42.596],[12.238,42.572],[12.275,42.559],[12.278,42.541],[12.266,42.533],[12.290,42.519],[12.275,42.515],[12.274,42.509],[12.290,42.510],[12.307,42.497],[12.290,42.491],[12.314,42.487],[12.325,42.494],[12.351,42.473],[12.374,42.481],[12.391,42.498],[12.421,42.492],[12.427,42.486],[12.412,42.478],[12.412,42.467],[12.427,42.465],[12.430,42.458],[12.413,42.455],[12.413,42.425],[12.450,42.422],[12.463,42.429],[12.458,42.403],[12.444,42.398],[12.466,42.394],[12.480,42.404],[12.491,42.397],[12.511,42.403],[12.517,42.370],[12.528,42.364],[12.548,42.382],[12.567,42.383],[12.606,42.403],[12.614,42.414],[12.614,42.465],[12.641,42.467],[12.649,42.443],[12.674,42.442],[12.702,42.460],[12.724,42.460],[12.741,42.470],[12.711,42.500],[12.727,42.509],[12.773,42.513],[12.773,42.531],[12.818,42.532],[12.847,42.552],[12.892,42.563],[12.880,42.609],[12.896,42.616],[12.930,42.602],[12.937,42.615],[12.952,42.618],[13.004,42.615],[13.024,42.639],[13.035,42.627],[13.063,42.623],[13.105,42.639],[13.116,42.657],[13.129,42.659],[13.145,42.646],[13.174,42.666],[13.173,42.687],[13.190,42.710],[13.189,42.733],[13.254,42.721],[13.264,42.740],[13.280,42.740],[13.313,42.725],[13.357,42.694],[13.349,42.668],[13.369,42.648],[13.408,42.642],[13.390,42.608],[13.394,42.591],[13.381,42.581],[13.342,42.574],[13.323,42.579],[13.293,42.569],[13.283,42.582],[13.253,42.581],[13.245,42.572],[13.226,42.582],[13.191,42.587],[13.192,42.577],[13.174,42.567],[13.176,42.547],[13.155,42.540],[13.160,42.522],[13.177,42.512],[13.171,42.485],[13.178,42.479],[13.116,42.443],[13.155,42.414],[13.189,42.400],[13.194,42.389],[13.153,42.356],[13.226,42.319],[13.234,42.277],[13.271,42.254],[13.276,42.241],[13.335,42.222],[13.341,42.217],[13.331,42.208],[13.341,42.198],[13.379,42.180],[13.342,42.176],[13.353,42.166],[13.327,42.163],[13.328,42.154],[13.317,42.153],[13.305,42.138],[13.265,42.136],[13.248,42.127],[13.192,42.158],[13.169,42.150],[13.123,42.176],[13.087,42.177],[13.093,42.160],[13.084,42.142],[13.059,42.122],[13.030,42.122],[13.018,42.074],[13.026,42.050],[13.064,42.012],[13.101,42.007],[13.096,42.021],[13.104,42.025],[13.199,41.986],[13.230,41.982],[13.287,41.949],[13.310,41.951],[13.345,41.922],[13.364,41.924],[13.383,41.904],[13.359,41.869],[13.367,41.863],[13.366,41.833],[13.380,41.817],[13.391,41.819],[13.396,41.834],[13.416,41.834],[13.451,41.822],[13.469,41.806],[13.505,41.801],[13.520,41.772],[13.571,41.754],[13.631,41.782],[13.647,41.811],[13.662,41.811],[13.705,41.787],[13.729,41.798],[13.749,41.760],[13.765,41.748],[13.790,41.742],[13.811,41.754],[13.823,41.740],[13.856,41.731],[13.880,41.728],[13.891,41.735],[13.904,41.718],[13.919,41.717],[13.932,41.693],[13.988,41.653],[14.010,41.607],[13.998,41.574],[14.026,41.555],[14.020,41.542],[14.005,41.538],[14.027,41.523],[13.994,41.512],[13.972,41.494],[13.992,41.482],[13.977,41.462],[13.961,41.463],[13.910,41.428],[13.875,41.426],[13.861,41.417],[13.886,41.384],[13.873,41.375],[13.870,41.357],[13.873,41.335],[13.894,41.311],[13.886,41.293],[13.828,41.281],[13.840,41.262],[13.833,41.252],[13.816,41.243],[13.771,41.242],[13.762,41.222],[13.706,41.253],[13.681,41.244],[13.653,41.257],[13.621,41.260],[13.574,41.240],[13.571,41.216],[13.591,41.209],[13.575,41.203],[13.557,41.211],[13.549,41.206],[13.523,41.223],[13.470,41.237],[13.379,41.279],[13.291,41.297],[13.268,41.295],[13.251,41.283],[13.207,41.283],[13.160,41.271],[13.105,41.241],[13.094,41.224],[13.045,41.226],[12.989,41.325],[12.950,41.362],[12.903,41.390],[12.840,41.414],[12.780,41.417],[12.765,41.410],[12.672,41.455],[12.622,41.444]],[[12.650,41.747],[12.648,41.746],[12.654,41.734],[12.660,41.735],[12.650,41.747]],[[12.457,41.905],[12.450,41.906],[12.445,41.901],[12.456,41.900],[12.457,41.905]],[[12.661,41.454],[12.663,41.454],[12.663,41.454],[12.661,41.454]]],[[[12.967,40.921],[12.959,40.896],[12.967,40.893],[12.954,40.879],[12.947,40.887],[12.954,40.894],[12.942,40.900],[12.949,40.917],[12.982,40.935],[12.994,40.933],[12.967,40.921]]],[[[13.427,40.789],[13.414,40.784],[13.407,40.785],[13.431,40.803],[13.427,40.789]]],[[[12.860,40.929],[12.851,40.925],[12.856,40.941],[12.854,40.949],[12.860,40.929]]],[[[13.058,40.965],[13.050,40.965],[13.048,40.970],[13.061,40.973],[13.058,40.965]]],[[[13.455,40.787],[13.450,40.788],[13.452,40.792],[13.458,40.789],[13.455,40.787]]],[[[13.000,40.932],[12.997,40.935],[13.003,40.937],[13.003,40.935],[13.000,40.932]]],[[[12.848,40.924],[12.849,40.923],[12.847,40.922],[12.847,40.925],[12.848,40.924]]],[[[12.848,40.919],[12.847,40.921],[12.848,40.922],[12.849,40.921],[12.848,40.919]]],[[[12.850,40.943],[12.850,40.943],[12.850,40.942],[12.849,40.942],[12.850,40.943]]],[[[12.852,40.942],[12.851,40.942],[12.852,40.943],[12.853,40.943],[12.852,40.942]]],[[[12.965,40.883],[12.964,40.884],[12.964,40.885],[12.965,40.885],[12.965,40.883]]],[[[12.846,40.921],[12.846,40.921],[12.847,40.922],[12.847,40.921],[12.846,40.921]]],[[[12.851,40.920],[12.850,40.920],[12.850,40.921],[12.851,40.921],[12.851,40.920]]],[[[13.104,40.838],[13.103,40.838],[13.103,40.839],[13.104,40.839],[13.104,40.838]]],[[[12.622,41.444],[12.622,41.444],[12.622,41.444],[12.622,41.444]]],[[[12.634,41.446],[12.634,41.446],[12.634,41.446],[12.634,41.446]]]]}},{"properties":{"regionId":"sicilia","iso":"IT"},"type":"Feature","geometry":{"type":"MultiPolygon","coordinates":[[[[12.443,37.788],[12.425,37.803],[12.461,37.817],[12.485,37.874],[12.459,37.908],[12.491,37.951],[12.494,37.984],[12.519,38.009],[12.491,38.017],[12.518,38.021],[12.569,38.068],[12.604,38.064],[12.645,38.078],[12.662,38.094],[12.660,38.111],[12.672,38.114],[12.688,38.105],[12.711,38.109],[12.737,38.139],[12.715,38.172],[12.730,38.189],[12.738,38.175],[12.768,38.179],[12.769,38.151],[12.779,38.150],[12.790,38.135],[12.790,38.112],[12.810,38.081],[12.854,38.049],[12.868,38.051],[12.878,38.029],[12.902,38.024],[12.975,38.039],[13.077,38.087],[13.068,38.120],[13.052,38.138],[13.072,38.141],[13.084,38.161],[13.076,38.172],[13.105,38.190],[13.159,38.185],[13.162,38.171],[13.191,38.169],[13.237,38.186],[13.241,38.204],[13.273,38.198],[13.296,38.217],[13.317,38.224],[13.328,38.199],[13.365,38.182],[13.374,38.154],[13.372,38.133],[13.362,38.129],[13.384,38.108],[13.442,38.094],[13.491,38.102],[13.504,38.108],[13.508,38.119],[13.537,38.112],[13.536,38.082],[13.543,38.075],[13.537,38.064],[13.566,38.038],[13.652,37.997],[13.708,37.991],[13.721,37.987],[13.703,37.989],[13.708,37.978],[13.744,37.970],[13.834,37.982],[13.945,38.028],[14.005,38.032],[14.023,38.041],[14.037,38.041],[14.032,38.036],[14.064,38.018],[14.125,38.016],[14.146,38.029],[14.169,38.018],[14.288,38.007],[14.341,38.019],[14.372,38.015],[14.426,38.040],[14.470,38.032],[14.520,38.041],[14.556,38.060],[14.585,38.059],[14.636,38.073],[14.677,38.099],[14.747,38.165],[14.787,38.151],[14.888,38.171],[14.916,38.192],[14.939,38.179],[14.969,38.152],[15.044,38.151],[15.056,38.131],[15.095,38.120],[15.173,38.153],[15.212,38.186],[15.240,38.242],[15.231,38.271],[15.252,38.246],[15.241,38.216],[15.259,38.208],[15.292,38.206],[15.425,38.241],[15.519,38.297],[15.541,38.301],[15.609,38.274],[15.652,38.267],[15.582,38.245],[15.557,38.190],[15.565,38.192],[15.563,38.199],[15.575,38.194],[15.529,38.141],[15.493,38.074],[15.349,37.923],[15.345,37.910],[15.305,37.877],[15.296,37.862],[15.305,37.851],[15.297,37.844],[15.286,37.847],[15.272,37.835],[15.265,37.815],[15.213,37.756],[15.204,37.736],[15.218,37.708],[15.199,37.676],[15.199,37.654],[15.174,37.632],[15.177,37.576],[15.148,37.556],[15.142,37.543],[15.116,37.531],[15.099,37.499],[15.090,37.499],[15.090,37.362],[15.099,37.318],[15.105,37.310],[15.139,37.306],[15.162,37.289],[15.171,37.293],[15.186,37.279],[15.204,37.294],[15.254,37.243],[15.247,37.232],[15.225,37.240],[15.224,37.216],[15.215,37.223],[15.214,37.247],[15.192,37.235],[15.194,37.224],[15.183,37.215],[15.186,37.191],[15.201,37.178],[15.206,37.153],[15.220,37.150],[15.233,37.159],[15.244,37.145],[15.229,37.152],[15.219,37.143],[15.220,37.129],[15.236,37.115],[15.258,37.109],[15.267,37.116],[15.268,37.115],[15.262,37.106],[15.295,37.106],[15.300,37.085],[15.291,37.067],[15.298,37.059],[15.296,37.052],[15.289,37.063],[15.274,37.062],[15.275,37.039],[15.288,37.032],[15.300,37.042],[15.312,37.038],[15.336,37.007],[15.335,37.001],[15.314,37.003],[15.301,37.015],[15.274,37.006],[15.264,36.997],[15.262,36.975],[15.208,36.963],[15.153,36.914],[15.136,36.866],[15.126,36.865],[15.110,36.848],[15.109,36.816],[15.094,36.799],[15.102,36.757],[15.119,36.744],[15.123,36.701],[15.140,36.685],[15.131,36.666],[15.115,36.674],[15.078,36.646],[15.070,36.658],[15.056,36.661],[15.043,36.687],[15.017,36.702],[14.956,36.694],[14.910,36.724],[14.876,36.731],[14.834,36.722],[14.826,36.715],[14.839,36.707],[14.816,36.716],[14.780,36.703],[14.746,36.720],[14.689,36.721],[14.638,36.761],[14.588,36.777],[14.493,36.786],[14.459,36.814],[14.444,36.870],[14.382,36.956],[14.326,37.012],[14.269,37.053],[14.167,37.092],[14.078,37.109],[13.981,37.109],[13.931,37.094],[13.895,37.097],[13.858,37.112],[13.844,37.133],[13.823,37.144],[13.751,37.149],[13.726,37.170],[13.663,37.193],[13.641,37.227],[13.555,37.285],[13.537,37.282],[13.510,37.291],[13.482,37.288],[13.448,37.296],[13.426,37.306],[13.401,37.333],[13.351,37.358],[13.321,37.363],[13.293,37.389],[13.271,37.391],[13.253,37.424],[13.168,37.492],[13.148,37.497],[13.130,37.492],[13.077,37.505],[13.019,37.495],[12.992,37.536],[12.964,37.561],[12.917,37.577],[12.906,37.572],[12.858,37.582],[12.780,37.580],[12.672,37.560],[12.628,37.602],[12.614,37.635],[12.560,37.662],[12.517,37.660],[12.475,37.699],[12.471,37.744],[12.443,37.788]],[[15.300,37.850],[15.299,37.850],[15.300,37.849],[15.301,37.850],[15.300,37.850]],[[15.118,36.737],[15.119,36.738],[15.119,36.738],[15.118,36.738],[15.118,36.737]],[[15.146,38.141],[15.147,38.141],[15.147,38.142],[15.147,38.142],[15.146,38.141]],[[12.732,38.180],[12.732,38.180],[12.732,38.180],[12.732,38.180],[12.732,38.180]],[[12.731,38.181],[12.732,38.181],[12.732,38.181],[12.731,38.181]],[[14.966,38.154],[14.967,38.154],[14.967,38.154],[14.967,38.154],[14.966,38.154]],[[13.537,38.070],[13.537,38.070],[13.537,38.070],[13.537,38.070]],[[15.241,37.234],[15.241,37.234],[15.241,37.234],[15.241,37.234]],[[15.612,38.256],[15.613,38.256],[15.613,38.256],[15.613,38.256],[15.612,38.256]],[[12.458,37.815],[12.459,37.815],[12.459,37.815],[12.458,37.815]],[[13.539,38.072],[13.539,38.072],[13.539,38.072],[13.539,38.072],[13.539,38.072]],[[15.239,37.235],[15.238,37.235],[15.239,37.235],[15.239,37.235]],[[12.732,38.179],[12.732,38.179],[12.733,38.180],[12.732,38.179]],[[15.145,38.141],[15.145,38.141],[15.145,38.141],[15.145,38.141],[15.145,38.141]]],[[[11.972,36.834],[12.001,36.819],[12.013,36.825],[12.052,36.793],[12.054,36.761],[12.028,36.735],[11.992,36.737],[11.926,36.802],[11.934,36.833],[11.942,36.830],[11.954,36.839],[11.972,36.834]]],[[[14.960,38.523],[14.962,38.490],[14.980,38.483],[14.955,38.474],[14.962,38.452],[14.954,38.439],[14.933,38.460],[14.912,38.465],[14.897,38.486],[14.912,38.518],[14.960,38.523]]],[[[14.864,38.583],[14.872,38.566],[14.871,38.536],[14.849,38.536],[14.795,38.561],[14.807,38.583],[14.864,38.583]]],[[[14.962,38.419],[14.963,38.412],[14.997,38.396],[15.006,38.375],[14.992,38.366],[14.954,38.381],[14.939,38.402],[14.959,38.432],[14.968,38.425],[14.962,38.419]]],[[[12.530,35.529],[12.627,35.520],[12.632,35.493],[12.607,35.495],[12.604,35.502],[12.599,35.495],[12.568,35.511],[12.518,35.519],[12.530,35.529]]],[[[12.276,37.934],[12.278,37.945],[12.288,37.941],[12.307,37.953],[12.323,37.929],[12.344,37.936],[12.369,37.922],[12.366,37.907],[12.350,37.907],[12.337,37.919],[12.286,37.915],[12.276,37.934]],[[12.282,37.924],[12.282,37.924],[12.282,37.924],[12.282,37.924]]],[[[15.214,38.771],[15.187,38.790],[15.220,38.812],[15.243,38.802],[15.214,38.771]]],[[[12.063,37.990],[12.064,37.977],[12.091,37.947],[12.044,37.958],[12.027,37.991],[12.063,37.990]]],[[[14.585,38.558],[14.593,38.555],[14.555,38.557],[14.541,38.582],[14.575,38.581],[14.585,38.558]]],[[[13.181,38.719],[13.200,38.710],[13.185,38.696],[13.152,38.693],[13.159,38.712],[13.181,38.719]]],[[[12.350,37.988],[12.333,37.986],[12.322,37.995],[12.333,38.020],[12.350,37.988]]],[[[12.449,37.896],[12.451,37.852],[12.446,37.844],[12.428,37.892],[12.454,37.905],[12.449,37.896]]],[[[12.875,35.875],[12.881,35.855],[12.858,35.855],[12.849,35.871],[12.875,35.875]]],[[[14.351,38.530],[14.341,38.534],[14.340,38.548],[14.362,38.554],[14.363,38.537],[14.351,38.530]]],[[[15.058,38.625],[15.058,38.640],[15.073,38.646],[15.075,38.631],[15.058,38.625]]],[[[15.144,36.682],[15.146,36.688],[15.154,36.688],[15.151,36.684],[15.144,36.682]]],[[[12.467,37.863],[12.464,37.868],[12.470,37.870],[12.471,37.866],[12.467,37.863]]],[[[15.117,38.661],[15.110,38.661],[15.108,38.663],[15.115,38.666],[15.117,38.661]]],[[[12.464,37.878],[12.458,37.881],[12.454,37.887],[12.465,37.879],[12.464,37.878]]],[[[13.233,38.212],[13.237,38.212],[13.237,38.208],[13.234,38.208],[13.233,38.212]]],[[[12.416,37.987],[12.414,37.988],[12.410,37.992],[12.414,37.990],[12.416,37.987]]],[[[12.302,37.913],[12.300,37.914],[12.299,37.915],[12.302,37.916],[12.302,37.913]]],[[[12.321,35.550],[12.319,35.551],[12.320,35.553],[12.322,35.552],[12.321,35.550]]],[[[12.425,37.988],[12.423,37.988],[12.423,37.989],[12.426,37.989],[12.425,37.988]]],[[[12.496,38.011],[12.492,38.011],[12.488,38.011],[12.496,38.012],[12.496,38.011]]],[[[15.106,36.790],[15.105,36.790],[15.104,36.792],[15.106,36.792],[15.106,36.790]]],[[[15.113,38.638],[15.111,38.639],[15.113,38.640],[15.115,38.639],[15.113,38.638]]],[[[12.559,35.509],[12.558,35.509],[12.557,35.510],[12.558,35.511],[12.559,35.509]]],[[[15.166,37.560],[15.165,37.561],[15.166,37.562],[15.167,37.561],[15.166,37.560]]],[[[15.096,38.638],[15.095,38.639],[15.097,38.640],[15.098,38.639],[15.096,38.638]]],[[[15.205,37.235],[15.203,37.235],[15.203,37.235],[15.204,37.236],[15.205,37.235]]],[[[15.264,36.978],[15.262,36.979],[15.263,36.979],[15.264,36.979],[15.264,36.978]]],[[[12.327,37.987],[12.328,37.987],[12.329,37.986],[12.327,37.986],[12.327,37.987]]],[[[12.289,37.913],[12.288,37.914],[12.289,37.915],[12.290,37.914],[12.289,37.913]]],[[[12.298,37.911],[12.297,37.912],[12.297,37.912],[12.298,37.912],[12.298,37.911]]],[[[15.110,38.637],[15.109,38.638],[15.109,38.638],[15.110,38.637],[15.110,38.637]]],[[[12.528,38.063],[12.528,38.064],[12.529,38.065],[12.529,38.064],[12.528,38.063]]],[[[15.108,38.664],[15.107,38.664],[15.107,38.665],[15.108,38.664],[15.108,38.664]]],[[[14.931,36.685],[14.931,36.686],[14.932,36.686],[14.932,36.686],[14.931,36.685]]],[[[15.062,38.624],[15.061,38.624],[15.063,38.624],[15.063,38.624],[15.062,38.624]]],[[[15.166,37.559],[15.165,37.559],[15.165,37.560],[15.166,37.559],[15.166,37.559]]],[[[14.938,38.399],[14.938,38.399],[14.937,38.399],[14.938,38.400],[14.938,38.399]]],[[[13.856,37.112],[13.855,37.112],[13.855,37.112],[13.856,37.112],[13.856,37.112]]],[[[15.064,38.647],[15.064,38.646],[15.064,38.646],[15.063,38.647],[15.064,38.647]]],[[[12.488,38.012],[12.488,38.012],[12.487,38.012],[12.488,38.012],[12.488,38.012]]],[[[12.456,37.862],[12.456,37.862],[12.456,37.862],[12.457,37.862],[12.456,37.862]]],[[[12.469,37.730],[12.469,37.730],[12.469,37.730],[12.468,37.730],[12.469,37.730]]],[[[15.106,38.634],[15.106,38.635],[15.106,38.635],[15.106,38.635],[15.106,38.634]]],[[[12.528,35.528],[12.528,35.528],[12.528,35.529],[12.528,35.529],[12.528,35.528]]],[[[14.493,36.786],[14.493,36.786],[14.492,36.786],[14.491,36.787],[14.493,36.786]]],[[[15.091,37.494],[15.091,37.493],[15.091,37.493],[15.091,37.493],[15.091,37.494]]],[[[13.069,38.148],[13.070,38.148],[13.070,38.148],[13.069,38.148],[13.069,38.148]]],[[[12.498,38.014],[12.498,38.013],[12.498,38.013],[12.498,38.014]]],[[[15.125,38.134],[15.125,38.134],[15.125,38.134],[15.125,38.134],[15.125,38.134]]],[[[15.203,37.293],[15.203,37.294],[15.203,37.294],[15.203,37.293],[15.203,37.293]]],[[[14.034,38.037],[14.034,38.037],[14.034,38.037],[14.034,38.037],[14.034,38.037]]],[[[12.425,37.987],[12.425,37.987],[12.425,37.987],[12.425,37.987]]],[[[13.181,38.719],[13.181,38.719],[13.181,38.719],[13.182,38.719],[13.181,38.719]]],[[[12.442,37.788],[12.443,37.788],[12.442,37.788],[12.442,37.788]]],[[[15.116,37.310],[15.116,37.310],[15.116,37.310],[15.116,37.310]]],[[[12.276,37.934],[12.276,37.934],[12.276,37.934],[12.276,37.934]]],[[[15.185,37.287],[15.185,37.287],[15.185,37.287],[15.185,37.287]]]]}},{"properties":{"regionId":"napoles","iso":"IT"},"type":"Feature","geometry":{"type":"MultiPolygon","coordinates":[[[[14.039,40.798],[14.045,40.860],[14.016,40.926],[13.978,40.976],[13.922,41.026],[13.896,41.087],[13.835,41.162],[13.762,41.222],[13.771,41.242],[13.816,41.243],[13.833,41.252],[13.840,41.262],[13.828,41.281],[13.889,41.297],[13.894,41.311],[13.873,41.335],[13.870,41.357],[13.873,41.375],[13.886,41.384],[13.861,41.418],[13.875,41.426],[13.910,41.428],[13.965,41.464],[14.007,41.451],[14.000,41.430],[14.026,41.416],[14.042,41.392],[14.084,41.400],[14.111,41.386],[14.105,41.423],[14.078,41.447],[14.082,41.465],[14.125,41.507],[14.164,41.478],[14.173,41.500],[14.240,41.497],[14.249,41.484],[14.279,41.486],[14.292,41.476],[14.284,41.472],[14.327,41.453],[14.400,41.437],[14.412,41.441],[14.427,41.429],[14.477,41.418],[14.488,41.390],[14.505,41.382],[14.551,41.379],[14.566,41.392],[14.603,41.363],[14.643,41.394],[14.660,41.393],[14.685,41.411],[14.716,41.400],[14.764,41.417],[14.771,41.441],[14.784,41.452],[14.856,41.424],[14.884,41.444],[14.946,41.456],[15.007,41.486],[15.023,41.476],[15.032,41.452],[15.043,41.456],[15.046,41.443],[15.100,41.429],[15.103,41.420],[15.086,41.407],[15.098,41.390],[15.058,41.372],[15.072,41.332],[15.130,41.317],[15.126,41.302],[15.149,41.280],[15.200,41.286],[15.199,41.279],[15.215,41.275],[15.220,41.265],[15.249,41.270],[15.275,41.249],[15.279,41.240],[15.246,41.236],[15.262,41.197],[15.223,41.181],[15.209,41.167],[15.210,41.148],[15.235,41.139],[15.264,41.105],[15.291,41.092],[15.314,41.103],[15.367,41.084],[15.401,41.105],[15.446,41.078],[15.478,41.078],[15.542,41.055],[15.563,41.031],[15.559,41.016],[15.572,40.997],[15.566,40.969],[15.542,40.946],[15.527,40.907],[15.467,40.889],[15.473,40.874],[15.460,40.867],[15.429,40.879],[15.402,40.881],[15.388,40.875],[15.375,40.885],[15.354,40.882],[15.355,40.870],[15.378,40.867],[15.377,40.836],[15.334,40.834],[15.366,40.812],[15.380,40.810],[15.366,40.798],[15.388,40.795],[15.380,40.780],[15.391,40.767],[15.379,40.750],[15.381,40.724],[15.409,40.713],[15.428,40.692],[15.503,40.663],[15.492,40.647],[15.467,40.638],[15.449,40.609],[15.474,40.592],[15.510,40.585],[15.519,40.570],[15.539,40.568],[15.526,40.557],[15.545,40.531],[15.535,40.522],[15.550,40.509],[15.535,40.499],[15.538,40.488],[15.578,40.468],[15.586,40.443],[15.647,40.414],[15.662,40.392],[15.671,40.397],[15.710,40.377],[15.704,40.342],[15.730,40.322],[15.726,40.315],[15.747,40.299],[15.792,40.289],[15.805,40.274],[15.799,40.267],[15.805,40.251],[15.787,40.236],[15.796,40.223],[15.751,40.201],[15.734,40.201],[15.729,40.186],[15.712,40.178],[15.716,40.169],[15.700,40.158],[15.709,40.139],[15.705,40.117],[15.676,40.084],[15.651,40.078],[15.675,40.063],[15.676,40.054],[15.657,40.047],[15.645,40.042],[15.626,40.056],[15.632,40.068],[15.625,40.074],[15.617,40.068],[15.573,40.078],[15.530,40.073],[15.503,40.064],[15.484,40.038],[15.460,40.033],[15.419,39.990],[15.381,40.000],[15.356,39.999],[15.314,40.031],[15.270,40.023],[15.267,40.031],[15.285,40.035],[15.271,40.074],[15.205,40.123],[15.178,40.127],[15.132,40.171],[15.112,40.177],[15.065,40.164],[15.039,40.170],[14.990,40.218],[14.968,40.222],[14.951,40.233],[14.935,40.228],[14.908,40.243],[14.906,40.253],[14.943,40.275],[14.944,40.335],[14.997,40.356],[14.999,40.389],[14.893,40.566],[14.854,40.611],[14.795,40.661],[14.747,40.677],[14.741,40.669],[14.718,40.666],[14.691,40.634],[14.624,40.647],[14.572,40.611],[14.539,40.613],[14.528,40.607],[14.486,40.627],[14.418,40.610],[14.408,40.599],[14.352,40.582],[14.324,40.569],[14.320,40.587],[14.341,40.618],[14.339,40.628],[14.351,40.634],[14.371,40.627],[14.399,40.637],[14.403,40.656],[14.430,40.665],[14.447,40.687],[14.479,40.695],[14.477,40.714],[14.455,40.747],[14.446,40.754],[14.423,40.751],[14.395,40.759],[14.324,40.819],[14.273,40.844],[14.252,40.836],[14.249,40.826],[14.223,40.829],[14.205,40.808],[14.205,40.807],[14.207,40.801],[14.187,40.792],[14.174,40.799],[14.161,40.792],[14.159,40.797],[14.173,40.802],[14.165,40.811],[14.159,40.808],[14.162,40.815],[14.123,40.820],[14.106,40.831],[14.086,40.830],[14.071,40.818],[14.081,40.812],[14.084,40.793],[14.077,40.790],[14.088,40.787],[14.089,40.777],[14.077,40.787],[14.043,40.790],[14.039,40.798]],[[14.168,40.798],[14.169,40.799],[14.168,40.798],[14.168,40.798]],[[14.170,40.799],[14.169,40.799],[14.170,40.799],[14.170,40.799]],[[14.168,40.799],[14.168,40.799],[14.167,40.799],[14.168,40.799]],[[14.213,40.819],[14.214,40.819],[14.214,40.818],[14.214,40.819],[14.213,40.819]],[[14.072,40.817],[14.072,40.816],[14.072,40.817],[14.072,40.817]],[[14.472,40.691],[14.472,40.691],[14.473,40.691],[14.472,40.691]],[[14.465,40.736],[14.465,40.736],[14.465,40.736],[14.465,40.736]],[[14.248,40.829],[14.248,40.828],[14.248,40.829],[14.248,40.829]],[[14.216,40.821],[14.216,40.821],[14.216,40.821],[14.216,40.821],[14.216,40.821]],[[14.084,40.788],[14.084,40.788],[14.084,40.787],[14.084,40.788]],[[14.086,40.787],[14.086,40.787],[14.086,40.787],[14.086,40.787]]],[[[13.871,40.760],[13.953,40.742],[13.965,40.712],[13.954,40.709],[13.954,40.700],[13.939,40.706],[13.923,40.697],[13.905,40.701],[13.873,40.696],[13.856,40.706],[13.851,40.711],[13.860,40.715],[13.858,40.738],[13.868,40.751],[13.861,40.757],[13.871,40.760]]],[[[14.260,40.561],[14.266,40.556],[14.252,40.541],[14.244,40.546],[14.197,40.536],[14.199,40.560],[14.241,40.555],[14.260,40.561]]],[[[14.020,40.757],[14.012,40.748],[14.017,40.739],[14.006,40.748],[14.004,40.745],[13.995,40.747],[13.997,40.740],[13.990,40.743],[13.994,40.749],[14.002,40.747],[14.016,40.770],[14.026,40.760],[14.020,40.757]]],[[[14.434,40.583],[14.436,40.582],[14.436,40.581],[14.432,40.582],[14.434,40.583]]],[[[14.376,40.587],[14.375,40.587],[14.377,40.589],[14.377,40.587],[14.376,40.587]]],[[[14.900,40.250],[14.899,40.250],[14.899,40.251],[14.900,40.252],[14.900,40.250]]],[[[14.428,40.582],[14.429,40.582],[14.431,40.581],[14.428,40.580],[14.428,40.582]]],[[[14.039,40.798],[14.035,40.798],[14.035,40.800],[14.035,40.799],[14.039,40.798]]],[[[14.430,40.579],[14.429,40.579],[14.429,40.580],[14.430,40.580],[14.430,40.579]]],[[[14.253,40.539],[14.252,40.539],[14.251,40.539],[14.253,40.540],[14.253,40.539]]],[[[14.463,40.728],[14.462,40.729],[14.463,40.730],[14.464,40.729],[14.463,40.728]]],[[[14.252,40.540],[14.252,40.541],[14.253,40.541],[14.253,40.540],[14.252,40.540]]],[[[14.256,40.542],[14.256,40.543],[14.256,40.543],[14.257,40.543],[14.256,40.542]]],[[[14.186,40.791],[14.186,40.792],[14.187,40.792],[14.187,40.791],[14.186,40.791]]],[[[15.294,40.023],[15.294,40.023],[15.294,40.024],[15.294,40.024],[15.294,40.023]]],[[[14.207,40.802],[14.207,40.803],[14.207,40.803],[14.207,40.802],[14.207,40.802]]],[[[14.477,40.696],[14.478,40.696],[14.476,40.696],[14.477,40.696]]],[[[14.477,40.695],[14.477,40.695],[14.478,40.696],[14.477,40.695]]],[[[14.159,40.808],[14.159,40.807],[14.158,40.807],[14.158,40.807],[14.159,40.808]]],[[[14.221,40.826],[14.221,40.826],[14.221,40.826],[14.221,40.826],[14.221,40.826]]],[[[14.220,40.826],[14.220,40.826],[14.220,40.826],[14.220,40.826],[14.220,40.826]]],[[[14.221,40.825],[14.221,40.826],[14.221,40.825],[14.221,40.825]]],[[[14.221,40.825],[14.222,40.825],[14.221,40.825],[14.221,40.825]]],[[[14.207,40.801],[14.207,40.801],[14.207,40.801],[14.207,40.801]]],[[[14.075,40.820],[14.075,40.821],[14.075,40.820],[14.075,40.820]]]]}},{"properties":{"regionId":"cataluna","iso":"ES"},"type":"Feature","geometry":{"type":"MultiPolygon","coordinates":[[[[0.716,42.858],[0.855,42.826],[0.926,42.789],[0.960,42.805],[0.983,42.786],[1.078,42.788],[1.166,42.708],[1.229,42.727],[1.252,42.714],[1.357,42.719],[1.351,42.702],[1.389,42.687],[1.387,42.668],[1.413,42.655],[1.443,42.602],[1.426,42.582],[1.444,42.568],[1.413,42.535],[1.450,42.539],[1.468,42.510],[1.419,42.483],[1.441,42.475],[1.455,42.436],[1.551,42.432],[1.561,42.458],[1.579,42.449],[1.597,42.466],[1.657,42.468],[1.669,42.504],[1.703,42.489],[1.725,42.504],[1.730,42.492],[1.834,42.482],[1.891,42.447],[1.936,42.454],[1.965,42.380],[2.015,42.347],[2.084,42.361],[2.148,42.420],[2.206,42.417],[2.256,42.438],[2.432,42.393],[2.433,42.377],[2.480,42.340],[2.532,42.332],[2.571,42.358],[2.671,42.340],[2.651,42.386],[2.670,42.387],[2.673,42.404],[2.753,42.426],[2.777,42.411],[2.839,42.459],[2.918,42.456],[2.947,42.482],[2.967,42.465],[3.040,42.473],[3.085,42.425],[3.174,42.435],[3.152,42.393],[3.153,42.391],[3.159,42.388],[3.166,42.389],[3.155,42.379],[3.162,42.360],[3.196,42.334],[3.229,42.351],[3.238,42.348],[3.249,42.329],[3.267,42.340],[3.322,42.319],[3.286,42.303],[3.286,42.293],[3.299,42.284],[3.290,42.282],[3.276,42.287],[3.276,42.279],[3.287,42.265],[3.253,42.252],[3.264,42.237],[3.229,42.251],[3.218,42.232],[3.162,42.264],[3.111,42.205],[3.123,42.128],[3.176,42.111],[3.212,42.068],[3.196,42.042],[3.195,42.012],[3.233,41.950],[3.225,41.945],[3.225,41.945],[3.221,41.944],[3.217,41.942],[3.215,41.929],[3.220,41.922],[3.209,41.901],[3.202,41.891],[3.182,41.886],[3.181,41.882],[3.183,41.881],[3.178,41.878],[3.176,41.866],[3.129,41.841],[3.102,41.844],[3.056,41.787],[3.046,41.788],[3.048,41.782],[3.043,41.781],[3.043,41.778],[3.029,41.779],[3.030,41.770],[3.011,41.772],[2.977,41.757],[2.934,41.720],[2.934,41.715],[2.902,41.709],[2.887,41.701],[2.853,41.699],[2.819,41.688],[2.789,41.669],[2.774,41.647],[2.555,41.579],[2.369,41.490],[2.266,41.459],[2.198,41.386],[2.171,41.334],[2.186,41.366],[2.184,41.380],[2.115,41.290],[1.934,41.262],[1.732,41.207],[1.513,41.177],[1.394,41.131],[1.297,41.127],[1.220,41.083],[1.249,41.108],[1.207,41.100],[1.170,41.054],[1.123,41.074],[0.987,41.040],[0.862,40.947],[0.741,40.823],[0.699,40.803],[0.708,40.786],[0.729,40.770],[0.736,40.766],[0.780,40.768],[0.730,40.789],[0.765,40.792],[0.830,40.732],[0.872,40.734],[0.880,40.718],[0.867,40.692],[0.757,40.641],[0.702,40.580],[0.669,40.560],[0.617,40.553],[0.594,40.578],[0.648,40.572],[0.657,40.578],[0.660,40.591],[0.708,40.590],[0.745,40.636],[0.601,40.622],[0.604,40.609],[0.590,40.612],[0.537,40.567],[0.514,40.523],[0.448,40.541],[0.433,40.565],[0.443,40.578],[0.402,40.601],[0.278,40.630],[0.267,40.659],[0.291,40.688],[0.262,40.705],[0.236,40.701],[0.226,40.733],[0.197,40.724],[0.159,40.750],[0.175,40.741],[0.175,40.754],[0.229,40.767],[0.233,40.786],[0.278,40.821],[0.238,40.884],[0.293,40.970],[0.258,41.014],[0.279,41.020],[0.217,41.043],[0.230,41.055],[0.220,41.082],[0.201,41.084],[0.200,41.126],[0.213,41.137],[0.247,41.130],[0.252,41.150],[0.291,41.156],[0.322,41.225],[0.381,41.236],[0.385,41.278],[0.348,41.328],[0.373,41.351],[0.320,41.394],[0.355,41.451],[0.342,41.484],[0.396,41.490],[0.446,41.542],[0.428,41.602],[0.349,41.599],[0.357,41.631],[0.326,41.662],[0.328,41.681],[0.384,41.740],[0.395,41.731],[0.398,41.757],[0.468,41.764],[0.483,41.801],[0.515,41.822],[0.543,41.820],[0.554,41.852],[0.580,41.850],[0.607,41.871],[0.592,41.884],[0.594,41.917],[0.607,41.919],[0.561,41.938],[0.586,41.966],[0.604,41.960],[0.617,41.988],[0.638,41.994],[0.641,41.982],[0.657,42.001],[0.651,42.026],[0.699,42.106],[0.695,42.151],[0.713,42.163],[0.698,42.172],[0.702,42.190],[0.764,42.322],[0.740,42.336],[0.771,42.350],[0.722,42.367],[0.746,42.384],[0.690,42.487],[0.739,42.505],[0.721,42.524],[0.749,42.534],[0.741,42.544],[0.767,42.611],[0.698,42.628],[0.695,42.658],[0.659,42.688],[0.676,42.690],[0.680,42.723],[0.642,42.753],[0.667,42.775],[0.645,42.782],[0.670,42.801],[0.659,42.838],[0.716,42.858]],[[0.737,40.637],[0.736,40.638],[0.734,40.639],[0.735,40.637],[0.737,40.637]],[[3.286,42.333],[3.285,42.333],[3.286,42.332],[3.286,42.332],[3.286,42.333]],[[3.204,42.074],[3.205,42.073],[3.206,42.073],[3.205,42.074],[3.204,42.074]],[[3.242,42.340],[3.241,42.339],[3.243,42.339],[3.243,42.339],[3.242,42.340]],[[3.197,42.084],[3.197,42.084],[3.197,42.084],[3.197,42.084],[3.197,42.084]],[[3.217,41.924],[3.217,41.924],[3.217,41.924],[3.218,41.924],[3.217,41.924]],[[3.080,41.824],[3.080,41.823],[3.081,41.823],[3.081,41.824],[3.080,41.824]],[[3.047,41.783],[3.046,41.783],[3.046,41.783],[3.047,41.783],[3.047,41.783]],[[3.166,42.113],[3.166,42.114],[3.166,42.113],[3.166,42.113],[3.166,42.113]],[[3.153,41.861],[3.153,41.861],[3.153,41.860],[3.153,41.861],[3.153,41.861]],[[3.297,42.328],[3.298,42.328],[3.298,42.328],[3.298,42.328],[3.297,42.328]],[[2.886,41.701],[2.886,41.701],[2.886,41.701],[2.886,41.701],[2.886,41.701]],[[3.218,41.924],[3.218,41.924],[3.217,41.924],[3.217,41.924],[3.218,41.924]],[[3.270,42.338],[3.270,42.338],[3.271,42.338],[3.271,42.338],[3.270,42.338]],[[0.707,40.635],[0.707,40.635],[0.707,40.635],[0.707,40.635],[0.707,40.635]],[[3.047,41.784],[3.047,41.784],[3.046,41.784],[3.047,41.784],[3.047,41.784]],[[3.298,42.327],[3.298,42.327],[3.298,42.327],[3.298,42.327],[3.298,42.327]],[[3.059,41.792],[3.059,41.791],[3.059,41.791],[3.059,41.791],[3.059,41.792]],[[3.209,41.905],[3.209,41.905],[3.208,41.905],[3.208,41.905],[3.209,41.905]],[[3.297,42.284],[3.297,42.284],[3.297,42.284],[3.297,42.284],[3.297,42.284],[3.297,42.284]],[[3.285,42.332],[3.285,42.332],[3.284,42.332],[3.284,42.332],[3.285,42.332]],[[3.196,42.084],[3.196,42.084],[3.196,42.084],[3.196,42.084],[3.196,42.084]],[[3.298,42.327],[3.298,42.327],[3.298,42.327],[3.298,42.328],[3.298,42.327]],[[3.209,41.903],[3.209,41.903],[3.209,41.902],[3.209,41.902],[3.209,41.903]],[[3.209,42.065],[3.209,42.065],[3.209,42.065],[3.209,42.065],[3.209,42.065]],[[3.047,41.783],[3.047,41.783],[3.047,41.783],[3.047,41.783],[3.047,41.783]],[[3.140,41.848],[3.140,41.848],[3.140,41.848],[3.141,41.848],[3.140,41.848]],[[3.140,41.848],[3.140,41.848],[3.140,41.848],[3.140,41.848],[3.140,41.848]],[[3.084,41.826],[3.084,41.826],[3.084,41.825],[3.084,41.825],[3.084,41.826]],[[3.261,42.335],[3.261,42.335],[3.260,42.335],[3.260,42.334],[3.261,42.335]],[[3.208,41.906],[3.208,41.906],[3.208,41.906],[3.208,41.906],[3.208,41.906]],[[3.060,41.792],[3.060,41.793],[3.060,41.793],[3.060,41.793],[3.060,41.792]],[[3.226,41.946],[3.226,41.946],[3.226,41.946],[3.226,41.946],[3.226,41.946]],[[3.206,41.899],[3.206,41.899],[3.206,41.899],[3.206,41.899],[3.206,41.899]],[[3.094,41.835],[3.094,41.835],[3.094,41.835],[3.094,41.835],[3.094,41.835]],[[3.217,41.921],[3.217,41.921],[3.218,41.921],[3.218,41.921],[3.217,41.921]],[[3.171,42.432],[3.171,42.432],[3.171,42.432],[3.171,42.432],[3.171,42.432]],[[3.141,41.848],[3.141,41.848],[3.141,41.848],[3.141,41.848],[3.141,41.848]],[[3.193,41.892],[3.192,41.892],[3.193,41.892],[3.193,41.892],[3.193,41.892]],[[3.162,42.115],[3.162,42.115],[3.161,42.115],[3.162,42.115],[3.162,42.115]],[[3.297,42.284],[3.296,42.284],[3.296,42.284],[3.297,42.284],[3.297,42.284]],[[3.165,41.862],[3.165,41.862],[3.165,41.862],[3.165,41.862],[3.165,41.862]],[[3.045,41.786],[3.045,41.786],[3.045,41.786],[3.045,41.786],[3.045,41.786]],[[3.079,41.822],[3.079,41.822],[3.079,41.822],[3.079,41.822],[3.079,41.822]],[[3.208,41.908],[3.208,41.908],[3.208,41.908],[3.208,41.908],[3.208,41.908]],[[3.193,41.892],[3.193,41.892],[3.193,41.892],[3.193,41.892],[3.193,41.892]],[[3.080,41.823],[3.080,41.823],[3.079,41.823],[3.079,41.823],[3.080,41.823]],[[3.046,41.787],[3.046,41.787],[3.046,41.787],[3.046,41.787],[3.046,41.787]],[[3.241,42.337],[3.241,42.337],[3.241,42.337],[3.241,42.337],[3.241,42.337]],[[3.301,42.326],[3.301,42.327],[3.300,42.326],[3.301,42.326],[3.301,42.326]],[[3.197,41.892],[3.197,41.892],[3.197,41.892],[3.197,41.892],[3.197,41.892]],[[3.047,41.784],[3.047,41.784],[3.047,41.784],[3.047,41.784],[3.047,41.784]],[[3.218,41.973],[3.218,41.974],[3.218,41.974],[3.218,41.973],[3.218,41.973]],[[3.226,41.946],[3.226,41.946],[3.226,41.946],[3.226,41.946],[3.226,41.946]],[[3.151,41.861],[3.151,41.861],[3.151,41.861],[3.151,41.861],[3.151,41.861]],[[3.078,41.822],[3.078,41.822],[3.078,41.822],[3.078,41.822],[3.078,41.822]],[[3.297,42.284],[3.297,42.284],[3.297,42.284],[3.297,42.284],[3.297,42.284]],[[3.279,42.333],[3.279,42.333],[3.280,42.333],[3.280,42.333],[3.279,42.333]],[[3.084,41.827],[3.084,41.827],[3.084,41.827],[3.084,41.827],[3.084,41.827]],[[3.079,41.823],[3.079,41.823],[3.079,41.823],[3.079,41.823],[3.079,41.823]],[[3.143,41.854],[3.143,41.854],[3.143,41.854],[3.143,41.854],[3.143,41.854]],[[3.209,41.903],[3.209,41.903],[3.209,41.903],[3.209,41.903],[3.209,41.903]],[[3.179,42.102],[3.179,42.103],[3.179,42.103],[3.179,42.102],[3.179,42.102]],[[3.312,42.316],[3.312,42.316],[3.313,42.316],[3.313,42.316],[3.312,42.316]],[[3.045,41.786],[3.045,41.786],[3.045,41.786],[3.045,41.786],[3.045,41.786]],[[3.193,41.890],[3.193,41.890],[3.193,41.890],[3.193,41.890],[3.193,41.890]],[[3.216,41.921],[3.216,41.921],[3.216,41.921],[3.216,41.921],[3.216,41.921]],[[3.209,41.905],[3.209,41.905],[3.209,41.905],[3.209,41.905],[3.209,41.905]],[[3.029,41.777],[3.029,41.777],[3.029,41.777],[3.029,41.777],[3.029,41.777]],[[3.175,42.111],[3.175,42.111],[3.175,42.111],[3.175,42.111],[3.175,42.111]],[[3.271,42.338],[3.271,42.338],[3.271,42.338],[3.271,42.338],[3.271,42.338]],[[3.086,41.825],[3.086,41.825],[3.085,41.825],[3.085,41.825],[3.086,41.825]],[[3.046,41.783],[3.046,41.783],[3.046,41.783],[3.046,41.783],[3.046,41.783]],[[3.046,41.787],[3.046,41.787],[3.045,41.787],[3.045,41.787],[3.046,41.787]],[[3.143,41.855],[3.142,41.855],[3.142,41.855],[3.143,41.855],[3.143,41.855]],[[3.208,41.908],[3.207,41.908],[3.207,41.908],[3.208,41.908],[3.208,41.908]],[[3.216,41.937],[3.216,41.937],[3.216,41.937],[3.216,41.937],[3.216,41.937]],[[3.299,42.327],[3.299,42.327],[3.299,42.327],[3.299,42.327],[3.299,42.327]],[[3.204,41.896],[3.204,41.896],[3.204,41.896],[3.204,41.896],[3.204,41.896]],[[3.184,42.100],[3.184,42.100],[3.184,42.100],[3.184,42.100],[3.184,42.100]],[[3.167,41.863],[3.167,41.863],[3.167,41.863],[3.167,41.863],[3.167,41.863]],[[3.239,42.340],[3.239,42.340],[3.239,42.340],[3.239,42.340],[3.239,42.340]],[[2.885,41.702],[2.885,41.702],[2.885,41.702],[2.885,41.702],[2.885,41.702]],[[3.167,41.863],[3.167,41.863],[3.167,41.863],[3.166,41.863],[3.167,41.863]],[[3.206,41.900],[3.206,41.899],[3.206,41.899],[3.206,41.900],[3.206,41.900]],[[3.166,42.425],[3.166,42.425],[3.166,42.425],[3.166,42.425],[3.166,42.425]],[[3.199,41.891],[3.199,41.891],[3.199,41.891],[3.199,41.891],[3.199,41.891]],[[3.169,41.862],[3.169,41.863],[3.169,41.863],[3.169,41.862],[3.169,41.862]],[[3.090,41.832],[3.090,41.832],[3.090,41.832],[3.090,41.832],[3.090,41.832]],[[3.239,42.340],[3.239,42.340],[3.239,42.340],[3.239,42.340],[3.239,42.340]],[[3.169,41.862],[3.169,41.862],[3.169,41.862],[3.169,41.862],[3.169,41.862]],[[3.229,41.954],[3.229,41.954],[3.230,41.954],[3.230,41.954],[3.229,41.954]],[[3.167,41.863],[3.167,41.863],[3.167,41.863],[3.167,41.863],[3.167,41.863]],[[3.094,41.835],[3.093,41.835],[3.093,41.835],[3.094,41.835],[3.094,41.835]],[[3.165,41.862],[3.165,41.862],[3.165,41.862],[3.165,41.862],[3.165,41.862]],[[3.191,41.889],[3.191,41.889],[3.191,41.889],[3.191,41.889],[3.191,41.889]],[[3.169,41.862],[3.169,41.862],[3.169,41.862],[3.169,41.862],[3.169,41.862]],[[3.094,41.835],[3.094,41.835],[3.094,41.835],[3.094,41.835],[3.094,41.835]],[[3.227,42.249],[3.227,42.249],[3.227,42.249],[3.227,42.249],[3.227,42.249]],[[3.152,41.861],[3.152,41.861],[3.152,41.861],[3.152,41.861],[3.152,41.861]],[[3.082,41.825],[3.082,41.825],[3.082,41.825],[3.082,41.825],[3.082,41.825]],[[3.215,41.935],[3.215,41.935],[3.215,41.935],[3.216,41.935],[3.215,41.935]],[[3.204,41.895],[3.204,41.895],[3.204,41.895],[3.204,41.895],[3.204,41.895]],[[3.204,41.896],[3.204,41.896],[3.204,41.896],[3.204,41.896],[3.204,41.896]],[[3.228,41.948],[3.228,41.948],[3.228,41.948],[3.228,41.948],[3.228,41.948]],[[3.240,42.339],[3.240,42.339],[3.240,42.339],[3.240,42.339],[3.240,42.339]],[[3.165,41.861],[3.165,41.861],[3.165,41.861],[3.165,41.861],[3.165,41.861]],[[3.170,42.104],[3.170,42.104],[3.170,42.104],[3.170,42.104],[3.170,42.104]],[[3.193,41.890],[3.193,41.890],[3.193,41.890],[3.193,41.890],[3.193,41.890]],[[3.138,41.848],[3.138,41.848],[3.138,41.848],[3.138,41.848],[3.138,41.848]],[[3.156,42.117],[3.156,42.117],[3.156,42.117],[3.156,42.117],[3.156,42.117]],[[3.122,42.136],[3.122,42.136],[3.122,42.136],[3.122,42.136],[3.122,42.136]],[[3.193,41.892],[3.193,41.892],[3.193,41.892],[3.193,41.892],[3.193,41.892]],[[3.228,41.948],[3.228,41.948],[3.228,41.948],[3.228,41.948],[3.228,41.948]],[[3.184,42.099],[3.184,42.099],[3.184,42.099],[3.184,42.099],[3.184,42.099]],[[3.238,42.344],[3.238,42.344],[3.238,42.344],[3.238,42.344],[3.238,42.344]],[[3.204,41.897],[3.204,41.897],[3.204,41.897],[3.204,41.897],[3.204,41.897]],[[3.091,41.831],[3.091,41.832],[3.091,41.832],[3.091,41.831],[3.091,41.831]],[[3.184,42.100],[3.184,42.100],[3.184,42.100],[3.184,42.100],[3.184,42.100]],[[3.193,41.889],[3.193,41.889],[3.193,41.890],[3.193,41.889],[3.193,41.889]],[[3.091,41.832],[3.091,41.832],[3.091,41.832],[3.091,41.832],[3.091,41.832]],[[3.193,41.892],[3.193,41.892],[3.193,41.892],[3.193,41.892],[3.193,41.892]],[[3.290,42.306],[3.290,42.306],[3.290,42.306],[3.290,42.306],[3.290,42.306]],[[3.094,41.836],[3.094,41.836],[3.094,41.836],[3.094,41.836],[3.094,41.836]],[[3.162,42.115],[3.162,42.115],[3.162,42.115],[3.162,42.115],[3.162,42.115]],[[3.208,41.912],[3.208,41.912],[3.208,41.912],[3.208,41.912],[3.208,41.912]],[[3.167,41.863],[3.167,41.863],[3.167,41.863],[3.167,41.863]],[[3.207,41.908],[3.207,41.908],[3.207,41.908],[3.207,41.908],[3.207,41.908]],[[3.298,42.284],[3.298,42.284],[3.297,42.284],[3.297,42.284],[3.298,42.284]],[[3.166,41.863],[3.166,41.863],[3.166,41.863],[3.166,41.863],[3.166,41.863]],[[3.163,41.861],[3.163,41.861],[3.163,41.861],[3.163,41.861]],[[3.163,41.861],[3.163,41.861],[3.163,41.861],[3.163,41.861]],[[3.311,42.320],[3.311,42.320],[3.311,42.320],[3.311,42.320],[3.311,42.320]],[[3.208,41.906],[3.208,41.906],[3.208,41.906],[3.208,41.906]],[[3.094,41.835],[3.094,41.835],[3.094,41.835],[3.094,41.835],[3.094,41.835]],[[3.298,42.327],[3.298,42.327],[3.298,42.327],[3.298,42.327],[3.298,42.327]],[[3.094,41.836],[3.094,41.836],[3.094,41.836],[3.094,41.836],[3.094,41.836]],[[3.216,41.935],[3.216,41.935],[3.216,41.935],[3.216,41.935],[3.216,41.935]],[[3.183,41.887],[3.183,41.887],[3.183,41.887],[3.183,41.887],[3.183,41.887]],[[3.085,41.828],[3.085,41.828],[3.085,41.828],[3.085,41.828],[3.085,41.828]],[[3.230,41.955],[3.230,41.955],[3.229,41.955],[3.230,41.955],[3.230,41.955]],[[3.094,41.836],[3.094,41.836],[3.094,41.836],[3.094,41.836],[3.094,41.836]],[[3.226,41.946],[3.226,41.946],[3.226,41.946],[3.226,41.946],[3.226,41.946]],[[3.113,41.848],[3.113,41.848],[3.113,41.848],[3.113,41.848],[3.113,41.848]],[[3.183,41.887],[3.183,41.887],[3.183,41.887],[3.183,41.887],[3.183,41.887]],[[3.279,42.333],[3.279,42.333],[3.279,42.333],[3.279,42.333],[3.279,42.333]],[[3.230,41.954],[3.230,41.954],[3.230,41.954],[3.230,41.954],[3.230,41.954]],[[3.084,41.827],[3.084,41.827],[3.084,41.827],[3.084,41.827],[3.084,41.827]],[[3.230,41.955],[3.230,41.955],[3.230,41.955],[3.230,41.955],[3.230,41.955]],[[3.227,41.947],[3.226,41.947],[3.227,41.947],[3.227,41.947],[3.227,41.947]],[[3.216,41.918],[3.216,41.918],[3.216,41.918],[3.216,41.918],[3.216,41.918]],[[3.193,41.891],[3.193,41.891],[3.192,41.891],[3.193,41.891],[3.193,41.891]],[[3.181,41.880],[3.181,41.880],[3.181,41.880],[3.181,41.880],[3.181,41.880]],[[3.182,41.886],[3.182,41.886],[3.182,41.886],[3.182,41.886]],[[3.215,41.936],[3.215,41.936],[3.214,41.936],[3.215,41.936],[3.215,41.936]],[[3.297,42.328],[3.297,42.328],[3.297,42.328],[3.297,42.328],[3.297,42.328]],[[3.180,41.880],[3.180,41.880],[3.180,41.880],[3.180,41.880],[3.180,41.880]],[[3.165,41.862],[3.165,41.862],[3.165,41.862],[3.165,41.862]],[[3.259,42.335],[3.259,42.335],[3.259,42.335],[3.259,42.335],[3.259,42.335]],[[3.162,42.115],[3.162,42.116],[3.162,42.116],[3.162,42.115],[3.162,42.115]],[[3.161,41.860],[3.161,41.860],[3.161,41.860],[3.161,41.860]],[[3.300,42.326],[3.300,42.326],[3.300,42.326],[3.300,42.326],[3.300,42.326]],[[3.147,41.857],[3.147,41.857],[3.147,41.857],[3.147,41.857],[3.147,41.857]],[[3.181,41.881],[3.181,41.881],[3.181,41.881],[3.181,41.881]],[[3.285,42.332],[3.285,42.332],[3.285,42.332],[3.285,42.332],[3.285,42.332]],[[3.160,42.116],[3.159,42.116],[3.159,42.116],[3.160,42.116]],[[3.208,41.906],[3.208,41.906],[3.208,41.906],[3.208,41.906]]],[[[1.997,42.486],[1.986,42.471],[2.012,42.448],[1.956,42.457],[1.978,42.494],[1.997,42.486]]],[[[3.225,42.049],[3.223,42.044],[3.219,42.047],[3.220,42.049],[3.225,42.049]],[[3.219,42.047],[3.219,42.047],[3.219,42.047],[3.219,42.047],[3.219,42.047]]],[[[3.295,42.294],[3.297,42.293],[3.296,42.289],[3.293,42.292],[3.295,42.294]],[[3.297,42.292],[3.297,42.292],[3.296,42.292],[3.297,42.292],[3.297,42.292]]],[[[3.319,42.324],[3.320,42.323],[3.324,42.321],[3.321,42.321],[3.321,42.322],[3.318,42.323],[3.319,42.324]]],[[[0.651,40.585],[0.654,40.584],[0.655,40.581],[0.648,40.584],[0.651,40.585]]],[[[0.635,40.579],[0.634,40.578],[0.634,40.577],[0.633,40.579],[0.635,40.579]]],[[[3.227,42.044],[3.227,42.043],[3.225,42.043],[3.225,42.042],[3.225,42.042],[3.223,42.043],[3.227,42.044]]],[[[3.292,42.282],[3.293,42.281],[3.293,42.279],[3.291,42.281],[3.292,42.282]]],[[[0.648,40.584],[0.647,40.583],[0.645,40.583],[0.646,40.584],[0.648,40.584]]],[[[0.646,40.576],[0.647,40.575],[0.643,40.576],[0.644,40.576],[0.646,40.576]]],[[[3.305,42.328],[3.306,42.327],[3.304,42.327],[3.304,42.327],[3.305,42.328]]],[[[0.648,40.578],[0.648,40.578],[0.648,40.580],[0.649,40.580],[0.648,40.578]]],[[[0.649,40.575],[0.648,40.575],[0.647,40.576],[0.648,40.576],[0.649,40.575]]],[[[0.650,40.576],[0.649,40.576],[0.648,40.577],[0.649,40.577],[0.650,40.576]]],[[[3.165,42.401],[3.166,42.401],[3.165,42.400],[3.165,42.401],[3.165,42.401]]],[[[0.642,40.575],[0.642,40.575],[0.641,40.576],[0.641,40.577],[0.642,40.575]]],[[[0.645,40.582],[0.645,40.582],[0.644,40.583],[0.646,40.582],[0.645,40.582]]],[[[0.643,40.576],[0.643,40.576],[0.641,40.578],[0.642,40.578],[0.643,40.576]]],[[[3.295,42.295],[3.296,42.294],[3.296,42.293],[3.295,42.294],[3.295,42.295]]],[[[0.646,40.578],[0.645,40.578],[0.645,40.579],[0.646,40.578],[0.646,40.578]]],[[[0.634,40.582],[0.635,40.582],[0.635,40.581],[0.635,40.581],[0.634,40.582]]],[[[0.615,40.576],[0.614,40.576],[0.614,40.576],[0.615,40.577],[0.615,40.576]]],[[[3.331,42.320],[3.332,42.319],[3.331,42.319],[3.331,42.319],[3.331,42.320]]],[[[0.644,40.575],[0.645,40.575],[0.646,40.574],[0.644,40.574],[0.644,40.575]]],[[[0.639,40.581],[0.638,40.581],[0.638,40.582],[0.639,40.582],[0.639,40.581]]],[[[3.308,42.292],[3.308,42.292],[3.309,42.291],[3.308,42.291],[3.308,42.292]]],[[[0.643,40.582],[0.642,40.583],[0.642,40.583],[0.643,40.583],[0.643,40.582]]],[[[0.648,40.574],[0.647,40.574],[0.647,40.574],[0.648,40.574],[0.648,40.574]]],[[[0.642,40.581],[0.641,40.582],[0.641,40.582],[0.642,40.582],[0.642,40.581]]],[[[3.056,41.787],[3.056,41.786],[3.054,41.787],[3.055,41.787],[3.056,41.787]]],[[[0.633,40.581],[0.633,40.581],[0.633,40.581],[0.633,40.581],[0.633,40.581]]],[[[0.642,40.579],[0.643,40.579],[0.644,40.578],[0.643,40.578],[0.642,40.579]]],[[[0.643,40.579],[0.642,40.579],[0.642,40.580],[0.642,40.580],[0.643,40.579]]],[[[3.228,42.041],[3.228,42.041],[3.227,42.041],[3.228,42.041],[3.228,42.041]]],[[[2.940,41.719],[2.939,41.720],[2.939,41.720],[2.940,41.720],[2.940,41.719]]],[[[0.638,40.579],[0.638,40.579],[0.637,40.580],[0.638,40.579],[0.638,40.579]]],[[[3.309,42.292],[3.309,42.292],[3.309,42.291],[3.308,42.292],[3.309,42.292]]],[[[0.859,40.735],[0.859,40.735],[0.858,40.735],[0.859,40.735],[0.859,40.735]]],[[[0.645,40.584],[0.645,40.583],[0.644,40.584],[0.644,40.584],[0.645,40.584]]],[[[3.217,41.938],[3.218,41.937],[3.217,41.937],[3.217,41.937],[3.217,41.938]]],[[[0.646,40.574],[0.646,40.574],[0.646,40.575],[0.646,40.575],[0.646,40.574]]],[[[3.264,42.237],[3.264,42.237],[3.263,42.237],[3.263,42.237],[3.264,42.237]]],[[[0.650,40.583],[0.649,40.582],[0.649,40.583],[0.649,40.583],[0.650,40.583]]],[[[3.227,42.042],[3.227,42.042],[3.227,42.041],[3.226,42.041],[3.227,42.042]]],[[[3.179,41.868],[3.179,41.867],[3.178,41.867],[3.178,41.868],[3.179,41.868]]],[[[3.178,41.867],[3.179,41.867],[3.178,41.867],[3.178,41.867],[3.178,41.867]]],[[[3.032,41.772],[3.032,41.772],[3.032,41.771],[3.032,41.772],[3.032,41.772]]],[[[0.637,40.581],[0.636,40.581],[0.636,40.582],[0.636,40.581],[0.637,40.581]]],[[[3.185,41.862],[3.185,41.862],[3.186,41.862],[3.185,41.862],[3.185,41.862]]],[[[2.911,41.707],[2.912,41.707],[2.912,41.707],[2.911,41.707],[2.911,41.707]]],[[[2.827,41.689],[2.826,41.689],[2.826,41.689],[2.826,41.690],[2.827,41.689]]],[[[0.641,40.581],[0.641,40.581],[0.641,40.581],[0.641,40.581],[0.641,40.581]]],[[[3.187,41.862],[3.187,41.862],[3.187,41.862],[3.187,41.862],[3.187,41.862]]],[[[3.324,42.322],[3.323,42.321],[3.323,42.321],[3.323,42.322],[3.324,42.322]]],[[[2.896,41.703],[2.896,41.703],[2.895,41.703],[2.895,41.703],[2.896,41.703]]],[[[2.945,41.725],[2.946,41.725],[2.946,41.725],[2.945,41.725],[2.945,41.725]]],[[[3.291,42.303],[3.291,42.302],[3.292,42.302],[3.291,42.302],[3.291,42.303]]],[[[3.291,42.279],[3.291,42.279],[3.291,42.279],[3.291,42.279],[3.291,42.279]]],[[[0.644,40.580],[0.644,40.580],[0.644,40.581],[0.644,40.581],[0.644,40.580]]],[[[3.131,42.128],[3.131,42.128],[3.131,42.128],[3.131,42.128],[3.131,42.128],[3.131,42.128]]],[[[3.283,42.273],[3.283,42.273],[3.283,42.273],[3.283,42.273],[3.283,42.273]]],[[[3.234,41.962],[3.234,41.962],[3.233,41.962],[3.233,41.962],[3.234,41.962]]],[[[2.965,41.745],[2.965,41.745],[2.965,41.745],[2.965,41.745],[2.965,41.745]]],[[[2.803,41.673],[2.803,41.673],[2.803,41.673],[2.803,41.673],[2.803,41.673]]],[[[3.165,42.361],[3.165,42.361],[3.164,42.362],[3.165,42.361],[3.165,42.361]]],[[[1.360,41.128],[1.360,41.129],[1.360,41.129],[1.360,41.129],[1.360,41.128]]],[[[3.094,41.834],[3.094,41.834],[3.094,41.834],[3.094,41.834],[3.094,41.834]]],[[[3.322,42.318],[3.322,42.318],[3.322,42.318],[3.321,42.318],[3.322,42.318]]],[[[2.792,41.670],[2.792,41.670],[2.792,41.670],[2.792,41.670],[2.792,41.670]]],[[[3.192,42.240],[3.192,42.240],[3.192,42.240],[3.192,42.240],[3.192,42.240]]],[[[3.287,42.281],[3.286,42.281],[3.286,42.281],[3.286,42.281],[3.287,42.281]]],[[[3.310,42.311],[3.310,42.312],[3.309,42.312],[3.310,42.312],[3.310,42.311]]],[[[3.300,42.305],[3.301,42.305],[3.301,42.305],[3.300,42.305],[3.300,42.305]]],[[[3.291,42.298],[3.290,42.298],[3.290,42.298],[3.290,42.298],[3.291,42.298]]],[[[3.260,42.336],[3.260,42.336],[3.260,42.336],[3.260,42.336],[3.260,42.336]]],[[[3.277,42.337],[3.277,42.337],[3.277,42.337],[3.277,42.337],[3.277,42.337]]],[[[3.210,42.062],[3.210,42.062],[3.210,42.062],[3.210,42.062],[3.210,42.062]]],[[[3.046,41.779],[3.045,41.779],[3.045,41.779],[3.046,41.779],[3.046,41.779]]],[[[0.640,40.577],[0.640,40.576],[0.639,40.577],[0.639,40.577],[0.640,40.577]]],[[[3.291,42.279],[3.292,42.279],[3.292,42.279],[3.291,42.279],[3.291,42.279]]],[[[3.165,42.400],[3.165,42.400],[3.164,42.399],[3.164,42.400],[3.165,42.400]]],[[[3.309,42.290],[3.309,42.290],[3.309,42.290],[3.309,42.290],[3.309,42.290]]],[[[3.123,42.136],[3.123,42.136],[3.123,42.136],[3.123,42.136],[3.123,42.136]]],[[[3.316,42.313],[3.316,42.313],[3.316,42.313],[3.315,42.313],[3.316,42.313]]],[[[3.234,42.350],[3.234,42.350],[3.234,42.350],[3.234,42.350],[3.234,42.350]]],[[[3.221,42.051],[3.221,42.051],[3.221,42.052],[3.221,42.051],[3.221,42.051]]],[[[3.123,42.132],[3.123,42.132],[3.123,42.132],[3.123,42.132],[3.123,42.132]]],[[[3.028,41.770],[3.027,41.770],[3.027,41.770],[3.028,41.770],[3.028,41.770]]],[[[2.945,41.726],[2.945,41.725],[2.945,41.726],[2.945,41.726],[2.945,41.726]]],[[[3.129,41.840],[3.129,41.840],[3.129,41.841],[3.129,41.840],[3.129,41.840]]],[[[3.165,42.411],[3.165,42.411],[3.165,42.411],[3.165,42.411],[3.165,42.411]]],[[[3.044,41.778],[3.044,41.778],[3.043,41.778],[3.044,41.778],[3.044,41.778]]],[[[2.870,41.699],[2.869,41.699],[2.869,41.699],[2.870,41.699],[2.870,41.699]]],[[[3.227,41.944],[3.227,41.944],[3.226,41.944],[3.227,41.944],[3.227,41.944]]],[[[3.167,42.368],[3.167,42.368],[3.167,42.368],[3.167,42.368],[3.167,42.368]]],[[[3.316,42.313],[3.316,42.313],[3.316,42.313],[3.316,42.313],[3.316,42.313]]],[[[2.982,41.759],[2.982,41.758],[2.982,41.759],[2.982,41.759],[2.982,41.759]]],[[[3.045,41.779],[3.045,41.779],[3.044,41.779],[3.045,41.780],[3.045,41.779]]],[[[3.048,41.782],[3.048,41.782],[3.049,41.782],[3.048,41.782],[3.048,41.782]]],[[[3.309,42.312],[3.309,42.312],[3.309,42.311],[3.308,42.312],[3.309,42.312]]],[[[3.171,42.424],[3.170,42.424],[3.170,42.424],[3.171,42.424],[3.171,42.424]]],[[[3.193,42.240],[3.193,42.240],[3.193,42.240],[3.193,42.240],[3.193,42.240]]],[[[3.040,41.778],[3.041,41.778],[3.040,41.778],[3.040,41.778],[3.040,41.778]]],[[[3.092,41.832],[3.092,41.831],[3.092,41.832],[3.092,41.832],[3.092,41.832]]],[[[3.197,42.242],[3.197,42.242],[3.198,42.242],[3.197,42.242],[3.197,42.242]]],[[[3.167,42.389],[3.167,42.389],[3.167,42.389],[3.167,42.389],[3.167,42.389]]],[[[3.198,42.241],[3.197,42.242],[3.197,42.242],[3.198,42.242],[3.198,42.241]]],[[[2.842,41.693],[2.842,41.693],[2.842,41.693],[2.842,41.693],[2.842,41.693]]],[[[3.219,41.925],[3.219,41.925],[3.218,41.925],[3.219,41.925],[3.219,41.925]]],[[[3.226,42.041],[3.226,42.041],[3.227,42.041],[3.226,42.041],[3.226,42.041]]],[[[3.180,41.877],[3.179,41.876],[3.179,41.877],[3.179,41.877],[3.180,41.877]]],[[[2.813,41.681],[2.813,41.681],[2.814,41.682],[2.814,41.681],[2.813,41.681]]],[[[3.176,42.354],[3.175,42.354],[3.175,42.355],[3.176,42.355],[3.176,42.354]]],[[[2.838,41.692],[2.838,41.692],[2.838,41.692],[2.838,41.692],[2.838,41.692]]],[[[3.229,41.970],[3.230,41.970],[3.229,41.970],[3.229,41.970],[3.229,41.970]]],[[[2.975,41.753],[2.975,41.753],[2.975,41.753],[2.975,41.753],[2.975,41.753]]],[[[2.816,41.681],[2.816,41.681],[2.816,41.681],[2.816,41.681],[2.816,41.681]]],[[[2.807,41.676],[2.807,41.676],[2.807,41.676],[2.807,41.676],[2.807,41.676]]],[[[3.190,41.887],[3.189,41.887],[3.190,41.887],[3.190,41.887],[3.190,41.887]]],[[[3.169,42.419],[3.169,42.419],[3.169,42.419],[3.169,42.419],[3.169,42.419]]],[[[3.190,41.887],[3.190,41.887],[3.190,41.887],[3.190,41.887],[3.190,41.887]]],[[[3.225,42.042],[3.225,42.042],[3.225,42.042],[3.225,42.042],[3.225,42.042]]],[[[3.309,42.290],[3.309,42.290],[3.308,42.290],[3.309,42.290],[3.309,42.290]]],[[[3.294,42.280],[3.295,42.280],[3.294,42.280],[3.294,42.281],[3.294,42.280]]],[[[3.164,42.363],[3.164,42.363],[3.164,42.363],[3.164,42.363],[3.164,42.363]]],[[[3.154,42.391],[3.154,42.391],[3.154,42.391],[3.154,42.391],[3.154,42.391]]],[[[2.967,41.746],[2.967,41.746],[2.966,41.746],[2.967,41.747],[2.967,41.746]]],[[[3.218,42.350],[3.218,42.350],[3.217,42.350],[3.218,42.350],[3.218,42.350]]],[[[2.803,41.673],[2.803,41.674],[2.803,41.674],[2.803,41.674],[2.803,41.673]]],[[[3.218,41.938],[3.218,41.938],[3.217,41.938],[3.218,41.939],[3.218,41.938]]],[[[3.291,42.279],[3.290,42.279],[3.290,42.279],[3.291,42.279],[3.291,42.279]]],[[[3.280,42.277],[3.279,42.277],[3.279,42.277],[3.279,42.277],[3.280,42.277]]],[[[2.966,41.746],[2.966,41.746],[2.966,41.746],[2.966,41.746],[2.966,41.746]]],[[[3.183,41.881],[3.183,41.881],[3.182,41.881],[3.183,41.881],[3.183,41.881]]],[[[2.981,41.757],[2.980,41.757],[2.980,41.757],[2.980,41.757],[2.981,41.757]]],[[[3.204,42.347],[3.204,42.347],[3.204,42.347],[3.204,42.347],[3.204,42.347]]],[[[3.179,41.877],[3.179,41.877],[3.179,41.877],[3.179,41.877],[3.179,41.877]]],[[[3.165,42.362],[3.164,42.362],[3.164,42.362],[3.164,42.362],[3.165,42.362]]],[[[2.822,41.689],[2.822,41.689],[2.822,41.689],[2.822,41.689],[2.822,41.689]]],[[[3.324,42.322],[3.324,42.322],[3.324,42.322],[3.324,42.322],[3.324,42.322]]],[[[3.197,42.241],[3.197,42.241],[3.197,42.241],[3.197,42.241],[3.197,42.241]]],[[[3.124,42.130],[3.124,42.130],[3.124,42.130],[3.124,42.130],[3.124,42.130]]],[[[3.192,42.338],[3.192,42.338],[3.192,42.338],[3.191,42.338],[3.192,42.338]]],[[[3.232,41.957],[3.232,41.957],[3.231,41.957],[3.232,41.957],[3.232,41.957]]],[[[3.192,42.241],[3.192,42.241],[3.192,42.241],[3.192,42.241],[3.192,42.241]]],[[[2.827,41.690],[2.827,41.690],[2.827,41.690],[2.827,41.690],[2.827,41.690]]],[[[3.175,42.434],[3.175,42.435],[3.175,42.435],[3.175,42.435],[3.175,42.434]]],[[[3.217,41.938],[3.217,41.938],[3.217,41.938],[3.217,41.938],[3.217,41.938]]],[[[2.980,41.758],[2.980,41.758],[2.980,41.758],[2.980,41.758],[2.980,41.758]]],[[[3.218,41.926],[3.219,41.926],[3.218,41.926],[3.218,41.926],[3.218,41.926]]],[[[2.808,41.676],[2.808,41.676],[2.808,41.677],[2.808,41.677],[2.808,41.676]]],[[[3.294,42.280],[3.293,42.280],[3.293,42.280],[3.294,42.280],[3.294,42.280]]],[[[2.826,41.690],[2.826,41.690],[2.826,41.690],[2.826,41.690],[2.826,41.690]]],[[[3.286,42.281],[3.286,42.281],[3.286,42.281],[3.285,42.281],[3.286,42.281]]],[[[2.943,41.725],[2.943,41.725],[2.943,41.725],[2.943,41.725],[2.943,41.725]]],[[[3.170,42.418],[3.169,42.418],[3.169,42.418],[3.169,42.418],[3.170,42.418]]],[[[2.959,41.740],[2.959,41.740],[2.959,41.740],[2.959,41.740],[2.959,41.740]]],[[[3.187,41.861],[3.187,41.861],[3.187,41.862],[3.187,41.862],[3.187,41.861]]],[[[3.220,41.974],[3.220,41.974],[3.220,41.974],[3.220,41.974],[3.220,41.974]]],[[[3.301,42.304],[3.300,42.304],[3.300,42.305],[3.301,42.305],[3.301,42.304]]],[[[2.865,41.699],[2.865,41.698],[2.864,41.698],[2.864,41.699],[2.865,41.699]]],[[[3.183,41.881],[3.183,41.881],[3.183,41.881],[3.183,41.881],[3.183,41.881]]],[[[3.182,42.353],[3.182,42.353],[3.182,42.353],[3.182,42.353],[3.182,42.353]]],[[[3.190,42.341],[3.190,42.341],[3.190,42.341],[3.190,42.341],[3.190,42.341]]],[[[3.212,42.054],[3.212,42.054],[3.212,42.053],[3.212,42.054],[3.212,42.054]]],[[[3.179,41.877],[3.179,41.877],[3.179,41.877],[3.179,41.877],[3.179,41.877]]],[[[2.845,41.695],[2.845,41.695],[2.845,41.695],[2.845,41.695],[2.845,41.695]]],[[[3.309,42.290],[3.309,42.290],[3.309,42.290],[3.309,42.290],[3.309,42.290]]],[[[3.289,42.304],[3.289,42.304],[3.289,42.304],[3.289,42.304],[3.289,42.304]]],[[[3.230,41.968],[3.231,41.968],[3.230,41.968],[3.230,41.968],[3.230,41.968]]],[[[3.045,41.779],[3.045,41.779],[3.045,41.779],[3.045,41.780],[3.045,41.779]]],[[[3.225,41.972],[3.225,41.972],[3.225,41.972],[3.225,41.972],[3.225,41.972]]],[[[2.822,41.688],[2.822,41.688],[2.821,41.688],[2.822,41.688],[2.822,41.688]]],[[[3.169,42.420],[3.169,42.420],[3.169,42.420],[3.169,42.420],[3.169,42.420]]],[[[2.809,41.676],[2.809,41.676],[2.809,41.676],[2.809,41.676],[2.809,41.676]]],[[[3.213,42.058],[3.213,42.058],[3.212,42.058],[3.213,42.058],[3.213,42.058]]],[[[3.186,42.344],[3.185,42.344],[3.185,42.344],[3.185,42.344],[3.186,42.344]]],[[[2.972,41.752],[2.972,41.752],[2.972,41.752],[2.972,41.752],[2.972,41.752]]],[[[3.154,42.391],[3.154,42.390],[3.154,42.391],[3.154,42.391],[3.154,42.391]]],[[[2.803,41.673],[2.803,41.674],[2.803,41.674],[2.803,41.674],[2.803,41.673]]],[[[2.639,41.604],[2.639,41.604],[2.639,41.604],[2.639,41.604],[2.639,41.604]]],[[[2.828,41.690],[2.828,41.690],[2.828,41.690],[2.828,41.690],[2.828,41.690]]],[[[2.980,41.757],[2.980,41.757],[2.980,41.758],[2.980,41.758],[2.980,41.757]]],[[[3.186,41.862],[3.186,41.862],[3.186,41.862],[3.186,41.862],[3.186,41.862]]],[[[3.156,42.378],[3.156,42.378],[3.156,42.377],[3.156,42.378],[3.156,42.378]]],[[[3.183,41.881],[3.183,41.881],[3.183,41.881],[3.183,41.881],[3.183,41.881]]],[[[3.161,42.398],[3.162,42.398],[3.162,42.398],[3.161,42.398],[3.161,42.398]]],[[[2.945,41.725],[2.945,41.725],[2.945,41.725],[2.945,41.725],[2.945,41.725]]],[[[3.164,42.362],[3.164,42.362],[3.164,42.362],[3.164,42.362],[3.164,42.362]]],[[[3.320,42.322],[3.321,42.322],[3.320,42.321],[3.320,42.322],[3.320,42.322]]],[[[3.002,41.765],[3.001,41.765],[3.001,41.765],[3.001,41.765],[3.002,41.765]]],[[[3.003,41.767],[3.003,41.767],[3.003,41.767],[3.003,41.767],[3.003,41.767]]],[[[3.002,41.764],[3.002,41.764],[3.001,41.764],[3.001,41.764],[3.002,41.764]]],[[[3.231,41.957],[3.231,41.957],[3.231,41.957],[3.231,41.957],[3.231,41.957]]],[[[3.190,41.887],[3.190,41.887],[3.190,41.887],[3.190,41.887],[3.190,41.887]]],[[[3.172,42.356],[3.172,42.356],[3.172,42.356],[3.171,42.356],[3.172,42.356]]],[[[3.292,42.300],[3.292,42.300],[3.292,42.300],[3.292,42.300],[3.292,42.300]]],[[[3.229,41.962],[3.229,41.962],[3.229,41.963],[3.229,41.963],[3.229,41.962]]],[[[3.281,42.274],[3.281,42.274],[3.281,42.274],[3.281,42.274],[3.281,42.274]]],[[[3.226,41.945],[3.226,41.945],[3.226,41.945],[3.226,41.945],[3.226,41.945]]],[[[2.952,41.731],[2.952,41.731],[2.952,41.731],[2.952,41.731],[2.952,41.731]]],[[[3.183,42.352],[3.183,42.352],[3.183,42.352],[3.183,42.352],[3.183,42.352]]],[[[3.308,42.290],[3.308,42.290],[3.308,42.290],[3.308,42.290],[3.308,42.290]]],[[[3.167,42.366],[3.167,42.366],[3.167,42.366],[3.167,42.366],[3.167,42.366]]],[[[3.292,42.299],[3.292,42.299],[3.292,42.299],[3.292,42.299],[3.292,42.299]]],[[[3.093,41.832],[3.093,41.832],[3.093,41.832],[3.093,41.832],[3.093,41.832]]],[[[3.178,41.871],[3.178,41.871],[3.178,41.871],[3.178,41.871],[3.178,41.871]]],[[[3.002,41.766],[3.002,41.766],[3.002,41.766],[3.002,41.766],[3.002,41.766]]],[[[3.224,41.944],[3.224,41.944],[3.224,41.944],[3.225,41.944],[3.224,41.944]]],[[[3.167,42.388],[3.167,42.388],[3.167,42.388],[3.167,42.388],[3.167,42.388]]],[[[2.939,41.720],[2.939,41.720],[2.939,41.720],[2.939,41.720],[2.939,41.720]]],[[[2.826,41.690],[2.826,41.690],[2.826,41.690],[2.826,41.690],[2.826,41.690]]],[[[3.231,41.968],[3.231,41.968],[3.231,41.968],[3.231,41.968],[3.231,41.968]]],[[[3.222,41.944],[3.222,41.944],[3.222,41.944],[3.222,41.944],[3.222,41.944]]],[[[3.298,42.330],[3.298,42.330],[3.297,42.330],[3.298,42.330],[3.298,42.330]]],[[[3.292,42.299],[3.292,42.299],[3.292,42.299],[3.292,42.299],[3.292,42.299]]],[[[2.860,41.698],[2.860,41.698],[2.860,41.698],[2.860,41.698],[2.860,41.698]]],[[[3.211,42.346],[3.211,42.346],[3.211,42.345],[3.211,42.346],[3.211,42.346]]],[[[3.211,42.054],[3.211,42.054],[3.211,42.054],[3.211,42.054],[3.211,42.054]]],[[[3.164,42.362],[3.164,42.363],[3.164,42.363],[3.164,42.363],[3.164,42.362]]],[[[3.178,41.872],[3.178,41.872],[3.178,41.872],[3.178,41.872],[3.178,41.872]]],[[[3.298,42.288],[3.297,42.288],[3.297,42.288],[3.297,42.288],[3.298,42.288]]],[[[3.217,42.350],[3.217,42.350],[3.217,42.350],[3.217,42.350],[3.217,42.350]]],[[[3.186,42.099],[3.187,42.099],[3.187,42.099],[3.186,42.099],[3.186,42.099]]],[[[3.123,42.136],[3.123,42.136],[3.123,42.136],[3.123,42.136],[3.123,42.136]]],[[[3.225,41.944],[3.225,41.944],[3.225,41.944],[3.225,41.944],[3.225,41.944]]],[[[3.167,42.414],[3.167,42.414],[3.166,42.414],[3.167,42.414],[3.167,42.414]]],[[[3.188,42.349],[3.188,42.349],[3.188,42.349],[3.188,42.349],[3.188,42.349]]],[[[3.234,41.957],[3.234,41.957],[3.234,41.957],[3.234,41.957],[3.234,41.957]]],[[[3.166,42.366],[3.166,42.366],[3.166,42.366],[3.166,42.366],[3.166,42.366]]],[[[3.216,41.930],[3.216,41.930],[3.215,41.930],[3.216,41.930],[3.216,41.930]]],[[[3.165,42.413],[3.165,42.413],[3.165,42.413],[3.165,42.413],[3.165,42.413]]],[[[3.166,42.389],[3.166,42.390],[3.166,42.390],[3.166,42.390],[3.166,42.389]]],[[[3.161,42.398],[3.161,42.398],[3.161,42.397],[3.161,42.398],[3.161,42.398],[3.161,42.398]]],[[[3.178,42.353],[3.178,42.353],[3.178,42.353],[3.178,42.353],[3.178,42.353]]],[[[3.223,41.944],[3.223,41.944],[3.222,41.944],[3.223,41.944],[3.223,41.944]]],[[[2.939,41.720],[2.939,41.720],[2.939,41.720],[2.939,41.720],[2.939,41.720]]],[[[3.222,42.045],[3.222,42.045],[3.222,42.045],[3.222,42.045],[3.222,42.045]]],[[[3.186,41.887],[3.186,41.887],[3.186,41.887],[3.186,41.887],[3.186,41.887]]],[[[3.169,42.423],[3.169,42.422],[3.169,42.423],[3.169,42.423],[3.169,42.423]]],[[[3.177,41.869],[3.177,41.869],[3.177,41.869],[3.177,41.869],[3.177,41.869]]],[[[3.301,42.304],[3.301,42.304],[3.300,42.304],[3.301,42.304],[3.301,42.304]]],[[[2.861,41.699],[2.861,41.699],[2.861,41.699],[2.861,41.699],[2.861,41.699]]],[[[3.166,42.413],[3.166,42.413],[3.166,42.413],[3.166,42.414],[3.166,42.413]]],[[[2.845,41.694],[2.844,41.694],[2.845,41.694],[2.845,41.694],[2.845,41.694]]],[[[2.948,41.728],[2.948,41.728],[2.948,41.728],[2.948,41.728],[2.948,41.728]]],[[[3.166,42.369],[3.166,42.369],[3.166,42.369],[3.166,42.369],[3.166,42.369]]],[[[3.223,42.044],[3.223,42.044],[3.223,42.044],[3.223,42.044],[3.223,42.044]]],[[[3.179,41.871],[3.179,41.871],[3.179,41.871],[3.179,41.871],[3.179,41.871]]],[[[3.189,41.887],[3.189,41.887],[3.189,41.887],[3.190,41.887],[3.189,41.887]]],[[[3.182,41.885],[3.182,41.885],[3.182,41.885],[3.182,41.885],[3.182,41.885]]],[[[3.136,42.125],[3.136,42.125],[3.136,42.125],[3.136,42.125],[3.136,42.125]]],[[[3.161,42.410],[3.161,42.410],[3.161,42.410],[3.161,42.410],[3.161,42.410]]],[[[3.169,42.423],[3.169,42.423],[3.169,42.423],[3.169,42.423],[3.169,42.423]]],[[[3.231,41.968],[3.231,41.968],[3.231,41.968],[3.231,41.968],[3.231,41.968]]],[[[3.179,41.879],[3.179,41.879],[3.179,41.879],[3.179,41.879],[3.179,41.879]]],[[[3.229,42.243],[3.228,42.243],[3.228,42.243],[3.229,42.243],[3.229,42.243]]],[[[3.229,41.962],[3.229,41.962],[3.229,41.962],[3.229,41.962],[3.229,41.962]]],[[[3.165,42.390],[3.165,42.390],[3.165,42.390],[3.165,42.390],[3.165,42.390]]],[[[3.177,41.869],[3.177,41.869],[3.177,41.869],[3.177,41.869],[3.177,41.869]]],[[[3.178,41.868],[3.178,41.868],[3.178,41.868],[3.178,41.868],[3.178,41.868]]],[[[2.976,41.755],[2.976,41.755],[2.976,41.755],[2.976,41.755],[2.976,41.755]]],[[[3.225,42.042],[3.225,42.042],[3.225,42.042],[3.225,42.042],[3.225,42.042]]],[[[2.862,41.698],[2.862,41.698],[2.862,41.698],[2.862,41.698],[2.862,41.698]]],[[[3.169,42.423],[3.169,42.423],[3.169,42.423],[3.169,42.423],[3.169,42.423]]],[[[3.156,42.390],[3.156,42.390],[3.156,42.390],[3.156,42.390],[3.156,42.390]]],[[[3.226,41.945],[3.226,41.945],[3.226,41.945],[3.226,41.945],[3.226,41.945]]],[[[3.225,42.042],[3.225,42.042],[3.225,42.042],[3.225,42.042],[3.225,42.042]]],[[[3.303,42.327],[3.303,42.327],[3.303,42.327],[3.303,42.327],[3.303,42.327]]],[[[3.318,42.315],[3.318,42.315],[3.318,42.315],[3.318,42.315],[3.318,42.315]]],[[[3.297,42.293],[3.297,42.293],[3.297,42.293],[3.297,42.293],[3.297,42.293]]],[[[3.219,41.934],[3.219,41.934],[3.219,41.935],[3.219,41.935],[3.219,41.934]]],[[[3.172,41.863],[3.172,41.863],[3.172,41.863],[3.172,41.863],[3.172,41.863]]],[[[3.231,41.968],[3.231,41.968],[3.231,41.968],[3.231,41.968],[3.231,41.968]]],[[[3.225,41.944],[3.225,41.944],[3.225,41.944],[3.225,41.944],[3.225,41.944]]],[[[3.167,42.369],[3.167,42.369],[3.167,42.369],[3.167,42.369],[3.167,42.369]]],[[[3.225,42.043],[3.225,42.043],[3.225,42.043],[3.225,42.043],[3.225,42.043]]],[[[3.231,41.956],[3.231,41.956],[3.231,41.956],[3.231,41.956],[3.231,41.956]]],[[[3.159,42.373],[3.159,42.373],[3.159,42.373],[3.159,42.373],[3.159,42.373]]],[[[3.136,42.127],[3.136,42.127],[3.136,42.127],[3.136,42.127],[3.136,42.127]]],[[[3.226,41.945],[3.226,41.945],[3.226,41.945],[3.226,41.945],[3.226,41.945]]],[[[3.178,41.871],[3.178,41.871],[3.178,41.871],[3.178,41.871],[3.178,41.871]]],[[[3.163,42.364],[3.163,42.364],[3.163,42.364],[3.163,42.364]]],[[[3.224,41.945],[3.225,41.945],[3.225,41.945],[3.224,41.945],[3.224,41.945]]],[[[3.179,41.878],[3.179,41.878],[3.179,41.878],[3.179,41.878],[3.179,41.878]]],[[[3.166,42.369],[3.166,42.369],[3.166,42.369],[3.166,42.369],[3.166,42.369]]],[[[3.165,42.361],[3.165,42.361],[3.165,42.361],[3.165,42.361],[3.165,42.361]]],[[[3.217,41.938],[3.217,41.938],[3.217,41.937],[3.217,41.938],[3.217,41.938]]],[[[3.182,41.883],[3.182,41.883],[3.183,41.883],[3.183,41.883],[3.182,41.883]]],[[[3.224,41.944],[3.224,41.944],[3.224,41.944],[3.224,41.944],[3.224,41.944]]],[[[3.228,41.969],[3.228,41.969],[3.228,41.969],[3.228,41.969],[3.228,41.969]]],[[[3.219,41.942],[3.219,41.942],[3.219,41.942],[3.219,41.942],[3.219,41.942]]],[[[3.168,42.419],[3.168,42.419],[3.168,42.419],[3.168,42.419],[3.168,42.419]]],[[[3.230,42.244],[3.230,42.244],[3.230,42.244],[3.230,42.244],[3.230,42.244]]],[[[3.161,42.398],[3.161,42.398],[3.161,42.398],[3.161,42.398],[3.161,42.398]]],[[[3.231,41.956],[3.231,41.956],[3.231,41.956],[3.231,41.956],[3.231,41.956]]],[[[3.180,41.876],[3.180,41.876],[3.180,41.877],[3.180,41.877],[3.180,41.876]]],[[[3.231,41.969],[3.231,41.969],[3.231,41.969],[3.231,41.969],[3.231,41.969]]],[[[3.226,41.971],[3.226,41.971],[3.226,41.971],[3.226,41.971],[3.226,41.971]]],[[[3.231,41.968],[3.231,41.968],[3.231,41.968],[3.231,41.968],[3.231,41.968]]],[[[3.221,41.943],[3.221,41.943],[3.221,41.943],[3.221,41.943],[3.221,41.943]]],[[[3.230,41.968],[3.230,41.968],[3.230,41.968],[3.230,41.968],[3.230,41.968]]],[[[3.156,42.378],[3.156,42.378],[3.155,42.378],[3.156,42.378],[3.156,42.378]]],[[[3.217,41.930],[3.216,41.930],[3.216,41.930],[3.216,41.930],[3.217,41.930]]],[[[3.231,41.969],[3.231,41.969],[3.231,41.969],[3.231,41.969],[3.231,41.969]]],[[[3.230,41.956],[3.230,41.956],[3.230,41.956],[3.230,41.956],[3.230,41.956]]],[[[3.166,42.413],[3.166,42.413],[3.165,42.413],[3.166,42.413],[3.166,42.413]]],[[[3.231,41.969],[3.231,41.969],[3.231,41.969],[3.231,41.969],[3.231,41.969]]],[[[3.226,41.945],[3.226,41.945],[3.226,41.945],[3.226,41.945],[3.226,41.945]]],[[[3.190,41.887],[3.190,41.887],[3.190,41.887],[3.190,41.887],[3.190,41.887]]],[[[3.311,42.325],[3.311,42.325],[3.311,42.325],[3.311,42.325],[3.311,42.325]]],[[[3.224,41.945],[3.224,41.945],[3.224,41.945],[3.224,41.945],[3.224,41.945]]],[[[3.165,42.362],[3.165,42.362],[3.165,42.362],[3.165,42.362],[3.165,42.362]]],[[[3.324,42.322],[3.324,42.322],[3.324,42.322],[3.323,42.322],[3.324,42.322]]],[[[3.320,42.323],[3.320,42.323],[3.320,42.323],[3.320,42.323],[3.320,42.323]]],[[[3.217,41.937],[3.217,41.937],[3.217,41.938],[3.217,41.938],[3.217,41.937]]],[[[3.212,42.058],[3.212,42.058],[3.212,42.058],[3.212,42.058],[3.212,42.058]]],[[[3.231,41.956],[3.231,41.956],[3.231,41.956],[3.231,41.956],[3.231,41.956]]],[[[3.159,42.118],[3.159,42.118],[3.159,42.118],[3.159,42.118],[3.159,42.118]]],[[[3.224,41.945],[3.225,41.945],[3.224,41.945],[3.224,41.945],[3.224,41.945]]],[[[3.211,42.054],[3.211,42.054],[3.211,42.054],[3.211,42.054],[3.211,42.054]]],[[[3.260,42.340],[3.260,42.340],[3.260,42.340],[3.260,42.340],[3.260,42.340]]],[[[3.321,42.318],[3.321,42.318],[3.321,42.318],[3.321,42.318],[3.321,42.318]]],[[[3.164,42.365],[3.164,42.365],[3.164,42.365],[3.164,42.365],[3.164,42.365]]],[[[3.230,41.968],[3.230,41.968],[3.230,41.968],[3.230,41.968],[3.230,41.968]]],[[[3.197,42.242],[3.197,42.242],[3.197,42.242],[3.197,42.242],[3.197,42.242]]],[[[3.183,41.882],[3.183,41.882],[3.182,41.882],[3.182,41.882],[3.183,41.882]]],[[[3.296,42.330],[3.296,42.330],[3.296,42.330],[3.296,42.330],[3.296,42.330]]],[[[3.211,42.055],[3.211,42.055],[3.211,42.055],[3.211,42.055],[3.211,42.055]]],[[[3.226,41.970],[3.226,41.970],[3.226,41.971],[3.226,41.971],[3.226,41.970]]],[[[3.232,41.956],[3.231,41.956],[3.231,41.956],[3.232,41.956],[3.232,41.956]]],[[[3.183,41.881],[3.183,41.881],[3.183,41.881],[3.183,41.881],[3.183,41.881]]],[[[3.260,42.340],[3.260,42.340],[3.260,42.340],[3.260,42.340],[3.260,42.340]]],[[[3.231,41.969],[3.231,41.969],[3.231,41.969],[3.231,41.969],[3.231,41.969]]],[[[3.231,41.957],[3.231,41.957],[3.231,41.957],[3.231,41.957],[3.231,41.957]]],[[[3.178,41.871],[3.178,41.871],[3.178,41.871],[3.178,41.871],[3.178,41.871]]],[[[3.182,41.886],[3.182,41.886],[3.182,41.886],[3.182,41.886],[3.182,41.886]]],[[[3.231,41.969],[3.231,41.969],[3.231,41.969],[3.231,41.969]]],[[[3.178,41.871],[3.178,41.871],[3.178,41.871],[3.178,41.871],[3.178,41.871]]],[[[3.178,41.868],[3.178,41.868],[3.178,41.868],[3.178,41.868],[3.178,41.868]]],[[[3.287,42.282],[3.287,42.282],[3.287,42.282],[3.287,42.282],[3.287,42.282]]],[[[3.211,42.055],[3.211,42.055],[3.211,42.055],[3.211,42.055],[3.211,42.055]]],[[[3.222,41.944],[3.222,41.944],[3.222,41.944],[3.222,41.944],[3.222,41.944]]],[[[3.210,42.053],[3.210,42.053],[3.210,42.053],[3.210,42.053],[3.210,42.053]]],[[[3.232,41.956],[3.232,41.956],[3.232,41.956],[3.232,41.956],[3.232,41.956]]],[[[3.218,41.942],[3.218,41.942],[3.218,41.942],[3.218,41.942],[3.218,41.942]]],[[[3.179,41.872],[3.179,41.871],[3.179,41.871],[3.179,41.872]]],[[[3.279,42.337],[3.279,42.337],[3.279,42.337],[3.279,42.337],[3.279,42.337]]],[[[3.211,42.054],[3.211,42.054],[3.211,42.054],[3.211,42.054],[3.211,42.054]]],[[[3.219,42.048],[3.219,42.048],[3.219,42.048],[3.219,42.048],[3.219,42.048]]],[[[3.231,41.956],[3.231,41.956],[3.231,41.957],[3.231,41.957],[3.231,41.956]]],[[[3.172,41.863],[3.172,41.863],[3.172,41.863],[3.172,41.863],[3.172,41.863]]],[[[3.210,42.053],[3.210,42.053],[3.210,42.053],[3.210,42.053],[3.210,42.053]]],[[[3.228,41.969],[3.228,41.969],[3.228,41.970],[3.228,41.970],[3.228,41.969]]],[[[3.261,42.339],[3.261,42.339],[3.261,42.339],[3.261,42.339],[3.261,42.339]]],[[[3.311,42.325],[3.311,42.325],[3.311,42.325],[3.311,42.325],[3.311,42.325]]],[[[3.217,41.939],[3.217,41.939],[3.217,41.939],[3.217,41.939],[3.217,41.939]]],[[[3.182,41.884],[3.182,41.884],[3.182,41.885],[3.182,41.885],[3.182,41.884]]],[[[3.250,42.331],[3.250,42.331],[3.250,42.331],[3.250,42.331],[3.250,42.331]]],[[[3.183,41.882],[3.183,41.882],[3.183,41.882],[3.183,41.882],[3.183,41.882]]],[[[3.178,41.878],[3.178,41.878],[3.178,41.878],[3.178,41.878]]],[[[3.211,42.053],[3.211,42.053],[3.211,42.053],[3.211,42.053],[3.211,42.053]]],[[[3.231,41.956],[3.231,41.956],[3.231,41.956],[3.231,41.956],[3.231,41.956]]],[[[3.231,41.956],[3.231,41.956],[3.231,41.956],[3.231,41.956],[3.231,41.956]]],[[[3.219,41.942],[3.219,41.942],[3.219,41.942],[3.219,41.942],[3.219,41.942]]],[[[3.293,42.306],[3.293,42.306],[3.293,42.306],[3.293,42.306],[3.293,42.306]]],[[[3.166,42.370],[3.166,42.370],[3.166,42.370],[3.166,42.370],[3.166,42.370]]],[[[3.226,41.970],[3.226,41.970],[3.226,41.970],[3.226,41.970],[3.226,41.970]]],[[[3.209,42.053],[3.209,42.053],[3.209,42.053],[3.209,42.053],[3.209,42.053]]],[[[3.216,41.930],[3.215,41.930],[3.215,41.930],[3.216,41.930],[3.216,41.930]]],[[[3.227,41.970],[3.227,41.970],[3.227,41.970],[3.227,41.970],[3.227,41.970]]],[[[3.231,41.969],[3.231,41.969],[3.231,41.969],[3.231,41.969],[3.231,41.969]]],[[[3.178,41.871],[3.178,41.871],[3.178,41.871],[3.178,41.871],[3.178,41.871]]],[[[3.313,42.324],[3.313,42.324],[3.312,42.324],[3.312,42.324],[3.313,42.324]]],[[[3.221,42.045],[3.221,42.045],[3.221,42.045],[3.221,42.045],[3.221,42.045]]],[[[3.231,41.969],[3.231,41.969],[3.231,41.969],[3.231,41.969],[3.231,41.969]]],[[[3.260,42.340],[3.260,42.340],[3.260,42.340],[3.260,42.340],[3.260,42.340]]],[[[3.232,41.958],[3.232,41.958],[3.232,41.958],[3.232,41.958],[3.232,41.958]]],[[[3.183,41.883],[3.183,41.883],[3.182,41.883],[3.183,41.883],[3.183,41.883]]],[[[3.293,42.301],[3.292,42.301],[3.292,42.301],[3.292,42.301],[3.293,42.301]]],[[[3.210,42.053],[3.210,42.053],[3.210,42.053],[3.210,42.053],[3.210,42.053]]],[[[3.161,42.398],[3.161,42.398],[3.161,42.398],[3.161,42.398],[3.161,42.398]]],[[[3.219,42.046],[3.219,42.046],[3.219,42.046],[3.219,42.046],[3.219,42.046]]],[[[3.182,41.883],[3.182,41.883],[3.182,41.883],[3.182,41.883],[3.182,41.883]]],[[[3.212,42.058],[3.213,42.058],[3.213,42.058],[3.212,42.058],[3.212,42.058]]],[[[3.183,41.882],[3.183,41.882],[3.183,41.882],[3.183,41.882],[3.183,41.882]]],[[[3.093,41.832],[3.093,41.832],[3.093,41.832],[3.093,41.832],[3.093,41.832]]],[[[3.211,42.054],[3.211,42.054],[3.211,42.054],[3.211,42.054],[3.211,42.054]]],[[[3.292,42.301],[3.292,42.301],[3.293,42.301],[3.292,42.301],[3.292,42.301]]],[[[3.225,41.945],[3.225,41.945],[3.225,41.945],[3.225,41.945],[3.225,41.945]]],[[[3.186,41.862],[3.186,41.862],[3.186,41.862],[3.186,41.862]]],[[[3.220,42.046],[3.220,42.046],[3.220,42.046],[3.220,42.046],[3.220,42.046]]],[[[3.183,41.881],[3.183,41.881],[3.183,41.882],[3.183,41.881]]],[[[3.178,41.871],[3.178,41.871],[3.178,41.871],[3.178,41.871]]],[[[3.161,42.398],[3.161,42.398],[3.161,42.398],[3.161,42.398],[3.161,42.398]]],[[[3.161,42.398],[3.161,42.398],[3.161,42.398],[3.161,42.398],[3.161,42.398]]],[[[3.186,41.862],[3.186,41.862],[3.186,41.862],[3.186,41.862]]],[[[3.178,41.871],[3.178,41.871],[3.178,41.871],[3.178,41.871]]],[[[3.182,41.883],[3.182,41.883],[3.182,41.883],[3.182,41.883]]],[[[3.228,41.969],[3.228,41.969],[3.228,41.969],[3.228,41.969]]]]}},{"properties":{"regionId":"madrid","iso":"ES"},"type":"Feature","geometry":{"type":"MultiPolygon","coordinates":[[[[-3.536,41.160],[-3.488,41.094],[-3.425,41.082],[-3.438,41.042],[-3.394,41.000],[-3.418,40.987],[-3.444,40.906],[-3.460,40.906],[-3.440,40.875],[-3.472,40.864],[-3.477,40.823],[-3.511,40.788],[-3.459,40.781],[-3.444,40.761],[-3.450,40.734],[-3.434,40.727],[-3.468,40.689],[-3.404,40.669],[-3.393,40.692],[-3.345,40.637],[-3.316,40.655],[-3.338,40.625],[-3.321,40.612],[-3.328,40.594],[-3.284,40.568],[-3.297,40.537],[-3.249,40.544],[-3.199,40.514],[-3.198,40.442],[-3.155,40.439],[-3.130,40.405],[-3.153,40.367],[-3.141,40.350],[-3.182,40.308],[-3.194,40.248],[-3.173,40.234],[-3.153,40.263],[-3.112,40.285],[-3.101,40.278],[-3.067,40.157],[-3.089,40.162],[-3.096,40.142],[-3.056,40.113],[-3.060,40.090],[-3.118,40.061],[-3.161,40.064],[-3.178,40.092],[-3.200,40.060],[-3.275,40.047],[-3.332,40.080],[-3.375,40.075],[-3.375,40.051],[-3.401,40.034],[-3.506,40.048],[-3.519,40.021],[-3.589,40.013],[-3.637,39.988],[-3.634,39.965],[-3.743,39.940],[-3.804,39.884],[-3.868,39.904],[-3.875,39.928],[-3.840,39.941],[-3.832,39.931],[-3.809,39.953],[-3.783,39.944],[-3.763,39.967],[-3.770,39.950],[-3.754,39.950],[-3.758,39.968],[-3.727,39.964],[-3.746,39.981],[-3.720,39.984],[-3.699,40.019],[-3.636,40.041],[-3.607,40.108],[-3.655,40.124],[-3.667,40.143],[-3.683,40.132],[-3.722,40.147],[-3.744,40.132],[-3.770,40.139],[-3.804,40.176],[-3.834,40.161],[-3.872,40.190],[-3.931,40.203],[-3.950,40.190],[-3.952,40.212],[-3.991,40.209],[-4.026,40.235],[-4.024,40.248],[-4.072,40.265],[-4.104,40.241],[-4.145,40.245],[-4.143,40.264],[-4.190,40.297],[-4.203,40.268],[-4.247,40.273],[-4.269,40.235],[-4.306,40.221],[-4.307,40.233],[-4.348,40.236],[-4.356,40.308],[-4.380,40.318],[-4.383,40.289],[-4.435,40.259],[-4.437,40.236],[-4.509,40.219],[-4.527,40.200],[-4.574,40.206],[-4.559,40.231],[-4.568,40.258],[-4.529,40.293],[-4.546,40.341],[-4.526,40.344],[-4.502,40.314],[-4.455,40.319],[-4.460,40.341],[-4.438,40.352],[-4.443,40.385],[-4.421,40.406],[-4.321,40.410],[-4.341,40.428],[-4.315,40.464],[-4.328,40.533],[-4.289,40.564],[-4.278,40.603],[-4.290,40.627],[-4.271,40.629],[-4.262,40.605],[-4.245,40.602],[-4.161,40.623],[-4.172,40.630],[-4.171,40.680],[-4.096,40.747],[-4.076,40.788],[-3.979,40.784],[-3.947,40.862],[-3.952,40.893],[-3.907,40.955],[-3.781,41.000],[-3.740,41.053],[-3.676,41.086],[-3.613,41.149],[-3.536,41.160]],[[-3.372,40.635],[-3.380,40.632],[-3.382,40.630],[-3.363,40.631],[-3.372,40.635]]],[[[-4.255,40.653],[-4.319,40.647],[-4.324,40.658],[-4.284,40.681],[-4.255,40.653]]]]}},{"properties":{"regionId":"pais-vasco","iso":"ES"},"type":"Feature","geometry":{"type":"MultiPolygon","coordinates":[[[[-2.751,43.456],[-2.738,43.429],[-2.695,43.406],[-2.646,43.415],[-2.618,43.391],[-2.509,43.377],[-2.502,43.364],[-2.459,43.335],[-2.352,43.298],[-2.202,43.311],[-2.189,43.292],[-2.130,43.287],[-2.030,43.320],[-1.990,43.315],[-1.962,43.338],[-1.923,43.332],[-1.864,43.372],[-1.791,43.395],[-1.796,43.382],[-1.779,43.363],[-1.789,43.352],[-1.737,43.330],[-1.729,43.293],[-1.783,43.286],[-1.794,43.246],[-1.860,43.212],[-1.867,43.230],[-1.880,43.228],[-1.881,43.206],[-1.914,43.225],[-1.920,43.150],[-1.901,43.135],[-1.947,43.097],[-2.022,43.065],[-2.020,43.046],[-2.041,43.029],[-2.028,42.998],[-2.038,42.980],[-2.095,42.972],[-2.117,42.942],[-2.180,42.935],[-2.199,42.951],[-2.232,42.931],[-2.237,42.895],[-2.253,42.892],[-2.235,42.835],[-2.281,42.785],[-2.262,42.748],[-2.316,42.739],[-2.324,42.723],[-2.316,42.682],[-2.293,42.677],[-2.288,42.655],[-2.381,42.634],[-2.376,42.650],[-2.415,42.662],[-2.483,42.612],[-2.500,42.616],[-2.490,42.585],[-2.462,42.587],[-2.453,42.567],[-2.421,42.607],[-2.396,42.599],[-2.392,42.516],[-2.423,42.510],[-2.420,42.489],[-2.514,42.490],[-2.510,42.520],[-2.537,42.495],[-2.529,42.483],[-2.568,42.494],[-2.594,42.472],[-2.604,42.503],[-2.646,42.482],[-2.677,42.510],[-2.675,42.525],[-2.705,42.516],[-2.681,42.595],[-2.763,42.622],[-2.777,42.581],[-2.824,42.554],[-2.840,42.581],[-2.819,42.591],[-2.818,42.612],[-2.841,42.608],[-2.842,42.629],[-2.895,42.654],[-2.902,42.693],[-2.931,42.708],[-2.980,42.703],[-3.016,42.741],[-3.042,42.739],[-3.049,42.765],[-3.147,42.756],[-3.123,42.789],[-3.159,42.804],[-3.113,42.861],[-3.114,42.889],[-3.162,42.856],[-3.190,42.869],[-3.222,42.838],[-3.205,42.827],[-3.279,42.872],[-3.277,42.901],[-3.248,42.912],[-3.224,42.949],[-3.144,42.934],[-3.149,42.917],[-3.092,42.898],[-3.018,42.908],[-2.981,42.939],[-3.041,42.969],[-3.060,43.003],[-3.177,43.021],[-3.141,43.029],[-3.140,43.067],[-3.158,43.074],[-3.133,43.097],[-3.181,43.120],[-3.141,43.161],[-3.148,43.174],[-3.224,43.170],[-3.253,43.198],[-3.417,43.133],[-3.449,43.233],[-3.340,43.278],[-3.332,43.301],[-3.279,43.290],[-3.225,43.308],[-3.209,43.283],[-3.157,43.301],[-3.153,43.353],[-3.114,43.350],[-3.109,43.364],[-3.085,43.377],[-3.104,43.364],[-3.081,43.351],[-3.075,43.354],[-3.072,43.362],[-3.059,43.361],[-3.047,43.359],[-3.074,43.354],[-3.031,43.346],[-3.043,43.339],[-3.020,43.325],[-3.010,43.337],[-3.027,43.341],[-3.012,43.347],[-3.039,43.373],[-2.970,43.413],[-2.946,43.412],[-2.946,43.436],[-2.806,43.430],[-2.751,43.456]],[[-2.835,42.796],[-2.868,42.739],[-2.784,42.698],[-2.767,42.666],[-2.659,42.672],[-2.634,42.647],[-2.517,42.646],[-2.522,42.684],[-2.577,42.668],[-2.608,42.695],[-2.572,42.725],[-2.558,42.762],[-2.589,42.750],[-2.602,42.770],[-2.643,42.764],[-2.731,42.794],[-2.826,42.784],[-2.835,42.796]],[[-3.274,43.264],[-3.305,43.253],[-3.285,43.197],[-3.265,43.205],[-3.269,43.232],[-3.251,43.248],[-3.249,43.259],[-3.274,43.264]],[[-2.268,43.300],[-2.268,43.300],[-2.269,43.300],[-2.269,43.300],[-2.268,43.300]],[[-1.798,43.391],[-1.798,43.392],[-1.798,43.392],[-1.799,43.391],[-1.798,43.391]],[[-1.809,43.388],[-1.809,43.388],[-1.809,43.388],[-1.809,43.388],[-1.809,43.388]]],[[[-2.684,43.426],[-2.681,43.425],[-2.681,43.422],[-2.687,43.427],[-2.684,43.426]]],[[[-2.493,43.368],[-2.494,43.366],[-2.496,43.365],[-2.496,43.366],[-2.493,43.368]]],[[[-1.998,43.322],[-1.998,43.321],[-2.001,43.320],[-2.000,43.321],[-1.998,43.322]]],[[[-2.774,43.450],[-2.776,43.451],[-2.775,43.452],[-2.774,43.451],[-2.774,43.450]]],[[[-2.934,43.441],[-2.934,43.439],[-2.935,43.438],[-2.935,43.440],[-2.934,43.441]]],[[[-3.078,43.354],[-3.079,43.354],[-3.079,43.354],[-3.078,43.354],[-3.078,43.354]]],[[[-2.149,43.296],[-2.150,43.296],[-2.150,43.297],[-2.149,43.296],[-2.149,43.296]]],[[[-2.815,43.433],[-2.815,43.433],[-2.815,43.434],[-2.815,43.433],[-2.815,43.433]]],[[[-2.571,43.391],[-2.571,43.391],[-2.571,43.391],[-2.571,43.391],[-2.571,43.391]]],[[[-2.408,43.323],[-2.408,43.323],[-2.408,43.324],[-2.408,43.324],[-2.408,43.323]]],[[[-2.418,43.326],[-2.418,43.326],[-2.419,43.327],[-2.418,43.326],[-2.418,43.326]]],[[[-2.789,43.443],[-2.790,43.443],[-2.790,43.443],[-2.790,43.443],[-2.789,43.443]]],[[[-2.419,43.327],[-2.419,43.327],[-2.419,43.327],[-2.419,43.327],[-2.419,43.327]]],[[[-2.844,43.432],[-2.844,43.432],[-2.845,43.433],[-2.844,43.432],[-2.844,43.432]]],[[[-2.422,43.329],[-2.422,43.329],[-2.422,43.329],[-2.422,43.329],[-2.422,43.329]]],[[[-2.445,43.333],[-2.445,43.333],[-2.444,43.333],[-2.445,43.333],[-2.445,43.333]]],[[[-2.753,43.456],[-2.753,43.457],[-2.753,43.457],[-2.753,43.457],[-2.753,43.456]]],[[[-2.439,43.333],[-2.439,43.333],[-2.440,43.333],[-2.439,43.333],[-2.439,43.333]]],[[[-2.789,43.442],[-2.790,43.442],[-2.790,43.442],[-2.789,43.442],[-2.789,43.442]]],[[[-2.400,43.322],[-2.400,43.322],[-2.400,43.322],[-2.400,43.322],[-2.400,43.322]]],[[[-2.357,43.304],[-2.357,43.304],[-2.357,43.304],[-2.357,43.304],[-2.357,43.304]]],[[[-2.409,43.323],[-2.409,43.323],[-2.409,43.323],[-2.409,43.323],[-2.409,43.323]]],[[[-2.451,43.335],[-2.451,43.335],[-2.451,43.335],[-2.451,43.335],[-2.451,43.335]]],[[[-2.407,43.323],[-2.407,43.323],[-2.407,43.323],[-2.407,43.323],[-2.407,43.323]]],[[[-2.449,43.334],[-2.449,43.334],[-2.449,43.334],[-2.449,43.335],[-2.449,43.334]]],[[[-2.449,43.335],[-2.450,43.334],[-2.450,43.335],[-2.449,43.335],[-2.449,43.335]]],[[[-2.439,43.333],[-2.439,43.332],[-2.439,43.332],[-2.439,43.333],[-2.439,43.333]]],[[[-2.419,43.327],[-2.419,43.327],[-2.419,43.327],[-2.419,43.327],[-2.419,43.327]]],[[[-2.439,43.333],[-2.439,43.333],[-2.439,43.333],[-2.439,43.333]]],[[[-2.452,43.335],[-2.452,43.335],[-2.452,43.336],[-2.452,43.335]]]]}},{"properties":{"regionId":"andalucia","iso":"ES"},"type":"Feature","geometry":{"type":"MultiPolygon","coordinates":[[[[-5.035,38.726],[-5.004,38.711],[-5.004,38.695],[-4.876,38.686],[-4.860,38.613],[-4.707,38.571],[-4.703,38.553],[-4.622,38.523],[-4.593,38.486],[-4.566,38.490],[-4.512,38.463],[-4.452,38.400],[-4.287,38.342],[-4.268,38.347],[-4.276,38.390],[-4.257,38.401],[-4.156,38.381],[-3.915,38.368],[-3.854,38.375],[-3.830,38.392],[-3.830,38.412],[-3.785,38.425],[-3.598,38.398],[-3.583,38.451],[-3.541,38.445],[-3.528,38.408],[-3.451,38.400],[-3.376,38.439],[-3.375,38.475],[-3.326,38.482],[-3.279,38.460],[-3.138,38.438],[-3.064,38.478],[-3.001,38.408],[-2.993,38.450],[-2.963,38.471],[-2.905,38.469],[-2.881,38.452],[-2.779,38.509],[-2.767,38.532],[-2.679,38.496],[-2.593,38.511],[-2.566,38.490],[-2.573,38.416],[-2.483,38.397],[-2.485,38.300],[-2.441,38.285],[-2.435,38.265],[-2.454,38.215],[-2.446,38.185],[-2.551,38.084],[-2.423,38.033],[-2.340,38.025],[-2.298,38.002],[-2.247,37.934],[-2.172,37.888],[-2.123,37.900],[-2.100,37.877],[-2.021,37.868],[-1.994,37.880],[-1.974,37.868],[-1.995,37.840],[-2.008,37.774],[-1.995,37.728],[-2.012,37.700],[-2.011,37.672],[-1.976,37.618],[-1.845,37.454],[-1.808,37.433],[-1.811,37.451],[-1.737,37.442],[-1.630,37.373],[-1.677,37.352],[-1.689,37.339],[-1.708,37.304],[-1.758,37.263],[-1.773,37.245],[-1.774,37.243],[-1.775,37.239],[-1.797,37.229],[-1.849,37.068],[-1.900,36.987],[-1.903,36.937],[-1.940,36.936],[-1.967,36.898],[-1.992,36.893],[-1.999,36.840],[-2.060,36.809],[-2.060,36.777],[-2.106,36.762],[-2.124,36.732],[-2.193,36.721],[-2.291,36.820],[-2.361,36.841],[-2.426,36.810],[-2.475,36.837],[-2.464,36.825],[-2.481,36.835],[-2.561,36.816],[-2.619,36.726],[-2.700,36.682],[-2.771,36.681],[-2.815,36.706],[-2.849,36.695],[-2.926,36.751],[-2.977,36.738],[-3.258,36.753],[-3.338,36.738],[-3.419,36.693],[-3.482,36.697],[-3.525,36.724],[-3.553,36.714],[-3.602,36.744],[-3.657,36.746],[-3.727,36.719],[-3.749,36.738],[-3.767,36.729],[-3.835,36.754],[-3.957,36.726],[-4.066,36.748],[-4.108,36.725],[-4.180,36.714],[-4.393,36.722],[-4.415,36.706],[-4.413,36.718],[-4.511,36.593],[-4.602,36.562],[-4.638,36.507],[-4.740,36.482],[-4.913,36.505],[-5.004,36.459],[-5.080,36.450],[-5.176,36.414],[-5.219,36.376],[-5.246,36.312],[-5.316,36.229],[-5.338,36.153],[-5.365,36.155],[-5.352,36.156],[-5.384,36.179],[-5.426,36.175],[-5.447,36.140],[-5.443,36.128],[-5.435,36.140],[-5.443,36.127],[-5.440,36.124],[-5.430,36.140],[-5.443,36.089],[-5.429,36.071],[-5.610,36.000],[-5.652,36.053],[-5.689,36.067],[-5.723,36.060],[-5.776,36.087],[-5.797,36.078],[-5.914,36.184],[-6.034,36.181],[-6.102,36.284],[-6.143,36.296],[-6.182,36.368],[-6.218,36.392],[-6.289,36.523],[-6.309,36.528],[-6.305,36.536],[-6.290,36.537],[-6.287,36.542],[-6.279,36.543],[-6.292,36.532],[-6.276,36.540],[-6.268,36.531],[-6.281,36.527],[-6.256,36.507],[-6.257,36.473],[-6.229,36.462],[-6.173,36.521],[-6.200,36.528],[-6.207,36.509],[-6.242,36.506],[-6.257,36.529],[-6.229,36.525],[-6.232,36.584],[-6.249,36.572],[-6.238,36.584],[-6.265,36.579],[-6.299,36.617],[-6.320,36.611],[-6.311,36.617],[-6.330,36.624],[-6.326,36.610],[-6.342,36.626],[-6.358,36.614],[-6.394,36.633],[-6.442,36.738],[-6.342,36.794],[-6.397,36.807],[-6.449,36.907],[-6.521,36.977],[-6.916,37.176],[-6.915,37.163],[-6.849,37.127],[-6.839,37.119],[-6.832,37.107],[-6.924,37.164],[-7.043,37.207],[-7.270,37.201],[-7.376,37.171],[-7.406,37.181],[-7.433,37.249],[-7.421,37.274],[-7.442,37.310],[-7.440,37.390],[-7.462,37.409],[-7.445,37.419],[-7.463,37.486],[-7.511,37.524],[-7.522,37.553],[-7.506,37.557],[-7.503,37.604],[-7.489,37.603],[-7.444,37.664],[-7.452,37.678],[-7.421,37.759],[-7.324,37.815],[-7.283,37.869],[-7.248,37.954],[-7.263,37.979],[-7.202,38.003],[-7.132,37.999],[-7.120,38.005],[-7.128,38.029],[-7.098,38.043],[-7.059,38.017],[-7.002,38.022],[-6.987,38.103],[-6.952,38.152],[-6.968,38.166],[-6.931,38.208],[-6.848,38.177],[-6.795,38.178],[-6.815,38.120],[-6.770,38.112],[-6.758,38.092],[-6.622,38.097],[-6.580,38.052],[-6.582,38.020],[-6.545,38.028],[-6.476,38.007],[-6.443,38.046],[-6.452,38.055],[-6.413,38.058],[-6.367,38.048],[-6.352,38.007],[-6.303,37.978],[-6.201,37.962],[-6.180,37.941],[-6.115,37.981],[-5.953,37.995],[-5.934,38.046],[-5.908,38.062],[-5.926,38.105],[-5.880,38.132],[-5.877,38.155],[-5.851,38.171],[-5.757,38.180],[-5.728,38.197],[-5.694,38.186],[-5.684,38.157],[-5.705,38.169],[-5.694,38.150],[-5.740,38.126],[-5.734,38.086],[-5.710,38.081],[-5.632,38.138],[-5.584,38.131],[-5.575,38.149],[-5.539,38.160],[-5.522,38.238],[-5.551,38.310],[-5.575,38.329],[-5.559,38.366],[-5.585,38.385],[-5.568,38.432],[-5.519,38.463],[-5.484,38.463],[-5.479,38.484],[-5.418,38.512],[-5.406,38.543],[-5.383,38.540],[-5.392,38.553],[-5.371,38.583],[-5.308,38.577],[-5.292,38.610],[-5.223,38.656],[-5.214,38.648],[-5.208,38.667],[-5.184,38.659],[-5.185,38.674],[-5.167,38.680],[-5.184,38.719],[-5.099,38.707],[-5.035,38.726]],[[-2.193,36.721],[-2.193,36.722],[-2.193,36.722],[-2.194,36.722],[-2.193,36.721]],[[-1.819,37.177],[-1.819,37.178],[-1.819,37.178],[-1.819,37.178],[-1.819,37.177]],[[-1.820,37.174],[-1.820,37.175],[-1.820,37.175],[-1.820,37.175],[-1.820,37.174]],[[-2.567,36.811],[-2.566,36.811],[-2.566,36.811],[-2.567,36.811],[-2.567,36.811]],[[-1.718,37.296],[-1.718,37.296],[-1.718,37.296],[-1.718,37.296],[-1.718,37.296]],[[-1.719,37.296],[-1.719,37.296],[-1.719,37.296],[-1.719,37.296],[-1.719,37.296]],[[-1.720,37.295],[-1.720,37.295],[-1.720,37.295],[-1.720,37.295],[-1.720,37.295]],[[-1.709,37.303],[-1.709,37.303],[-1.709,37.303],[-1.709,37.303],[-1.709,37.303]],[[-1.719,37.296],[-1.719,37.296],[-1.719,37.296],[-1.719,37.296],[-1.719,37.296]],[[-1.717,37.297],[-1.717,37.297],[-1.717,37.297],[-1.717,37.297],[-1.717,37.297]],[[-1.719,37.296],[-1.719,37.296],[-1.719,37.296],[-1.719,37.296],[-1.719,37.296]]],[[[-6.469,36.738],[-6.468,36.737],[-6.468,36.732],[-6.472,36.737],[-6.469,36.738]]],[[[-6.220,36.381],[-6.219,36.378],[-6.221,36.380],[-6.225,36.396],[-6.220,36.381]]],[[[-3.034,35.938],[-3.037,35.938],[-3.031,35.941],[-3.033,35.939],[-3.034,35.938]]],[[[-6.315,36.528],[-6.312,36.528],[-6.312,36.527],[-6.317,36.527],[-6.315,36.528]]],[[[-6.219,36.386],[-6.219,36.384],[-6.218,36.383],[-6.220,36.386],[-6.219,36.386]]],[[[-1.885,36.993],[-1.885,36.992],[-1.885,36.992],[-1.886,36.992],[-1.885,36.993]]],[[[-1.651,37.347],[-1.651,37.346],[-1.653,37.347],[-1.652,37.347],[-1.651,37.347]]],[[[-6.220,36.387],[-6.221,36.387],[-6.221,36.390],[-6.220,36.387],[-6.220,36.387]]],[[[-6.215,36.382],[-6.216,36.382],[-6.215,36.383],[-6.214,36.383],[-6.215,36.382]]],[[[-5.293,36.245],[-5.295,36.245],[-5.295,36.245],[-5.294,36.245],[-5.293,36.245]]],[[[-1.647,37.359],[-1.648,37.359],[-1.649,37.359],[-1.648,37.359],[-1.647,37.359]]],[[[-5.434,36.065],[-5.434,36.064],[-5.435,36.064],[-5.435,36.065],[-5.434,36.065]]],[[[-2.048,36.812],[-2.049,36.811],[-2.049,36.812],[-2.049,36.812],[-2.048,36.812]]],[[[-6.457,36.735],[-6.458,36.735],[-6.458,36.735],[-6.457,36.735],[-6.457,36.735]]],[[[-6.007,36.181],[-6.008,36.181],[-6.009,36.181],[-6.008,36.181],[-6.007,36.181]]],[[[-2.190,36.720],[-2.191,36.720],[-2.190,36.720],[-2.190,36.720],[-2.190,36.720]]],[[[-2.002,36.836],[-2.002,36.836],[-2.002,36.836],[-2.002,36.836],[-2.002,36.836]]],[[[-6.005,36.181],[-6.006,36.181],[-6.006,36.181],[-6.005,36.181],[-6.005,36.181]]],[[[-3.389,36.708],[-3.389,36.708],[-3.389,36.708],[-3.389,36.708],[-3.389,36.708]]],[[[-5.423,36.077],[-5.423,36.077],[-5.424,36.077],[-5.423,36.077],[-5.423,36.077]]],[[[-1.699,37.317],[-1.700,37.317],[-1.700,37.317],[-1.699,37.317],[-1.699,37.317]]],[[[-5.423,36.076],[-5.423,36.076],[-5.423,36.076],[-5.423,36.076],[-5.423,36.076]]],[[[-1.697,37.321],[-1.697,37.321],[-1.697,37.322],[-1.697,37.322],[-1.697,37.321]]],[[[-1.712,37.299],[-1.712,37.299],[-1.712,37.300],[-1.712,37.299],[-1.712,37.299]]],[[[-2.174,36.722],[-2.174,36.722],[-2.175,36.722],[-2.174,36.722],[-2.174,36.722]]],[[[-3.029,35.942],[-3.030,35.941],[-3.030,35.942],[-3.030,35.942],[-3.029,35.942]]],[[[-1.723,37.290],[-1.724,37.290],[-1.724,37.290],[-1.723,37.290],[-1.723,37.290]]],[[[-1.773,37.245],[-1.773,37.245],[-1.773,37.245],[-1.773,37.245],[-1.773,37.245]]],[[[-2.191,36.720],[-2.191,36.72],[-2.191,36.720],[-2.191,36.720],[-2.191,36.720]]],[[[-1.725,37.288],[-1.725,37.288],[-1.725,37.288],[-1.725,37.288],[-1.725,37.288]]],[[[-1.698,37.320],[-1.699,37.320],[-1.699,37.320],[-1.699,37.320],[-1.698,37.320]]],[[[-1.772,37.244],[-1.773,37.244],[-1.772,37.245],[-1.772,37.244],[-1.772,37.244]]],[[[-1.773,37.243],[-1.773,37.243],[-1.773,37.243],[-1.773,37.243],[-1.773,37.243]]],[[[-1.773,37.244],[-1.773,37.244],[-1.773,37.244],[-1.773,37.244],[-1.773,37.244]]],[[[-1.723,37.290],[-1.723,37.290],[-1.723,37.290],[-1.723,37.290],[-1.723,37.290]]],[[[-1.698,37.321],[-1.698,37.321],[-1.698,37.321],[-1.698,37.321],[-1.698,37.321]]],[[[-5.436,36.065],[-5.436,36.065],[-5.436,36.065],[-5.436,36.065],[-5.436,36.065]]],[[[-1.769,37.248],[-1.769,37.248],[-1.769,37.248],[-1.769,37.248],[-1.769,37.248]]],[[[-1.698,37.320],[-1.698,37.320],[-1.698,37.320],[-1.698,37.320],[-1.698,37.320]]],[[[-1.773,37.244],[-1.773,37.244],[-1.773,37.244],[-1.773,37.244],[-1.773,37.244]]],[[[-1.699,37.317],[-1.699,37.317],[-1.699,37.317],[-1.699,37.317],[-1.699,37.317]]],[[[-1.698,37.320],[-1.698,37.320],[-1.698,37.320],[-1.698,37.320],[-1.698,37.320]]],[[[-1.765,37.251],[-1.765,37.251],[-1.765,37.251],[-1.765,37.251],[-1.765,37.251]]],[[[-1.697,37.323],[-1.697,37.322],[-1.697,37.322],[-1.697,37.323],[-1.697,37.323]]],[[[-1.763,37.254],[-1.763,37.253],[-1.764,37.253],[-1.763,37.254],[-1.763,37.254]]],[[[-5.436,36.065],[-5.436,36.065],[-5.436,36.065],[-5.436,36.065],[-5.436,36.065]]],[[[-1.698,37.319],[-1.698,37.319],[-1.699,37.319],[-1.698,37.319],[-1.698,37.319]]],[[[-1.704,37.310],[-1.704,37.310],[-1.704,37.311],[-1.704,37.310],[-1.704,37.310]]],[[[-1.744,37.272],[-1.744,37.272],[-1.744,37.272],[-1.744,37.272],[-1.744,37.272]]],[[[-1.768,37.249],[-1.769,37.249],[-1.769,37.249],[-1.768,37.249],[-1.768,37.249]]],[[[-1.703,37.311],[-1.704,37.311],[-1.704,37.311],[-1.703,37.311],[-1.703,37.311]]],[[[-5.436,36.065],[-5.436,36.065],[-5.436,36.065],[-5.436,36.065],[-5.436,36.065]]],[[[-1.763,37.253],[-1.763,37.253],[-1.763,37.253],[-1.763,37.253],[-1.763,37.253]]],[[[-1.750,37.266],[-1.750,37.266],[-1.750,37.266],[-1.750,37.266],[-1.750,37.266]]],[[[-1.741,37.275],[-1.741,37.275],[-1.741,37.275],[-1.741,37.275],[-1.741,37.275]]],[[[-1.739,37.278],[-1.739,37.278],[-1.739,37.278],[-1.739,37.278],[-1.739,37.278]]],[[[-1.773,37.243],[-1.774,37.243],[-1.773,37.243],[-1.773,37.243],[-1.773,37.243]]],[[[-1.722,37.291],[-1.722,37.291],[-1.722,37.291],[-1.722,37.291],[-1.722,37.291]]],[[[-1.723,37.290],[-1.723,37.290],[-1.723,37.290],[-1.723,37.290],[-1.723,37.290]]],[[[-1.772,37.245],[-1.772,37.245],[-1.773,37.245],[-1.773,37.245],[-1.772,37.245]]],[[[-1.725,37.289],[-1.725,37.289],[-1.725,37.289],[-1.725,37.289],[-1.725,37.289]]],[[[-1.765,37.251],[-1.765,37.251],[-1.765,37.251],[-1.765,37.251],[-1.765,37.251]]],[[[-1.769,37.247],[-1.769,37.247],[-1.769,37.247],[-1.769,37.247],[-1.769,37.247]]],[[[-1.723,37.290],[-1.723,37.290],[-1.723,37.290],[-1.723,37.290],[-1.723,37.290],[-1.723,37.290]]],[[[-1.732,37.283],[-1.732,37.282],[-1.732,37.282],[-1.732,37.283],[-1.732,37.283]]],[[[-1.764,37.253],[-1.764,37.253],[-1.764,37.253],[-1.764,37.253],[-1.764,37.253]]],[[[-1.763,37.254],[-1.763,37.254],[-1.763,37.254],[-1.763,37.254],[-1.763,37.254]]],[[[-1.697,37.322],[-1.697,37.321],[-1.698,37.321],[-1.697,37.322],[-1.697,37.322]]],[[[-1.728,37.286],[-1.728,37.286],[-1.728,37.286],[-1.728,37.286],[-1.728,37.286]]],[[[-1.731,37.282],[-1.732,37.282],[-1.732,37.282],[-1.731,37.282],[-1.731,37.282]]],[[[-1.723,37.289],[-1.724,37.289],[-1.724,37.289],[-1.723,37.289],[-1.723,37.289]]],[[[-1.699,37.319],[-1.699,37.319],[-1.699,37.319],[-1.699,37.319],[-1.699,37.319]]],[[[-1.696,37.325],[-1.696,37.324],[-1.696,37.324],[-1.696,37.325],[-1.696,37.325]]],[[[-1.761,37.256],[-1.761,37.256],[-1.761,37.257],[-1.761,37.257],[-1.761,37.256]]],[[[-5.437,36.064],[-5.437,36.064],[-5.437,36.064],[-5.437,36.064],[-5.437,36.064]]],[[[-1.699,37.317],[-1.699,37.317],[-1.699,37.317],[-1.699,37.317]]],[[[-1.763,37.254],[-1.763,37.254],[-1.763,37.254],[-1.762,37.254],[-1.763,37.254]]],[[[-1.765,37.251],[-1.765,37.251],[-1.765,37.251],[-1.765,37.251],[-1.765,37.251]]],[[[-5.437,36.064],[-5.437,36.064],[-5.437,36.064],[-5.437,36.064],[-5.437,36.064]]],[[[-1.745,37.271],[-1.745,37.271],[-1.745,37.271],[-1.745,37.271],[-1.745,37.271]]],[[[-1.698,37.320],[-1.698,37.320],[-1.698,37.320],[-1.698,37.320],[-1.698,37.320]]],[[[-1.730,37.283],[-1.730,37.283],[-1.730,37.283],[-1.730,37.283],[-1.730,37.283]]],[[[-1.764,37.252],[-1.765,37.252],[-1.765,37.252],[-1.765,37.252],[-1.764,37.252]]],[[[-1.698,37.319],[-1.698,37.319],[-1.698,37.320],[-1.698,37.319]]],[[[-1.713,37.299],[-1.713,37.299],[-1.713,37.299],[-1.713,37.299],[-1.713,37.299]]],[[[-1.699,37.318],[-1.699,37.318],[-1.699,37.318],[-1.699,37.318],[-1.699,37.318]]],[[[-1.769,37.248],[-1.769,37.248],[-1.769,37.248],[-1.769,37.248],[-1.769,37.248]]],[[[-1.773,37.245],[-1.773,37.245],[-1.773,37.245],[-1.773,37.245],[-1.773,37.245]]],[[[-1.707,37.304],[-1.707,37.304],[-1.707,37.304],[-1.707,37.304],[-1.707,37.304]]],[[[-1.703,37.312],[-1.703,37.312],[-1.703,37.312],[-1.703,37.312],[-1.703,37.312]]],[[[-1.723,37.290],[-1.723,37.290],[-1.723,37.290],[-1.723,37.290],[-1.723,37.290]]],[[[-1.697,37.322],[-1.697,37.322],[-1.697,37.322],[-1.697,37.322]]],[[[-1.704,37.310],[-1.704,37.310],[-1.704,37.310],[-1.704,37.310],[-1.704,37.310]]],[[[-1.701,37.315],[-1.701,37.315],[-1.701,37.315],[-1.701,37.315],[-1.701,37.315]]],[[[-1.765,37.252],[-1.765,37.252],[-1.765,37.252],[-1.765,37.252],[-1.765,37.252]]],[[[-1.707,37.304],[-1.707,37.304],[-1.707,37.304],[-1.707,37.304],[-1.707,37.304]]],[[[-1.741,37.275],[-1.741,37.275],[-1.741,37.275],[-1.741,37.275],[-1.741,37.275]]],[[[-1.739,37.277],[-1.739,37.277],[-1.740,37.277],[-1.740,37.277],[-1.739,37.277]]],[[[-1.698,37.320],[-1.698,37.320],[-1.699,37.320],[-1.699,37.320],[-1.698,37.320]]],[[[-1.703,37.312],[-1.703,37.312],[-1.703,37.312],[-1.703,37.312],[-1.703,37.312]]],[[[-1.774,37.243],[-1.774,37.243],[-1.774,37.243],[-1.774,37.243]]]]}},{"properties":{"regionId":"paris","iso":"FR"},"type":"Feature","geometry":{"type":"Polygon","coordinates":[[[2.590,49.079],[2.596,49.081],[2.597,49.081],[2.599,49.084],[2.603,49.085],[2.608,49.090],[2.610,49.093],[2.610,49.094],[2.616,49.093],[2.618,49.094],[2.623,49.095],[2.624,49.098],[2.624,49.100],[2.627,49.101],[2.627,49.102],[2.630,49.102],[2.631,49.104],[2.631,49.106],[2.633,49.108],[2.636,49.107],[2.635,49.104],[2.636,49.103],[2.635,49.101],[2.640,49.101],[2.641,49.099],[2.643,49.099],[2.645,49.100],[2.650,49.100],[2.656,49.098],[2.659,49.096],[2.661,49.096],[2.662,49.093],[2.665,49.093],[2.673,49.090],[2.677,49.088],[2.678,49.085],[2.683,49.081],[2.695,49.074],[2.693,49.073],[2.691,49.070],[2.689,49.067],[2.691,49.066],[2.696,49.065],[2.697,49.064],[2.700,49.064],[2.705,49.065],[2.708,49.067],[2.712,49.069],[2.720,49.074],[2.720,49.076],[2.719,49.078],[2.720,49.079],[2.724,49.080],[2.724,49.077],[2.724,49.075],[2.729,49.074],[2.730,49.072],[2.732,49.070],[2.731,49.068],[2.732,49.066],[2.733,49.062],[2.735,49.060],[2.740,49.061],[2.753,49.060],[2.766,49.064],[2.769,49.067],[2.771,49.068],[2.775,49.070],[2.777,49.070],[2.787,49.075],[2.782,49.077],[2.777,49.078],[2.774,49.080],[2.772,49.081],[2.768,49.083],[2.772,49.083],[2.778,49.082],[2.788,49.082],[2.788,49.084],[2.783,49.088],[2.787,49.089],[2.793,49.090],[2.796,49.092],[2.799,49.093],[2.804,49.095],[2.809,49.097],[2.814,49.091],[2.819,49.087],[2.829,49.083],[2.833,49.082],[2.838,49.083],[2.839,49.084],[2.844,49.084],[2.848,49.081],[2.848,49.079],[2.850,49.077],[2.854,49.073],[2.854,49.070],[2.866,49.070],[2.870,49.070],[2.872,49.072],[2.873,49.071],[2.876,49.074],[2.879,49.073],[2.880,49.075],[2.883,49.076],[2.885,49.078],[2.887,49.079],[2.894,49.077],[2.901,49.085],[2.905,49.083],[2.906,49.083],[2.911,49.082],[2.917,49.079],[2.921,49.078],[2.923,49.077],[2.925,49.078],[2.929,49.079],[2.929,49.079],[2.933,49.080],[2.934,49.080],[2.934,49.079],[2.935,49.078],[2.940,49.077],[2.942,49.078],[2.944,49.081],[2.944,49.084],[2.945,49.088],[2.948,49.086],[2.956,49.085],[2.958,49.087],[2.961,49.088],[2.965,49.091],[2.968,49.091],[2.968,49.089],[2.971,49.088],[2.969,49.085],[2.972,49.085],[2.971,49.083],[2.973,49.080],[2.975,49.074],[2.977,49.074],[2.977,49.072],[2.979,49.073],[2.982,49.071],[2.983,49.072],[2.986,49.071],[2.988,49.072],[2.987,49.076],[2.988,49.080],[2.991,49.084],[2.993,49.085],[2.995,49.085],[2.996,49.087],[2.999,49.087],[3.000,49.089],[3.001,49.088],[3.003,49.088],[3.006,49.086],[3.008,49.091],[3.015,49.091],[3.026,49.087],[3.029,49.085],[3.031,49.085],[3.032,49.089],[3.039,49.086],[3.040,49.087],[3.046,49.086],[3.049,49.085],[3.051,49.085],[3.054,49.085],[3.055,49.088],[3.057,49.087],[3.058,49.088],[3.060,49.086],[3.065,49.085],[3.065,49.087],[3.063,49.090],[3.060,49.091],[3.057,49.093],[3.056,49.095],[3.055,49.096],[3.056,49.100],[3.056,49.102],[3.059,49.102],[3.059,49.103],[3.062,49.106],[3.063,49.109],[3.067,49.111],[3.067,49.114],[3.069,49.115],[3.069,49.117],[3.071,49.117],[3.073,49.117],[3.075,49.115],[3.078,49.114],[3.077,49.113],[3.079,49.112],[3.080,49.111],[3.082,49.112],[3.085,49.112],[3.088,49.110],[3.094,49.110],[3.094,49.111],[3.099,49.109],[3.102,49.108],[3.107,49.107],[3.109,49.107],[3.112,49.107],[3.115,49.107],[3.116,49.108],[3.121,49.109],[3.123,49.106],[3.125,49.105],[3.130,49.107],[3.133,49.107],[3.134,49.106],[3.136,49.107],[3.138,49.107],[3.140,49.105],[3.141,49.103],[3.143,49.101],[3.151,49.099],[3.152,49.100],[3.160,49.099],[3.165,49.099],[3.162,49.093],[3.161,49.091],[3.159,49.089],[3.158,49.087],[3.156,49.086],[3.153,49.083],[3.157,49.081],[3.161,49.079],[3.166,49.077],[3.176,49.069],[3.180,49.065],[3.181,49.062],[3.181,49.060],[3.181,49.058],[3.180,49.055],[3.181,49.054],[3.182,49.052],[3.189,49.052],[3.190,49.051],[3.190,49.047],[3.189,49.045],[3.180,49.044],[3.179,49.042],[3.182,49.041],[3.182,49.040],[3.180,49.038],[3.178,49.038],[3.178,49.035],[3.179,49.034],[3.176,49.032],[3.176,49.030],[3.174,49.028],[3.171,49.029],[3.168,49.028],[3.163,49.026],[3.161,49.024],[3.161,49.021],[3.163,49.019],[3.165,49.020],[3.168,49.016],[3.167,49.012],[3.175,49.012],[3.180,49.012],[3.185,49.010],[3.188,49.009],[3.192,49.008],[3.196,49.008],[3.197,49.008],[3.196,49.006],[3.196,49.004],[3.198,49.005],[3.203,49.001],[3.203,49.000],[3.207,49.000],[3.208,48.998],[3.209,48.993],[3.224,48.991],[3.223,48.990],[3.224,48.987],[3.229,48.988],[3.229,48.987],[3.227,48.985],[3.227,48.981],[3.230,48.981],[3.229,48.978],[3.231,48.976],[3.236,48.977],[3.244,48.976],[3.249,48.974],[3.251,48.972],[3.253,48.969],[3.254,48.966],[3.255,48.962],[3.257,48.955],[3.259,48.953],[3.257,48.952],[3.258,48.951],[3.261,48.949],[3.262,48.949],[3.260,48.944],[3.263,48.941],[3.264,48.939],[3.268,48.937],[3.271,48.937],[3.273,48.938],[3.284,48.940],[3.292,48.943],[3.298,48.945],[3.301,48.947],[3.304,48.948],[3.306,48.946],[3.310,48.939],[3.311,48.937],[3.312,48.933],[3.313,48.927],[3.312,48.924],[3.313,48.921],[3.315,48.920],[3.317,48.918],[3.326,48.912],[3.330,48.908],[3.334,48.910],[3.336,48.909],[3.338,48.911],[3.340,48.912],[3.342,48.914],[3.345,48.916],[3.346,48.917],[3.349,48.915],[3.350,48.917],[3.353,48.915],[3.360,48.918],[3.365,48.923],[3.366,48.922],[3.368,48.927],[3.370,48.926],[3.372,48.924],[3.372,48.922],[3.371,48.918],[3.374,48.913],[3.376,48.911],[3.376,48.909],[3.376,48.907],[3.372,48.905],[3.371,48.905],[3.368,48.893],[3.371,48.892],[3.374,48.891],[3.379,48.888],[3.383,48.888],[3.384,48.887],[3.381,48.886],[3.383,48.884],[3.381,48.883],[3.381,48.882],[3.382,48.880],[3.380,48.879],[3.381,48.878],[3.380,48.874],[3.381,48.871],[3.384,48.871],[3.385,48.872],[3.391,48.870],[3.393,48.871],[3.393,48.875],[3.397,48.875],[3.398,48.875],[3.405,48.875],[3.405,48.873],[3.405,48.870],[3.403,48.871],[3.401,48.870],[3.400,48.867],[3.400,48.866],[3.404,48.863],[3.407,48.863],[3.410,48.864],[3.412,48.863],[3.415,48.865],[3.418,48.865],[3.420,48.867],[3.423,48.867],[3.424,48.864],[3.427,48.862],[3.430,48.860],[3.435,48.859],[3.439,48.860],[3.444,48.860],[3.445,48.860],[3.452,48.856],[3.451,48.855],[3.448,48.853],[3.448,48.850],[3.450,48.848],[3.446,48.848],[3.445,48.847],[3.445,48.843],[3.452,48.841],[3.455,48.841],[3.459,48.841],[3.460,48.840],[3.460,48.839],[3.462,48.839],[3.466,48.842],[3.468,48.846],[3.468,48.847],[3.470,48.851],[3.485,48.851],[3.486,48.849],[3.486,48.845],[3.487,48.843],[3.490,48.838],[3.491,48.834],[3.488,48.831],[3.484,48.825],[3.485,48.820],[3.486,48.816],[3.487,48.815],[3.483,48.813],[3.480,48.812],[3.479,48.813],[3.477,48.814],[3.474,48.818],[3.474,48.819],[3.470,48.820],[3.465,48.818],[3.459,48.818],[3.460,48.815],[3.451,48.813],[3.448,48.811],[3.446,48.812],[3.441,48.811],[3.441,48.813],[3.435,48.811],[3.432,48.812],[3.419,48.816],[3.416,48.817],[3.404,48.809],[3.407,48.806],[3.411,48.803],[3.413,48.804],[3.414,48.803],[3.417,48.802],[3.420,48.803],[3.422,48.802],[3.423,48.800],[3.427,48.801],[3.430,48.801],[3.438,48.804],[3.442,48.803],[3.441,48.801],[3.439,48.798],[3.442,48.794],[3.441,48.793],[3.442,48.791],[3.443,48.791],[3.442,48.788],[3.442,48.786],[3.441,48.782],[3.440,48.782],[3.439,48.784],[3.438,48.785],[3.436,48.784],[3.434,48.783],[3.433,48.780],[3.429,48.779],[3.427,48.779],[3.426,48.780],[3.424,48.782],[3.424,48.784],[3.417,48.784],[3.414,48.784],[3.412,48.783],[3.408,48.783],[3.408,48.782],[3.407,48.777],[3.402,48.769],[3.398,48.764],[3.396,48.760],[3.395,48.759],[3.396,48.757],[3.399,48.755],[3.400,48.755],[3.404,48.753],[3.409,48.752],[3.414,48.753],[3.414,48.754],[3.423,48.753],[3.423,48.755],[3.425,48.754],[3.426,48.756],[3.428,48.758],[3.430,48.756],[3.432,48.755],[3.436,48.753],[3.436,48.751],[3.437,48.749],[3.437,48.746],[3.436,48.743],[3.439,48.740],[3.444,48.736],[3.450,48.736],[3.451,48.736],[3.453,48.738],[3.455,48.738],[3.465,48.737],[3.467,48.738],[3.469,48.737],[3.467,48.735],[3.466,48.728],[3.467,48.721],[3.468,48.718],[3.468,48.716],[3.466,48.714],[3.465,48.711],[3.467,48.708],[3.464,48.707],[3.466,48.704],[3.469,48.703],[3.470,48.701],[3.472,48.701],[3.476,48.699],[3.477,48.697],[3.476,48.697],[3.472,48.697],[3.471,48.695],[3.470,48.693],[3.472,48.691],[3.471,48.690],[3.473,48.688],[3.471,48.685],[3.469,48.686],[3.465,48.686],[3.462,48.685],[3.456,48.683],[3.454,48.682],[3.447,48.677],[3.449,48.675],[3.446,48.675],[3.442,48.672],[3.444,48.670],[3.446,48.666],[3.440,48.663],[3.442,48.662],[3.445,48.662],[3.447,48.660],[3.449,48.659],[3.450,48.657],[3.454,48.656],[3.458,48.654],[3.460,48.653],[3.457,48.650],[3.458,48.649],[3.455,48.647],[3.456,48.646],[3.455,48.644],[3.456,48.642],[3.453,48.640],[3.452,48.637],[3.453,48.636],[3.451,48.634],[3.457,48.633],[3.457,48.634],[3.461,48.634],[3.462,48.635],[3.468,48.636],[3.468,48.636],[3.472,48.636],[3.476,48.637],[3.476,48.638],[3.480,48.639],[3.485,48.642],[3.487,48.644],[3.489,48.646],[3.492,48.647],[3.498,48.647],[3.501,48.645],[3.510,48.644],[3.517,48.643],[3.528,48.645],[3.533,48.646],[3.532,48.645],[3.529,48.644],[3.529,48.643],[3.528,48.643],[3.525,48.640],[3.521,48.637],[3.517,48.637],[3.518,48.635],[3.519,48.633],[3.522,48.632],[3.525,48.632],[3.531,48.633],[3.533,48.632],[3.536,48.631],[3.537,48.631],[3.543,48.629],[3.547,48.626],[3.551,48.623],[3.554,48.622],[3.555,48.620],[3.558,48.618],[3.558,48.616],[3.557,48.615],[3.554,48.616],[3.549,48.615],[3.540,48.616],[3.540,48.614],[3.540,48.612],[3.535,48.610],[3.534,48.610],[3.527,48.608],[3.508,48.605],[3.503,48.604],[3.506,48.601],[3.508,48.598],[3.512,48.596],[3.515,48.589],[3.506,48.589],[3.493,48.590],[3.489,48.585],[3.485,48.580],[3.473,48.576],[3.469,48.573],[3.465,48.570],[3.467,48.569],[3.470,48.565],[3.471,48.563],[3.474,48.564],[3.474,48.560],[3.476,48.557],[3.476,48.555],[3.475,48.554],[3.476,48.552],[3.478,48.550],[3.483,48.550],[3.485,48.547],[3.485,48.545],[3.479,48.545],[3.481,48.541],[3.475,48.541],[3.469,48.538],[3.467,48.535],[3.463,48.533],[3.459,48.530],[3.456,48.529],[3.450,48.528],[3.449,48.530],[3.446,48.528],[3.440,48.528],[3.433,48.529],[3.430,48.531],[3.426,48.530],[3.423,48.533],[3.415,48.532],[3.414,48.533],[3.405,48.528],[3.420,48.517],[3.421,48.515],[3.423,48.514],[3.425,48.510],[3.426,48.508],[3.427,48.506],[3.429,48.504],[3.430,48.501],[3.432,48.500],[3.434,48.497],[3.435,48.496],[3.433,48.493],[3.434,48.490],[3.428,48.490],[3.423,48.490],[3.422,48.492],[3.420,48.491],[3.419,48.489],[3.416,48.490],[3.414,48.487],[3.413,48.486],[3.410,48.487],[3.409,48.485],[3.408,48.485],[3.408,48.487],[3.407,48.488],[3.405,48.488],[3.403,48.487],[3.403,48.486],[3.401,48.486],[3.399,48.487],[3.398,48.486],[3.400,48.484],[3.399,48.483],[3.393,48.484],[3.392,48.481],[3.387,48.480],[3.383,48.479],[3.386,48.477],[3.388,48.477],[3.390,48.473],[3.391,48.470],[3.393,48.470],[3.395,48.470],[3.396,48.468],[3.399,48.467],[3.400,48.466],[3.397,48.466],[3.394,48.464],[3.394,48.462],[3.395,48.461],[3.400,48.459],[3.400,48.457],[3.401,48.457],[3.403,48.454],[3.406,48.452],[3.406,48.448],[3.404,48.442],[3.404,48.441],[3.404,48.440],[3.404,48.439],[3.401,48.437],[3.401,48.435],[3.395,48.436],[3.396,48.434],[3.396,48.432],[3.394,48.431],[3.395,48.430],[3.394,48.428],[3.392,48.426],[3.391,48.423],[3.394,48.424],[3.397,48.424],[3.400,48.423],[3.400,48.422],[3.404,48.423],[3.407,48.422],[3.411,48.421],[3.411,48.417],[3.408,48.417],[3.407,48.415],[3.402,48.417],[3.401,48.416],[3.402,48.415],[3.405,48.415],[3.407,48.414],[3.413,48.414],[3.415,48.415],[3.417,48.415],[3.418,48.416],[3.420,48.416],[3.422,48.416],[3.422,48.412],[3.420,48.408],[3.418,48.403],[3.416,48.400],[3.416,48.398],[3.415,48.395],[3.415,48.393],[3.414,48.390],[3.409,48.390],[3.406,48.389],[3.405,48.391],[3.402,48.389],[3.399,48.392],[3.397,48.391],[3.395,48.392],[3.394,48.393],[3.394,48.395],[3.390,48.396],[3.388,48.397],[3.387,48.398],[3.385,48.398],[3.383,48.399],[3.377,48.399],[3.375,48.398],[3.375,48.396],[3.373,48.393],[3.367,48.394],[3.362,48.382],[3.363,48.380],[3.362,48.376],[3.363,48.375],[3.365,48.375],[3.365,48.372],[3.359,48.372],[3.357,48.371],[3.356,48.371],[3.355,48.376],[3.356,48.378],[3.350,48.378],[3.348,48.373],[3.344,48.373],[3.336,48.373],[3.335,48.370],[3.331,48.373],[3.328,48.372],[3.322,48.373],[3.320,48.375],[3.317,48.376],[3.312,48.377],[3.309,48.376],[3.310,48.372],[3.305,48.372],[3.304,48.373],[3.301,48.373],[3.301,48.375],[3.299,48.375],[3.300,48.378],[3.298,48.378],[3.294,48.376],[3.289,48.375],[3.291,48.380],[3.288,48.380],[3.286,48.380],[3.282,48.381],[3.282,48.377],[3.273,48.377],[3.272,48.378],[3.268,48.377],[3.268,48.375],[3.266,48.375],[3.267,48.373],[3.260,48.373],[3.261,48.368],[3.256,48.367],[3.256,48.366],[3.254,48.366],[3.254,48.365],[3.251,48.364],[3.249,48.365],[3.248,48.367],[3.244,48.367],[3.238,48.367],[3.232,48.369],[3.232,48.370],[3.226,48.370],[3.223,48.370],[3.214,48.367],[3.208,48.365],[3.205,48.364],[3.204,48.364],[3.200,48.363],[3.198,48.365],[3.198,48.366],[3.196,48.368],[3.193,48.369],[3.190,48.370],[3.186,48.368],[3.184,48.368],[3.182,48.373],[3.179,48.375],[3.174,48.377],[3.171,48.377],[3.169,48.373],[3.166,48.370],[3.164,48.371],[3.158,48.371],[3.157,48.372],[3.155,48.370],[3.152,48.371],[3.150,48.369],[3.148,48.369],[3.146,48.365],[3.143,48.368],[3.141,48.368],[3.141,48.370],[3.139,48.372],[3.136,48.372],[3.135,48.370],[3.132,48.369],[3.128,48.369],[3.128,48.367],[3.126,48.367],[3.125,48.368],[3.122,48.368],[3.119,48.366],[3.117,48.366],[3.113,48.363],[3.111,48.360],[3.109,48.355],[3.107,48.354],[3.105,48.351],[3.103,48.349],[3.099,48.351],[3.099,48.353],[3.101,48.354],[3.101,48.356],[3.098,48.357],[3.093,48.357],[3.088,48.357],[3.084,48.358],[3.081,48.360],[3.078,48.361],[3.075,48.360],[3.070,48.358],[3.067,48.357],[3.060,48.357],[3.058,48.358],[3.054,48.360],[3.049,48.360],[3.048,48.358],[3.046,48.357],[3.041,48.350],[3.040,48.347],[3.038,48.345],[3.037,48.342],[3.039,48.341],[3.038,48.340],[3.036,48.340],[3.036,48.337],[3.036,48.335],[3.042,48.332],[3.042,48.331],[3.043,48.330],[3.041,48.329],[3.037,48.328],[3.036,48.326],[3.032,48.323],[3.028,48.321],[3.028,48.319],[3.026,48.319],[3.027,48.317],[3.025,48.316],[3.024,48.314],[3.022,48.314],[3.015,48.307],[3.014,48.306],[3.015,48.305],[3.019,48.303],[3.021,48.303],[3.027,48.302],[3.027,48.300],[3.025,48.299],[3.020,48.296],[3.018,48.294],[3.025,48.290],[3.027,48.287],[3.029,48.285],[3.026,48.281],[3.024,48.276],[3.028,48.275],[3.031,48.273],[3.037,48.273],[3.044,48.271],[3.045,48.270],[3.046,48.266],[3.043,48.263],[3.042,48.262],[3.045,48.259],[3.046,48.255],[3.046,48.253],[3.047,48.249],[3.043,48.249],[3.035,48.250],[3.031,48.248],[3.029,48.246],[3.026,48.242],[3.027,48.241],[3.018,48.235],[3.020,48.234],[3.018,48.231],[3.022,48.230],[3.018,48.226],[3.013,48.223],[3.011,48.220],[3.010,48.218],[3.006,48.214],[3.008,48.212],[3.004,48.206],[3.002,48.207],[2.999,48.206],[2.996,48.207],[2.994,48.205],[2.993,48.204],[2.991,48.205],[2.991,48.207],[2.988,48.209],[2.985,48.208],[2.981,48.206],[2.979,48.205],[2.973,48.205],[2.971,48.203],[2.971,48.201],[2.973,48.198],[2.973,48.196],[2.971,48.194],[2.967,48.192],[2.965,48.192],[2.958,48.191],[2.955,48.192],[2.948,48.189],[2.945,48.186],[2.940,48.183],[2.936,48.183],[2.935,48.179],[2.934,48.178],[2.935,48.176],[2.934,48.175],[2.934,48.172],[2.935,48.171],[2.935,48.166],[2.936,48.163],[2.924,48.162],[2.900,48.159],[2.876,48.157],[2.868,48.156],[2.866,48.156],[2.863,48.151],[2.862,48.151],[2.859,48.147],[2.854,48.144],[2.850,48.142],[2.849,48.141],[2.846,48.141],[2.846,48.139],[2.842,48.138],[2.838,48.136],[2.836,48.134],[2.830,48.134],[2.825,48.133],[2.824,48.133],[2.820,48.129],[2.817,48.129],[2.813,48.131],[2.810,48.130],[2.807,48.131],[2.801,48.131],[2.800,48.133],[2.799,48.137],[2.796,48.141],[2.797,48.143],[2.798,48.144],[2.799,48.145],[2.799,48.146],[2.801,48.149],[2.798,48.150],[2.797,48.151],[2.798,48.152],[2.802,48.155],[2.803,48.155],[2.807,48.158],[2.808,48.158],[2.808,48.160],[2.810,48.161],[2.810,48.162],[2.811,48.163],[2.810,48.166],[2.808,48.166],[2.806,48.165],[2.801,48.164],[2.800,48.164],[2.800,48.168],[2.797,48.167],[2.795,48.169],[2.794,48.168],[2.793,48.165],[2.792,48.164],[2.785,48.166],[2.779,48.167],[2.776,48.165],[2.775,48.164],[2.773,48.162],[2.771,48.161],[2.769,48.162],[2.768,48.162],[2.767,48.164],[2.758,48.163],[2.759,48.161],[2.755,48.160],[2.752,48.162],[2.750,48.162],[2.746,48.163],[2.738,48.165],[2.736,48.166],[2.741,48.159],[2.742,48.159],[2.743,48.158],[2.745,48.158],[2.746,48.157],[2.749,48.155],[2.750,48.154],[2.753,48.153],[2.755,48.149],[2.755,48.145],[2.750,48.145],[2.746,48.143],[2.720,48.136],[2.719,48.134],[2.718,48.132],[2.714,48.129],[2.707,48.125],[2.705,48.123],[2.703,48.124],[2.696,48.125],[2.694,48.125],[2.692,48.123],[2.688,48.124],[2.683,48.124],[2.678,48.124],[2.677,48.125],[2.672,48.124],[2.671,48.122],[2.668,48.120],[2.664,48.120],[2.660,48.124],[2.656,48.127],[2.644,48.137],[2.643,48.137],[2.639,48.138],[2.633,48.138],[2.630,48.137],[2.621,48.136],[2.617,48.135],[2.612,48.132],[2.602,48.131],[2.593,48.131],[2.590,48.132],[2.586,48.131],[2.580,48.132],[2.576,48.131],[2.574,48.131],[2.570,48.140],[2.558,48.141],[2.554,48.140],[2.548,48.140],[2.541,48.141],[2.537,48.140],[2.529,48.134],[2.522,48.128],[2.521,48.127],[2.519,48.127],[2.521,48.125],[2.519,48.125],[2.516,48.126],[2.490,48.126],[2.481,48.128],[2.476,48.129],[2.472,48.128],[2.469,48.129],[2.467,48.127],[2.464,48.129],[2.460,48.126],[2.458,48.125],[2.454,48.122],[2.451,48.123],[2.449,48.125],[2.444,48.124],[2.442,48.125],[2.444,48.131],[2.447,48.131],[2.448,48.132],[2.451,48.132],[2.451,48.134],[2.454,48.135],[2.460,48.136],[2.463,48.140],[2.464,48.143],[2.465,48.144],[2.467,48.148],[2.474,48.148],[2.473,48.154],[2.475,48.156],[2.478,48.155],[2.478,48.156],[2.481,48.162],[2.483,48.164],[2.488,48.162],[2.497,48.159],[2.499,48.159],[2.502,48.158],[2.506,48.156],[2.516,48.166],[2.516,48.166],[2.514,48.168],[2.514,48.169],[2.512,48.170],[2.515,48.174],[2.512,48.176],[2.507,48.179],[2.508,48.180],[2.508,48.181],[2.510,48.183],[2.513,48.185],[2.518,48.189],[2.517,48.190],[2.513,48.190],[2.512,48.192],[2.514,48.192],[2.517,48.194],[2.523,48.194],[2.522,48.200],[2.519,48.200],[2.518,48.201],[2.519,48.204],[2.521,48.206],[2.516,48.209],[2.517,48.214],[2.514,48.214],[2.514,48.216],[2.515,48.217],[2.514,48.218],[2.513,48.224],[2.518,48.227],[2.515,48.227],[2.510,48.226],[2.506,48.225],[2.507,48.230],[2.507,48.232],[2.506,48.238],[2.500,48.238],[2.494,48.238],[2.492,48.239],[2.487,48.239],[2.486,48.240],[2.484,48.239],[2.476,48.244],[2.478,48.249],[2.475,48.250],[2.476,48.251],[2.469,48.255],[2.458,48.251],[2.452,48.250],[2.450,48.250],[2.450,48.251],[2.446,48.255],[2.443,48.254],[2.442,48.253],[2.440,48.253],[2.438,48.254],[2.433,48.254],[2.430,48.255],[2.428,48.256],[2.426,48.259],[2.423,48.260],[2.422,48.261],[2.421,48.263],[2.419,48.266],[2.421,48.267],[2.418,48.271],[2.417,48.272],[2.418,48.274],[2.419,48.275],[2.419,48.277],[2.417,48.278],[2.418,48.281],[2.419,48.282],[2.420,48.285],[2.421,48.285],[2.423,48.287],[2.422,48.290],[2.423,48.294],[2.421,48.296],[2.421,48.298],[2.418,48.300],[2.418,48.301],[2.414,48.304],[2.413,48.306],[2.408,48.309],[2.409,48.309],[2.405,48.314],[2.404,48.314],[2.404,48.317],[2.402,48.318],[2.402,48.320],[2.398,48.318],[2.399,48.315],[2.397,48.314],[2.395,48.314],[2.390,48.313],[2.388,48.312],[2.386,48.311],[2.382,48.311],[2.381,48.311],[2.375,48.310],[2.369,48.308],[2.369,48.309],[2.367,48.312],[2.361,48.309],[2.358,48.308],[2.355,48.310],[2.356,48.311],[2.354,48.313],[2.353,48.314],[2.348,48.315],[2.348,48.316],[2.345,48.316],[2.346,48.317],[2.341,48.316],[2.340,48.320],[2.336,48.325],[2.334,48.327],[2.328,48.326],[2.329,48.329],[2.328,48.331],[2.327,48.332],[2.326,48.329],[2.324,48.329],[2.324,48.331],[2.323,48.332],[2.318,48.330],[2.317,48.331],[2.312,48.330],[2.313,48.328],[2.311,48.328],[2.309,48.326],[2.308,48.324],[2.307,48.324],[2.301,48.315],[2.300,48.315],[2.298,48.312],[2.300,48.311],[2.295,48.308],[2.290,48.309],[2.288,48.310],[2.285,48.311],[2.283,48.312],[2.280,48.312],[2.277,48.312],[2.272,48.312],[2.272,48.313],[2.268,48.313],[2.269,48.315],[2.266,48.314],[2.262,48.310],[2.265,48.309],[2.262,48.308],[2.261,48.306],[2.258,48.307],[2.255,48.302],[2.253,48.300],[2.252,48.300],[2.245,48.298],[2.245,48.300],[2.244,48.302],[2.246,48.305],[2.246,48.308],[2.249,48.314],[2.249,48.316],[2.245,48.316],[2.238,48.316],[2.240,48.321],[2.241,48.321],[2.244,48.325],[2.246,48.329],[2.246,48.331],[2.242,48.332],[2.241,48.331],[2.239,48.330],[2.237,48.332],[2.236,48.330],[2.233,48.330],[2.235,48.329],[2.234,48.327],[2.230,48.329],[2.227,48.329],[2.229,48.331],[2.228,48.332],[2.226,48.332],[2.223,48.336],[2.219,48.335],[2.217,48.333],[2.215,48.334],[2.215,48.337],[2.213,48.337],[2.211,48.338],[2.212,48.340],[2.207,48.341],[2.207,48.344],[2.202,48.344],[2.201,48.343],[2.205,48.342],[2.202,48.338],[2.198,48.337],[2.197,48.336],[2.195,48.335],[2.191,48.333],[2.190,48.332],[2.187,48.332],[2.188,48.329],[2.188,48.328],[2.185,48.326],[2.182,48.324],[2.182,48.321],[2.184,48.322],[2.184,48.321],[2.182,48.314],[2.180,48.313],[2.180,48.311],[2.174,48.314],[2.171,48.315],[2.169,48.312],[2.154,48.314],[2.154,48.315],[2.152,48.315],[2.151,48.313],[2.154,48.307],[2.155,48.304],[2.160,48.304],[2.163,48.298],[2.160,48.298],[2.156,48.299],[2.145,48.299],[2.136,48.299],[2.132,48.298],[2.110,48.296],[2.113,48.307],[2.106,48.307],[2.104,48.307],[2.099,48.304],[2.098,48.302],[2.096,48.301],[2.093,48.300],[2.091,48.299],[2.089,48.297],[2.089,48.295],[2.085,48.294],[2.081,48.293],[2.070,48.294],[2.067,48.294],[2.058,48.294],[2.052,48.295],[2.051,48.294],[2.051,48.290],[2.049,48.289],[2.043,48.286],[2.041,48.284],[2.039,48.285],[2.039,48.286],[2.036,48.286],[2.037,48.288],[2.034,48.288],[2.024,48.289],[2.024,48.287],[2.020,48.287],[2.020,48.286],[2.011,48.285],[2.011,48.284],[2.007,48.285],[2.007,48.284],[2.004,48.284],[2.003,48.286],[1.994,48.286],[1.990,48.287],[1.989,48.286],[1.981,48.288],[1.980,48.287],[1.975,48.287],[1.975,48.288],[1.972,48.288],[1.974,48.292],[1.980,48.292],[1.982,48.295],[1.980,48.295],[1.975,48.296],[1.974,48.293],[1.971,48.293],[1.972,48.296],[1.969,48.296],[1.965,48.295],[1.963,48.297],[1.961,48.304],[1.962,48.305],[1.958,48.306],[1.959,48.307],[1.959,48.308],[1.964,48.311],[1.969,48.313],[1.969,48.314],[1.973,48.315],[1.974,48.315],[1.974,48.312],[1.979,48.312],[1.978,48.313],[1.979,48.318],[1.980,48.318],[1.974,48.323],[1.978,48.326],[1.982,48.328],[1.974,48.335],[1.970,48.338],[1.968,48.341],[1.970,48.342],[1.969,48.343],[1.975,48.344],[1.974,48.346],[1.975,48.347],[1.974,48.351],[1.972,48.354],[1.973,48.355],[1.978,48.358],[1.982,48.360],[1.986,48.362],[1.989,48.363],[1.986,48.363],[1.984,48.365],[1.983,48.366],[1.984,48.368],[1.983,48.368],[1.978,48.368],[1.980,48.370],[1.979,48.371],[1.981,48.372],[1.982,48.374],[1.980,48.374],[1.980,48.378],[1.977,48.378],[1.976,48.380],[1.966,48.380],[1.967,48.381],[1.968,48.384],[1.969,48.383],[1.972,48.388],[1.974,48.389],[1.972,48.394],[1.973,48.395],[1.977,48.399],[1.976,48.399],[1.978,48.402],[1.971,48.401],[1.967,48.402],[1.965,48.403],[1.962,48.404],[1.952,48.406],[1.946,48.406],[1.940,48.405],[1.935,48.404],[1.932,48.403],[1.928,48.406],[1.932,48.410],[1.925,48.412],[1.927,48.416],[1.931,48.416],[1.932,48.420],[1.938,48.419],[1.939,48.419],[1.940,48.425],[1.937,48.426],[1.936,48.427],[1.938,48.428],[1.936,48.430],[1.936,48.431],[1.939,48.431],[1.939,48.434],[1.936,48.434],[1.942,48.441],[1.940,48.441],[1.935,48.440],[1.932,48.442],[1.934,48.443],[1.931,48.444],[1.932,48.449],[1.928,48.450],[1.930,48.453],[1.927,48.454],[1.929,48.456],[1.922,48.457],[1.923,48.453],[1.920,48.447],[1.911,48.447],[1.911,48.445],[1.907,48.445],[1.906,48.440],[1.904,48.439],[1.904,48.438],[1.898,48.439],[1.896,48.438],[1.891,48.440],[1.888,48.439],[1.886,48.439],[1.879,48.440],[1.875,48.440],[1.871,48.439],[1.869,48.440],[1.869,48.441],[1.866,48.442],[1.864,48.442],[1.863,48.444],[1.861,48.444],[1.860,48.445],[1.857,48.445],[1.857,48.446],[1.852,48.446],[1.844,48.446],[1.845,48.447],[1.845,48.449],[1.844,48.449],[1.844,48.452],[1.839,48.452],[1.839,48.456],[1.838,48.460],[1.835,48.463],[1.836,48.467],[1.832,48.467],[1.828,48.467],[1.822,48.465],[1.815,48.465],[1.811,48.466],[1.807,48.465],[1.801,48.466],[1.803,48.469],[1.801,48.471],[1.803,48.472],[1.799,48.475],[1.798,48.475],[1.795,48.477],[1.794,48.479],[1.791,48.481],[1.796,48.484],[1.794,48.485],[1.794,48.485],[1.791,48.486],[1.792,48.487],[1.785,48.490],[1.786,48.492],[1.789,48.494],[1.790,48.496],[1.788,48.497],[1.789,48.500],[1.783,48.500],[1.781,48.505],[1.780,48.507],[1.779,48.509],[1.776,48.509],[1.776,48.514],[1.778,48.517],[1.777,48.521],[1.775,48.527],[1.779,48.535],[1.782,48.539],[1.780,48.54],[1.784,48.544],[1.783,48.546],[1.785,48.548],[1.787,48.553],[1.778,48.552],[1.778,48.553],[1.776,48.555],[1.767,48.558],[1.766,48.560],[1.762,48.565],[1.763,48.567],[1.762,48.567],[1.765,48.569],[1.761,48.571],[1.758,48.573],[1.757,48.574],[1.753,48.574],[1.745,48.576],[1.743,48.572],[1.742,48.573],[1.736,48.572],[1.731,48.575],[1.727,48.572],[1.723,48.574],[1.717,48.576],[1.709,48.578],[1.710,48.581],[1.701,48.585],[1.705,48.588],[1.709,48.595],[1.710,48.595],[1.714,48.598],[1.713,48.599],[1.718,48.605],[1.717,48.607],[1.718,48.609],[1.716,48.610],[1.715,48.613],[1.714,48.614],[1.705,48.613],[1.702,48.611],[1.701,48.612],[1.699,48.612],[1.692,48.614],[1.690,48.614],[1.689,48.611],[1.687,48.611],[1.685,48.613],[1.683,48.613],[1.682,48.615],[1.690,48.616],[1.690,48.617],[1.684,48.619],[1.681,48.618],[1.678,48.618],[1.676,48.617],[1.674,48.614],[1.672,48.615],[1.667,48.617],[1.667,48.615],[1.667,48.614],[1.666,48.613],[1.663,48.616],[1.659,48.618],[1.657,48.621],[1.655,48.622],[1.657,48.626],[1.658,48.627],[1.656,48.628],[1.656,48.629],[1.649,48.632],[1.649,48.635],[1.650,48.637],[1.649,48.638],[1.645,48.640],[1.641,48.642],[1.639,48.644],[1.638,48.645],[1.641,48.647],[1.643,48.648],[1.643,48.651],[1.638,48.650],[1.635,48.649],[1.631,48.648],[1.627,48.650],[1.625,48.649],[1.622,48.650],[1.621,48.649],[1.612,48.654],[1.611,48.656],[1.608,48.658],[1.603,48.662],[1.602,48.664],[1.601,48.665],[1.601,48.668],[1.608,48.672],[1.606,48.673],[1.604,48.675],[1.605,48.677],[1.605,48.678],[1.609,48.682],[1.610,48.685],[1.611,48.689],[1.605,48.689],[1.602,48.690],[1.599,48.691],[1.594,48.694],[1.591,48.692],[1.586,48.695],[1.582,48.696],[1.585,48.699],[1.582,48.700],[1.580,48.701],[1.576,48.702],[1.584,48.705],[1.591,48.707],[1.591,48.708],[1.587,48.710],[1.588,48.711],[1.594,48.716],[1.597,48.721],[1.601,48.720],[1.603,48.724],[1.608,48.728],[1.610,48.728],[1.611,48.731],[1.615,48.736],[1.620,48.736],[1.622,48.738],[1.621,48.738],[1.623,48.741],[1.621,48.741],[1.626,48.748],[1.623,48.749],[1.612,48.756],[1.609,48.757],[1.608,48.760],[1.606,48.760],[1.600,48.760],[1.589,48.761],[1.585,48.761],[1.582,48.762],[1.584,48.763],[1.581,48.765],[1.587,48.773],[1.583,48.775],[1.584,48.777],[1.580,48.777],[1.581,48.779],[1.577,48.781],[1.576,48.783],[1.576,48.787],[1.577,48.788],[1.575,48.791],[1.580,48.793],[1.577,48.795],[1.579,48.796],[1.578,48.798],[1.579,48.799],[1.578,48.801],[1.579,48.802],[1.577,48.805],[1.580,48.805],[1.582,48.805],[1.583,48.807],[1.579,48.808],[1.580,48.810],[1.583,48.810],[1.591,48.814],[1.589,48.819],[1.584,48.826],[1.578,48.829],[1.580,48.830],[1.584,48.832],[1.593,48.833],[1.595,48.836],[1.596,48.836],[1.597,48.839],[1.592,48.840],[1.593,48.841],[1.586,48.843],[1.582,48.844],[1.577,48.844],[1.578,48.849],[1.579,48.850],[1.581,48.855],[1.583,48.858],[1.584,48.860],[1.580,48.861],[1.578,48.860],[1.573,48.863],[1.572,48.863],[1.569,48.865],[1.564,48.866],[1.560,48.867],[1.558,48.864],[1.555,48.865],[1.553,48.866],[1.547,48.871],[1.546,48.872],[1.548,48.875],[1.551,48.875],[1.553,48.877],[1.554,48.879],[1.556,48.880],[1.556,48.882],[1.559,48.882],[1.561,48.887],[1.561,48.887],[1.563,48.890],[1.557,48.891],[1.553,48.893],[1.553,48.895],[1.550,48.896],[1.549,48.897],[1.549,48.898],[1.547,48.899],[1.546,48.901],[1.543,48.900],[1.542,48.903],[1.539,48.904],[1.538,48.908],[1.541,48.908],[1.545,48.910],[1.545,48.912],[1.542,48.914],[1.540,48.916],[1.540,48.918],[1.538,48.922],[1.535,48.922],[1.533,48.922],[1.529,48.924],[1.524,48.924],[1.522,48.924],[1.518,48.925],[1.514,48.921],[1.511,48.923],[1.507,48.927],[1.507,48.929],[1.508,48.930],[1.511,48.931],[1.512,48.934],[1.511,48.935],[1.502,48.940],[1.501,48.941],[1.511,48.953],[1.505,48.953],[1.505,48.952],[1.502,48.952],[1.501,48.952],[1.494,48.956],[1.498,48.956],[1.498,48.959],[1.499,48.960],[1.496,48.962],[1.491,48.964],[1.496,48.969],[1.505,48.972],[1.505,48.973],[1.511,48.975],[1.515,48.976],[1.518,48.978],[1.512,48.978],[1.509,48.982],[1.507,48.983],[1.504,48.982],[1.500,48.981],[1.498,48.979],[1.498,48.979],[1.491,48.979],[1.487,48.979],[1.484,48.979],[1.481,48.978],[1.478,48.980],[1.475,48.979],[1.477,48.976],[1.475,48.975],[1.470,48.974],[1.467,48.979],[1.466,48.983],[1.464,48.984],[1.462,48.984],[1.460,48.986],[1.461,48.988],[1.471,48.989],[1.470,48.991],[1.469,48.993],[1.471,48.994],[1.474,48.997],[1.476,48.997],[1.478,48.998],[1.478,48.999],[1.480,49.001],[1.480,49.007],[1.474,49.009],[1.477,49.013],[1.476,49.016],[1.474,49.017],[1.470,49.019],[1.464,49.022],[1.461,49.023],[1.457,49.026],[1.457,49.030],[1.457,49.034],[1.453,49.038],[1.450,49.042],[1.446,49.046],[1.449,49.047],[1.452,49.050],[1.447,49.053],[1.455,49.057],[1.456,49.057],[1.457,49.058],[1.460,49.062],[1.461,49.064],[1.464,49.062],[1.464,49.060],[1.466,49.059],[1.468,49.059],[1.472,49.057],[1.473,49.054],[1.475,49.054],[1.478,49.052],[1.480,49.052],[1.482,49.052],[1.485,49.051],[1.487,49.051],[1.487,49.053],[1.493,49.056],[1.497,49.058],[1.503,49.059],[1.506,49.062],[1.510,49.067],[1.509,49.070],[1.511,49.074],[1.512,49.074],[1.514,49.079],[1.512,49.081],[1.510,49.081],[1.509,49.083],[1.506,49.084],[1.507,49.085],[1.511,49.083],[1.512,49.083],[1.515,49.080],[1.518,49.077],[1.516,49.076],[1.517,49.073],[1.519,49.072],[1.520,49.069],[1.521,49.068],[1.523,49.069],[1.525,49.069],[1.527,49.069],[1.530,49.070],[1.532,49.071],[1.533,49.071],[1.538,49.072],[1.541,49.073],[1.542,49.072],[1.545,49.072],[1.547,49.072],[1.550,49.072],[1.553,49.070],[1.556,49.07],[1.558,49.069],[1.561,49.070],[1.562,49.071],[1.565,49.071],[1.566,49.073],[1.569,49.073],[1.570,49.074],[1.570,49.076],[1.572,49.076],[1.573,49.078],[1.577,49.078],[1.579,49.078],[1.580,49.079],[1.585,49.080],[1.587,49.081],[1.589,49.081],[1.592,49.082],[1.593,49.082],[1.598,49.084],[1.602,49.084],[1.605,49.085],[1.607,49.084],[1.603,49.083],[1.605,49.081],[1.608,49.077],[1.612,49.079],[1.613,49.080],[1.615,49.082],[1.623,49.086],[1.619,49.087],[1.618,49.088],[1.623,49.090],[1.623,49.093],[1.617,49.093],[1.618,49.096],[1.620,49.097],[1.622,49.101],[1.627,49.103],[1.627,49.105],[1.629,49.107],[1.629,49.109],[1.633,49.111],[1.632,49.112],[1.634,49.113],[1.635,49.114],[1.640,49.116],[1.641,49.116],[1.644,49.118],[1.645,49.120],[1.646,49.121],[1.646,49.123],[1.647,49.124],[1.649,49.125],[1.650,49.127],[1.652,49.128],[1.652,49.129],[1.655,49.130],[1.655,49.131],[1.657,49.131],[1.657,49.135],[1.656,49.137],[1.654,49.136],[1.652,49.138],[1.653,49.139],[1.653,49.144],[1.656,49.147],[1.656,49.148],[1.658,49.148],[1.659,49.151],[1.664,49.153],[1.663,49.154],[1.660,49.156],[1.660,49.157],[1.662,49.159],[1.664,49.162],[1.664,49.165],[1.670,49.169],[1.668,49.171],[1.668,49.173],[1.666,49.175],[1.666,49.176],[1.667,49.177],[1.667,49.179],[1.671,49.180],[1.670,49.184],[1.669,49.185],[1.669,49.186],[1.671,49.191],[1.670,49.193],[1.674,49.196],[1.675,49.198],[1.676,49.200],[1.676,49.203],[1.672,49.206],[1.674,49.208],[1.673,49.209],[1.674,49.211],[1.676,49.211],[1.677,49.213],[1.680,49.214],[1.682,49.216],[1.684,49.216],[1.686,49.218],[1.688,49.218],[1.688,49.219],[1.691,49.220],[1.690,49.222],[1.691,49.223],[1.698,49.224],[1.698,49.226],[1.702,49.227],[1.704,49.229],[1.702,49.231],[1.704,49.232],[1.705,49.234],[1.707,49.235],[1.708,49.235],[1.710,49.239],[1.709,49.241],[1.712,49.241],[1.712,49.238],[1.713,49.237],[1.713,49.235],[1.712,49.233],[1.715,49.233],[1.721,49.230],[1.724,49.230],[1.729,49.229],[1.732,49.228],[1.733,49.226],[1.736,49.226],[1.738,49.224],[1.740,49.223],[1.735,49.221],[1.734,49.221],[1.735,49.215],[1.732,49.215],[1.733,49.210],[1.729,49.210],[1.728,49.209],[1.723,49.209],[1.721,49.210],[1.720,49.206],[1.714,49.207],[1.715,49.204],[1.715,49.202],[1.718,49.202],[1.719,49.201],[1.722,49.202],[1.722,49.200],[1.725,49.200],[1.725,49.199],[1.725,49.195],[1.726,49.194],[1.729,49.194],[1.732,49.195],[1.737,49.194],[1.736,49.192],[1.739,49.192],[1.741,49.188],[1.741,49.185],[1.744,49.183],[1.740,49.180],[1.742,49.179],[1.754,49.175],[1.755,49.174],[1.775,49.183],[1.780,49.184],[1.784,49.185],[1.786,49.184],[1.786,49.183],[1.788,49.181],[1.789,49.181],[1.790,49.179],[1.794,49.180],[1.793,49.183],[1.795,49.185],[1.802,49.184],[1.803,49.179],[1.806,49.180],[1.810,49.179],[1.813,49.178],[1.814,49.175],[1.811,49.174],[1.811,49.173],[1.814,49.173],[1.816,49.173],[1.815,49.174],[1.819,49.175],[1.819,49.176],[1.821,49.178],[1.826,49.179],[1.827,49.178],[1.831,49.175],[1.834,49.175],[1.834,49.174],[1.837,49.173],[1.837,49.171],[1.835,49.169],[1.834,49.165],[1.836,49.164],[1.838,49.166],[1.844,49.170],[1.845,49.169],[1.851,49.170],[1.855,49.171],[1.856,49.171],[1.858,49.169],[1.867,49.172],[1.868,49.171],[1.876,49.175],[1.877,49.171],[1.881,49.167],[1.883,49.166],[1.882,49.162],[1.887,49.163],[1.887,49.164],[1.890,49.164],[1.894,49.164],[1.894,49.166],[1.910,49.169],[1.916,49.171],[1.921,49.172],[1.923,49.172],[1.924,49.173],[1.926,49.173],[1.931,49.174],[1.934,49.173],[1.935,49.172],[1.934,49.170],[1.941,49.170],[1.942,49.169],[1.945,49.171],[1.949,49.170],[1.955,49.172],[1.960,49.173],[1.962,49.174],[1.964,49.176],[1.971,49.180],[1.973,49.183],[1.975,49.183],[1.982,49.181],[1.983,49.179],[1.988,49.178],[1.990,49.176],[1.992,49.176],[1.994,49.176],[1.997,49.176],[2.001,49.175],[2.021,49.188],[2.024,49.188],[2.028,49.187],[2.032,49.188],[2.033,49.188],[2.035,49.190],[2.039,49.193],[2.042,49.194],[2.046,49.196],[2.047,49.198],[2.053,49.198],[2.058,49.199],[2.066,49.202],[2.071,49.204],[2.072,49.206],[2.074,49.208],[2.077,49.208],[2.077,49.209],[2.080,49.210],[2.080,49.208],[2.081,49.206],[2.082,49.205],[2.085,49.206],[2.088,49.208],[2.091,49.208],[2.090,49.206],[2.091,49.205],[2.090,49.201],[2.092,49.201],[2.090,49.198],[2.092,49.197],[2.092,49.195],[2.089,49.196],[2.089,49.193],[2.092,49.194],[2.094,49.192],[2.096,49.191],[2.095,49.190],[2.097,49.189],[2.102,49.190],[2.103,49.188],[2.109,49.190],[2.109,49.188],[2.111,49.186],[2.113,49.186],[2.117,49.187],[2.122,49.188],[2.125,49.191],[2.125,49.192],[2.128,49.193],[2.130,49.192],[2.130,49.191],[2.131,49.190],[2.135,49.191],[2.135,49.188],[2.137,49.180],[2.136,49.179],[2.140,49.178],[2.141,49.181],[2.140,49.185],[2.147,49.188],[2.148,49.184],[2.155,49.182],[2.158,49.182],[2.161,49.179],[2.164,49.179],[2.164,49.178],[2.161,49.175],[2.160,49.174],[2.157,49.172],[2.162,49.168],[2.163,49.166],[2.167,49.164],[2.168,49.163],[2.171,49.164],[2.170,49.166],[2.171,49.167],[2.175,49.169],[2.179,49.170],[2.182,49.170],[2.179,49.173],[2.178,49.174],[2.174,49.175],[2.176,49.176],[2.181,49.173],[2.182,49.174],[2.186,49.173],[2.189,49.173],[2.192,49.173],[2.195,49.173],[2.199,49.175],[2.201,49.174],[2.204,49.174],[2.209,49.175],[2.217,49.179],[2.218,49.180],[2.219,49.179],[2.223,49.173],[2.226,49.172],[2.230,49.170],[2.235,49.167],[2.234,49.166],[2.226,49.162],[2.224,49.162],[2.222,49.159],[2.216,49.154],[2.217,49.153],[2.223,49.151],[2.229,49.151],[2.238,49.151],[2.241,49.151],[2.241,49.153],[2.249,49.153],[2.253,49.152],[2.258,49.155],[2.262,49.158],[2.268,49.155],[2.271,49.157],[2.277,49.158],[2.281,49.158],[2.282,49.159],[2.286,49.159],[2.285,49.163],[2.285,49.165],[2.287,49.165],[2.286,49.167],[2.289,49.168],[2.288,49.170],[2.290,49.171],[2.294,49.171],[2.295,49.173],[2.296,49.176],[2.299,49.175],[2.300,49.181],[2.301,49.183],[2.304,49.183],[2.306,49.184],[2.310,49.184],[2.310,49.186],[2.313,49.185],[2.318,49.185],[2.321,49.184],[2.319,49.182],[2.323,49.179],[2.325,49.178],[2.325,49.177],[2.336,49.170],[2.341,49.165],[2.346,49.161],[2.349,49.159],[2.353,49.153],[2.355,49.153],[2.354,49.151],[2.353,49.151],[2.355,49.148],[2.357,49.148],[2.359,49.147],[2.360,49.148],[2.362,49.150],[2.362,49.152],[2.364,49.152],[2.365,49.154],[2.366,49.153],[2.367,49.155],[2.370,49.156],[2.370,49.158],[2.372,49.159],[2.376,49.159],[2.380,49.158],[2.389,49.150],[2.391,49.149],[2.397,49.150],[2.405,49.151],[2.413,49.152],[2.415,49.151],[2.415,49.149],[2.419,49.149],[2.425,49.149],[2.431,49.148],[2.437,49.146],[2.440,49.145],[2.435,49.133],[2.437,49.134],[2.441,49.134],[2.447,49.135],[2.453,49.138],[2.454,49.139],[2.458,49.141],[2.462,49.139],[2.461,49.135],[2.467,49.135],[2.467,49.135],[2.469,49.134],[2.471,49.135],[2.475,49.131],[2.477,49.131],[2.475,49.128],[2.487,49.125],[2.499,49.122],[2.503,49.117],[2.491,49.111],[2.489,49.106],[2.493,49.105],[2.497,49.105],[2.499,49.104],[2.505,49.103],[2.510,49.103],[2.510,49.104],[2.524,49.100],[2.526,49.100],[2.531,49.099],[2.532,49.119],[2.536,49.12],[2.538,49.121],[2.540,49.122],[2.543,49.121],[2.543,49.119],[2.538,49.118],[2.539,49.116],[2.547,49.116],[2.547,49.120],[2.548,49.121],[2.553,49.124],[2.557,49.123],[2.557,49.121],[2.556,49.117],[2.551,49.112],[2.552,49.111],[2.555,49.109],[2.558,49.103],[2.558,49.101],[2.557,49.099],[2.558,49.098],[2.561,49.096],[2.562,49.097],[2.565,49.095],[2.566,49.094],[2.567,49.094],[2.570,49.094],[2.571,49.095],[2.574,49.093],[2.578,49.091],[2.579,49.089],[2.577,49.088],[2.579,49.086],[2.578,49.084],[2.582,49.082],[2.583,49.080],[2.586,49.079],[2.590,49.079]]]}},{"properties":{"regionId":"bordeaux","iso":"FR"},"type":"Feature","geometry":{"type":"MultiPolygon","coordinates":[[[[1.415,46.347],[1.416,46.347],[1.417,46.349],[1.420,46.351],[1.427,46.353],[1.428,46.354],[1.429,46.353],[1.430,46.354],[1.433,46.354],[1.436,46.355],[1.440,46.356],[1.438,46.357],[1.438,46.358],[1.435,46.360],[1.435,46.361],[1.434,46.364],[1.436,46.365],[1.438,46.364],[1.439,46.365],[1.442,46.365],[1.441,46.369],[1.442,46.370],[1.444,46.370],[1.445,46.371],[1.446,46.375],[1.449,46.373],[1.450,46.374],[1.453,46.376],[1.456,46.375],[1.460,46.375],[1.462,46.376],[1.465,46.374],[1.467,46.376],[1.468,46.379],[1.466,46.379],[1.466,46.381],[1.468,46.383],[1.472,46.383],[1.477,46.393],[1.487,46.397],[1.492,46.398],[1.494,46.396],[1.496,46.394],[1.497,46.395],[1.497,46.397],[1.498,46.398],[1.500,46.398],[1.500,46.402],[1.499,46.402],[1.500,46.406],[1.501,46.406],[1.502,46.408],[1.504,46.408],[1.506,46.410],[1.509,46.412],[1.509,46.417],[1.511,46.418],[1.511,46.420],[1.512,46.420],[1.515,46.422],[1.519,46.423],[1.521,46.424],[1.521,46.426],[1.526,46.426],[1.529,46.425],[1.533,46.425],[1.534,46.426],[1.536,46.424],[1.533,46.422],[1.535,46.420],[1.537,46.421],[1.540,46.420],[1.544,46.419],[1.544,46.417],[1.543,46.414],[1.543,46.411],[1.544,46.409],[1.545,46.407],[1.546,46.406],[1.545,46.402],[1.546,46.401],[1.545,46.398],[1.545,46.397],[1.546,46.393],[1.547,46.393],[1.550,46.393],[1.553,46.394],[1.556,46.396],[1.559,46.397],[1.560,46.400],[1.561,46.401],[1.565,46.402],[1.568,46.404],[1.571,46.406],[1.575,46.406],[1.578,46.410],[1.581,46.408],[1.581,46.407],[1.587,46.408],[1.587,46.407],[1.592,46.407],[1.595,46.408],[1.596,46.411],[1.598,46.415],[1.598,46.419],[1.603,46.420],[1.607,46.421],[1.609,46.423],[1.612,46.421],[1.613,46.421],[1.614,46.422],[1.616,46.422],[1.620,46.421],[1.621,46.419],[1.622,46.418],[1.622,46.415],[1.617,46.410],[1.614,46.406],[1.614,46.405],[1.614,46.399],[1.615,46.398],[1.617,46.398],[1.619,46.398],[1.621,46.397],[1.621,46.394],[1.622,46.394],[1.625,46.394],[1.626,46.394],[1.625,46.391],[1.625,46.389],[1.626,46.388],[1.628,46.388],[1.632,46.389],[1.634,46.388],[1.636,46.386],[1.639,46.385],[1.642,46.385],[1.644,46.386],[1.645,46.389],[1.647,46.390],[1.652,46.393],[1.655,46.394],[1.656,46.397],[1.658,46.398],[1.661,46.402],[1.661,46.403],[1.662,46.405],[1.668,46.409],[1.670,46.409],[1.677,46.415],[1.679,46.416],[1.683,46.418],[1.686,46.414],[1.689,46.412],[1.692,46.410],[1.692,46.408],[1.697,46.406],[1.698,46.406],[1.700,46.405],[1.699,46.404],[1.700,46.403],[1.697,46.401],[1.699,46.400],[1.702,46.400],[1.702,46.399],[1.701,46.398],[1.703,46.396],[1.706,46.397],[1.707,46.396],[1.709,46.393],[1.710,46.392],[1.713,46.391],[1.719,46.390],[1.722,46.390],[1.727,46.390],[1.729,46.393],[1.731,46.394],[1.735,46.396],[1.739,46.401],[1.742,46.402],[1.745,46.404],[1.750,46.405],[1.750,46.408],[1.748,46.413],[1.753,46.418],[1.754,46.421],[1.755,46.422],[1.758,46.424],[1.760,46.427],[1.758,46.433],[1.754,46.438],[1.758,46.440],[1.756,46.441],[1.754,46.443],[1.751,46.447],[1.749,46.447],[1.747,46.450],[1.748,46.450],[1.751,46.450],[1.754,46.452],[1.757,46.452],[1.760,46.452],[1.768,46.453],[1.771,46.452],[1.775,46.454],[1.779,46.453],[1.782,46.454],[1.786,46.455],[1.789,46.453],[1.798,46.454],[1.801,46.449],[1.803,46.446],[1.805,46.445],[1.812,46.441],[1.814,46.441],[1.817,46.439],[1.816,46.439],[1.818,46.435],[1.819,46.435],[1.816,46.432],[1.818,46.431],[1.819,46.430],[1.821,46.430],[1.827,46.428],[1.830,46.429],[1.833,46.429],[1.834,46.428],[1.837,46.428],[1.839,46.425],[1.841,46.427],[1.845,46.428],[1.846,46.428],[1.845,46.431],[1.850,46.432],[1.854,46.433],[1.860,46.433],[1.865,46.433],[1.870,46.432],[1.875,46.432],[1.883,46.432],[1.884,46.434],[1.886,46.434],[1.886,46.435],[1.884,46.435],[1.885,46.437],[1.883,46.439],[1.884,46.440],[1.887,46.441],[1.890,46.441],[1.891,46.439],[1.895,46.439],[1.897,46.437],[1.899,46.438],[1.902,46.437],[1.906,46.440],[1.907,46.442],[1.909,46.443],[1.914,46.443],[1.916,46.440],[1.920,46.440],[1.920,46.438],[1.922,46.437],[1.921,46.436],[1.921,46.434],[1.924,46.433],[1.924,46.431],[1.934,46.432],[1.935,46.432],[1.943,46.433],[1.946,46.434],[1.952,46.437],[1.955,46.438],[1.960,46.438],[1.962,46.438],[1.965,46.439],[1.978,46.439],[1.978,46.441],[1.981,46.439],[1.985,46.436],[1.988,46.434],[1.990,46.435],[1.991,46.432],[1.993,46.430],[1.995,46.430],[1.998,46.429],[2.004,46.429],[2.009,46.429],[2.015,46.429],[2.020,46.429],[2.025,46.427],[2.029,46.424],[2.037,46.423],[2.043,46.421],[2.045,46.420],[2.047,46.420],[2.051,46.421],[2.058,46.420],[2.064,46.421],[2.074,46.419],[2.075,46.417],[2.079,46.412],[2.080,46.411],[2.083,46.411],[2.088,46.410],[2.088,46.408],[2.092,46.409],[2.093,46.409],[2.103,46.409],[2.104,46.411],[2.106,46.413],[2.107,46.413],[2.109,46.414],[2.111,46.416],[2.110,46.418],[2.112,46.420],[2.115,46.421],[2.117,46.420],[2.118,46.422],[2.120,46.422],[2.125,46.420],[2.127,46.419],[2.128,46.419],[2.132,46.420],[2.137,46.420],[2.142,46.421],[2.145,46.423],[2.145,46.424],[2.148,46.424],[2.153,46.422],[2.156,46.422],[2.158,46.422],[2.160,46.422],[2.161,46.423],[2.167,46.424],[2.172,46.422],[2.175,46.422],[2.181,46.423],[2.185,46.423],[2.194,46.425],[2.195,46.427],[2.197,46.428],[2.199,46.428],[2.203,46.426],[2.206,46.425],[2.210,46.423],[2.214,46.423],[2.218,46.425],[2.220,46.423],[2.223,46.422],[2.226,46.424],[2.228,46.425],[2.229,46.424],[2.233,46.422],[2.237,46.423],[2.242,46.424],[2.244,46.425],[2.249,46.426],[2.254,46.425],[2.254,46.422],[2.259,46.423],[2.269,46.422],[2.274,46.422],[2.277,46.420],[2.281,46.420],[2.278,46.419],[2.279,46.417],[2.278,46.413],[2.282,46.410],[2.277,46.409],[2.279,46.405],[2.283,46.399],[2.284,46.398],[2.284,46.395],[2.284,46.393],[2.282,46.391],[2.284,46.390],[2.285,46.388],[2.284,46.386],[2.286,46.384],[2.286,46.382],[2.288,46.382],[2.292,46.383],[2.294,46.382],[2.298,46.384],[2.300,46.382],[2.304,46.378],[2.310,46.376],[2.313,46.376],[2.315,46.375],[2.317,46.375],[2.319,46.377],[2.324,46.377],[2.328,46.377],[2.331,46.378],[2.335,46.373],[2.337,46.364],[2.334,46.365],[2.331,46.365],[2.328,46.366],[2.325,46.366],[2.323,46.367],[2.323,46.365],[2.322,46.363],[2.319,46.362],[2.318,46.359],[2.316,46.358],[2.314,46.357],[2.313,46.359],[2.311,46.359],[2.312,46.357],[2.311,46.355],[2.305,46.355],[2.302,46.354],[2.303,46.352],[2.305,46.350],[2.308,46.351],[2.309,46.348],[2.307,46.347],[2.308,46.345],[2.307,46.345],[2.302,46.343],[2.300,46.343],[2.300,46.342],[2.303,46.342],[2.305,46.342],[2.311,46.341],[2.311,46.337],[2.313,46.335],[2.314,46.335],[2.315,46.334],[2.317,46.334],[2.318,46.334],[2.319,46.332],[2.321,46.329],[2.324,46.329],[2.326,46.328],[2.330,46.328],[2.330,46.325],[2.333,46.326],[2.335,46.323],[2.342,46.324],[2.343,46.326],[2.346,46.325],[2.348,46.327],[2.350,46.324],[2.352,46.323],[2.354,46.325],[2.358,46.323],[2.359,46.321],[2.361,46.319],[2.362,46.315],[2.362,46.313],[2.364,46.310],[2.370,46.312],[2.371,46.313],[2.375,46.315],[2.376,46.316],[2.375,46.318],[2.377,46.320],[2.376,46.322],[2.377,46.322],[2.378,46.325],[2.379,46.327],[2.385,46.329],[2.386,46.331],[2.388,46.329],[2.391,46.329],[2.393,46.328],[2.398,46.325],[2.401,46.321],[2.404,46.320],[2.407,46.317],[2.408,46.314],[2.414,46.312],[2.416,46.310],[2.419,46.309],[2.420,46.310],[2.419,46.302],[2.421,46.301],[2.419,46.299],[2.415,46.299],[2.415,46.298],[2.414,46.296],[2.417,46.294],[2.417,46.292],[2.419,46.291],[2.419,46.287],[2.421,46.284],[2.422,46.283],[2.424,46.284],[2.426,46.284],[2.428,46.285],[2.427,46.287],[2.430,46.290],[2.431,46.294],[2.433,46.294],[2.434,46.293],[2.439,46.293],[2.443,46.295],[2.448,46.293],[2.449,46.292],[2.453,46.291],[2.456,46.291],[2.457,46.289],[2.462,46.288],[2.47,46.288],[2.471,46.284],[2.471,46.284],[2.474,46.282],[2.476,46.280],[2.480,46.281],[2.480,46.279],[2.479,46.275],[2.478,46.274],[2.477,46.269],[2.478,46.267],[2.479,46.266],[2.480,46.265],[2.478,46.263],[2.479,46.262],[2.482,46.261],[2.483,46.257],[2.488,46.252],[2.489,46.247],[2.490,46.247],[2.494,46.248],[2.495,46.247],[2.498,46.247],[2.498,46.246],[2.503,46.246],[2.503,46.245],[2.505,46.244],[2.506,46.244],[2.506,46.242],[2.508,46.240],[2.510,46.239],[2.514,46.239],[2.515,46.236],[2.514,46.233],[2.516,46.232],[2.516,46.229],[2.515,46.228],[2.514,46.224],[2.516,46.224],[2.516,46.221],[2.518,46.220],[2.520,46.217],[2.519,46.213],[2.523,46.212],[2.523,46.210],[2.519,46.209],[2.520,46.208],[2.524,46.208],[2.525,46.207],[2.525,46.206],[2.522,46.205],[2.521,46.203],[2.522,46.201],[2.524,46.201],[2.526,46.196],[2.528,46.195],[2.528,46.192],[2.527,46.190],[2.525,46.187],[2.528,46.186],[2.528,46.184],[2.532,46.182],[2.532,46.180],[2.538,46.178],[2.54,46.176],[2.543,46.175],[2.551,46.176],[2.553,46.176],[2.554,46.174],[2.555,46.174],[2.557,46.175],[2.558,46.174],[2.559,46.173],[2.559,46.171],[2.560,46.166],[2.560,46.164],[2.561,46.163],[2.559,46.159],[2.561,46.158],[2.560,46.155],[2.564,46.155],[2.565,46.153],[2.562,46.149],[2.564,46.146],[2.564,46.145],[2.566,46.143],[2.565,46.143],[2.563,46.142],[2.564,46.140],[2.563,46.138],[2.559,46.138],[2.558,46.137],[2.561,46.133],[2.560,46.131],[2.558,46.131],[2.556,46.133],[2.555,46.132],[2.557,46.130],[2.557,46.128],[2.554,46.127],[2.553,46.126],[2.555,46.125],[2.557,46.125],[2.558,46.124],[2.556,46.122],[2.555,46.121],[2.553,46.119],[2.551,46.119],[2.550,46.118],[2.552,46.117],[2.552,46.115],[2.550,46.114],[2.547,46.113],[2.547,46.112],[2.548,46.109],[2.550,46.106],[2.551,46.103],[2.551,46.100],[2.550,46.098],[2.552,46.095],[2.552,46.093],[2.551,46.091],[2.552,46.090],[2.551,46.088],[2.550,46.087],[2.550,46.086],[2.552,46.084],[2.551,46.083],[2.553,46.080],[2.553,46.079],[2.554,46.077],[2.555,46.076],[2.555,46.073],[2.557,46.071],[2.557,46.069],[2.559,46.067],[2.560,46.066],[2.564,46.064],[2.563,46.063],[2.565,46.061],[2.566,46.059],[2.565,46.058],[2.568,46.056],[2.568,46.054],[2.570,46.052],[2.570,46.051],[2.571,46.049],[2.570,46.047],[2.572,46.046],[2.575,46.045],[2.578,46.044],[2.581,46.044],[2.584,46.043],[2.585,46.041],[2.586,46.041],[2.589,46.040],[2.589,46.039],[2.591,46.038],[2.595,46.037],[2.600,46.034],[2.602,46.033],[2.601,46.031],[2.600,46.027],[2.601,46.025],[2.600,46.023],[2.601,46.021],[2.602,46.019],[2.599,46.018],[2.597,46.015],[2.598,46.012],[2.600,46.011],[2.598,46.009],[2.597,46.008],[2.599,46.007],[2.597,46.005],[2.595,46.004],[2.595,46.002],[2.594,46.001],[2.593,45.999],[2.592,45.996],[2.593,45.993],[2.593,45.992],[2.593,45.989],[2.595,45.988],[2.597,45.986],[2.599,45.985],[2.601,45.981],[2.602,45.981],[2.605,45.980],[2.607,45.979],[2.609,45.975],[2.610,45.974],[2.611,45.972],[2.608,45.968],[2.609,45.966],[2.603,45.966],[2.600,45.964],[2.599,45.964],[2.594,45.963],[2.593,45.962],[2.590,45.961],[2.589,45.960],[2.584,45.960],[2.583,45.961],[2.579,45.960],[2.576,45.959],[2.573,45.959],[2.569,45.958],[2.567,45.957],[2.563,45.955],[2.569,45.948],[2.569,45.947],[2.566,45.947],[2.564,45.946],[2.561,45.945],[2.559,45.944],[2.555,45.942],[2.551,45.941],[2.551,45.940],[2.553,45.937],[2.553,45.935],[2.550,45.933],[2.547,45.932],[2.544,45.932],[2.544,45.928],[2.545,45.927],[2.543,45.925],[2.543,45.923],[2.541,45.921],[2.541,45.919],[2.543,45.917],[2.543,45.915],[2.547,45.915],[2.555,45.913],[2.555,45.912],[2.551,45.910],[2.550,45.909],[2.548,45.908],[2.548,45.907],[2.544,45.907],[2.542,45.906],[2.541,45.904],[2.542,45.902],[2.541,45.900],[2.537,45.900],[2.534,45.901],[2.533,45.900],[2.528,45.899],[2.526,45.898],[2.526,45.896],[2.524,45.894],[2.520,45.894],[2.520,45.893],[2.518,45.890],[2.514,45.889],[2.514,45.885],[2.510,45.885],[2.504,45.888],[2.502,45.888],[2.501,45.887],[2.500,45.885],[2.502,45.882],[2.503,45.878],[2.499,45.872],[2.492,45.867],[2.492,45.864],[2.479,45.864],[2.478,45.866],[2.479,45.868],[2.478,45.870],[2.475,45.870],[2.470,45.872],[2.465,45.871],[2.465,45.868],[2.461,45.866],[2.458,45.867],[2.457,45.865],[2.454,45.866],[2.452,45.866],[2.449,45.866],[2.447,45.865],[2.443,45.866],[2.442,45.864],[2.442,45.861],[2.443,45.858],[2.442,45.856],[2.445,45.855],[2.445,45.855],[2.448,45.854],[2.449,45.853],[2.449,45.849],[2.449,45.848],[2.447,45.848],[2.447,45.845],[2.445,45.844],[2.443,45.845],[2.440,45.847],[2.438,45.845],[2.436,45.847],[2.434,45.845],[2.435,45.844],[2.431,45.840],[2.432,45.839],[2.431,45.838],[2.432,45.837],[2.430,45.835],[2.431,45.834],[2.430,45.833],[2.428,45.835],[2.424,45.834],[2.422,45.833],[2.421,45.834],[2.418,45.834],[2.415,45.833],[2.411,45.836],[2.410,45.836],[2.405,45.838],[2.403,45.838],[2.401,45.837],[2.400,45.835],[2.398,45.834],[2.397,45.834],[2.395,45.833],[2.395,45.832],[2.393,45.829],[2.391,45.829],[2.388,45.827],[2.388,45.825],[2.389,45.823],[2.392,45.821],[2.400,45.817],[2.403,45.813],[2.406,45.813],[2.406,45.811],[2.406,45.809],[2.412,45.808],[2.414,45.806],[2.412,45.802],[2.415,45.800],[2.416,45.799],[2.418,45.798],[2.420,45.798],[2.424,45.797],[2.427,45.794],[2.427,45.792],[2.425,45.790],[2.428,45.789],[2.430,45.788],[2.432,45.786],[2.432,45.783],[2.432,45.782],[2.432,45.780],[2.433,45.773],[2.434,45.769],[2.435,45.766],[2.440,45.764],[2.441,45.762],[2.444,45.758],[2.447,45.757],[2.450,45.757],[2.451,45.761],[2.454,45.761],[2.454,45.760],[2.456,45.758],[2.460,45.757],[2.464,45.757],[2.468,45.756],[2.468,45.754],[2.468,45.753],[2.470,45.751],[2.470,45.749],[2.472,45.748],[2.473,45.746],[2.474,45.745],[2.476,45.747],[2.479,45.748],[2.483,45.748],[2.484,45.748],[2.486,45.747],[2.486,45.744],[2.487,45.743],[2.491,45.742],[2.490,45.740],[2.492,45.737],[2.493,45.737],[2.494,45.733],[2.499,45.732],[2.499,45.730],[2.500,45.728],[2.502,45.728],[2.503,45.727],[2.504,45.724],[2.508,45.724],[2.510,45.722],[2.509,45.721],[2.510,45.720],[2.513,45.719],[2.512,45.718],[2.513,45.715],[2.516,45.712],[2.519,45.712],[2.520,45.711],[2.523,45.711],[2.523,45.709],[2.521,45.708],[2.521,45.707],[2.519,45.706],[2.518,45.705],[2.520,45.703],[2.518,45.700],[2.520,45.699],[2.520,45.698],[2.518,45.697],[2.521,45.696],[2.522,45.694],[2.525,45.693],[2.526,45.691],[2.526,45.690],[2.523,45.687],[2.524,45.684],[2.526,45.685],[2.528,45.683],[2.528,45.682],[2.524,45.681],[2.523,45.680],[2.521,45.677],[2.520,45.677],[2.518,45.678],[2.517,45.678],[2.517,45.675],[2.516,45.673],[2.512,45.671],[2.512,45.669],[2.514,45.667],[2.513,45.665],[2.515,45.665],[2.515,45.663],[2.517,45.663],[2.519,45.662],[2.518,45.660],[2.519,45.659],[2.523,45.657],[2.525,45.657],[2.527,45.659],[2.528,45.658],[2.526,45.656],[2.527,45.654],[2.523,45.653],[2.523,45.652],[2.520,45.65],[2.518,45.645],[2.518,45.644],[2.520,45.642],[2.520,45.640],[2.516,45.638],[2.514,45.639],[2.510,45.638],[2.505,45.639],[2.501,45.638],[2.497,45.640],[2.495,45.640],[2.494,45.638],[2.491,45.637],[2.489,45.642],[2.487,45.642],[2.486,45.641],[2.483,45.639],[2.482,45.635],[2.482,45.633],[2.482,45.631],[2.483,45.630],[2.481,45.628],[2.479,45.627],[2.480,45.625],[2.478,45.621],[2.478,45.617],[2.479,45.616],[2.479,45.613],[2.480,45.611],[2.479,45.610],[2.478,45.607],[2.474,45.606],[2.472,45.603],[2.470,45.602],[2.468,45.602],[2.465,45.601],[2.463,45.599],[2.461,45.596],[2.461,45.595],[2.465,45.594],[2.467,45.591],[2.468,45.589],[2.468,45.588],[2.470,45.586],[2.472,45.586],[2.472,45.584],[2.473,45.582],[2.475,45.582],[2.475,45.581],[2.472,45.580],[2.471,45.579],[2.474,45.578],[2.476,45.576],[2.479,45.574],[2.482,45.573],[2.481,45.570],[2.483,45.569],[2.489,45.568],[2.491,45.567],[2.491,45.565],[2.489,45.563],[2.489,45.561],[2.490,45.560],[2.493,45.559],[2.495,45.556],[2.497,45.557],[2.498,45.556],[2.499,45.554],[2.500,45.553],[2.503,45.554],[2.506,45.554],[2.507,45.552],[2.511,45.553],[2.512,45.554],[2.514,45.554],[2.516,45.553],[2.516,45.551],[2.515,45.550],[2.515,45.548],[2.518,45.545],[2.518,45.543],[2.515,45.542],[2.514,45.541],[2.515,45.536],[2.516,45.535],[2.519,45.533],[2.519,45.532],[2.518,45.530],[2.514,45.528],[2.511,45.525],[2.512,45.524],[2.516,45.524],[2.519,45.522],[2.520,45.520],[2.518,45.518],[2.519,45.516],[2.516,45.516],[2.511,45.511],[2.508,45.505],[2.507,45.503],[2.509,45.499],[2.511,45.496],[2.512,45.495],[2.513,45.492],[2.511,45.489],[2.511,45.488],[2.510,45.487],[2.507,45.483],[2.507,45.481],[2.508,45.478],[2.509,45.473],[2.508,45.471],[2.505,45.469],[2.505,45.468],[2.507,45.465],[2.506,45.464],[2.505,45.462],[2.503,45.461],[2.500,45.461],[2.499,45.460],[2.499,45.454],[2.502,45.451],[2.503,45.450],[2.502,45.447],[2.500,45.448],[2.496,45.447],[2.495,45.445],[2.496,45.443],[2.495,45.441],[2.492,45.438],[2.493,45.437],[2.495,45.437],[2.495,45.435],[2.493,45.433],[2.491,45.429],[2.491,45.425],[2.492,45.423],[2.487,45.419],[2.487,45.418],[2.489,45.416],[2.493,45.413],[2.498,45.413],[2.502,45.411],[2.501,45.409],[2.503,45.409],[2.505,45.410],[2.506,45.408],[2.509,45.406],[2.512,45.405],[2.517,45.401],[2.521,45.402],[2.522,45.400],[2.523,45.399],[2.522,45.397],[2.523,45.396],[2.525,45.394],[2.527,45.393],[2.527,45.391],[2.523,45.385],[2.523,45.382],[2.521,45.383],[2.519,45.384],[2.515,45.384],[2.511,45.382],[2.509,45.380],[2.506,45.378],[2.505,45.378],[2.502,45.381],[2.500,45.381],[2.491,45.379],[2.485,45.378],[2.482,45.376],[2.480,45.376],[2.480,45.374],[2.482,45.373],[2.480,45.370],[2.476,45.370],[2.476,45.374],[2.473,45.375],[2.472,45.374],[2.470,45.373],[2.470,45.376],[2.471,45.378],[2.473,45.377],[2.475,45.379],[2.474,45.381],[2.468,45.382],[2.463,45.384],[2.459,45.385],[2.457,45.384],[2.453,45.383],[2.445,45.383],[2.441,45.384],[2.439,45.387],[2.436,45.388],[2.432,45.393],[2.430,45.392],[2.425,45.393],[2.424,45.394],[2.423,45.396],[2.422,45.397],[2.420,45.397],[2.414,45.396],[2.404,45.397],[2.403,45.398],[2.401,45.399],[2.398,45.399],[2.397,45.400],[2.396,45.403],[2.396,45.405],[2.395,45.407],[2.393,45.408],[2.390,45.409],[2.387,45.411],[2.383,45.412],[2.378,45.414],[2.375,45.414],[2.372,45.413],[2.369,45.416],[2.366,45.415],[2.361,45.414],[2.355,45.415],[2.353,45.414],[2.350,45.412],[2.349,45.411],[2.350,45.409],[2.351,45.407],[2.352,45.404],[2.354,45.401],[2.356,45.399],[2.363,45.397],[2.364,45.395],[2.364,45.392],[2.365,45.390],[2.368,45.388],[2.369,45.386],[2.367,45.383],[2.363,45.380],[2.362,45.378],[2.364,45.374],[2.364,45.372],[2.367,45.368],[2.367,45.365],[2.367,45.364],[2.364,45.362],[2.364,45.360],[2.365,45.356],[2.363,45.353],[2.361,45.353],[2.359,45.354],[2.357,45.354],[2.355,45.351],[2.352,45.349],[2.350,45.347],[2.350,45.346],[2.352,45.343],[2.355,45.341],[2.358,45.338],[2.359,45.336],[2.355,45.333],[2.354,45.331],[2.351,45.327],[2.346,45.327],[2.342,45.326],[2.339,45.325],[2.336,45.326],[2.329,45.325],[2.327,45.324],[2.317,45.322],[2.315,45.321],[2.314,45.320],[2.311,45.315],[2.307,45.313],[2.305,45.309],[2.305,45.307],[2.305,45.306],[2.302,45.305],[2.301,45.302],[2.300,45.298],[2.295,45.295],[2.290,45.288],[2.287,45.286],[2.282,45.286],[2.276,45.288],[2.274,45.289],[2.271,45.290],[2.268,45.289],[2.267,45.286],[2.266,45.285],[2.264,45.285],[2.262,45.284],[2.261,45.283],[2.261,45.277],[2.260,45.273],[2.258,45.270],[2.255,45.268],[2.252,45.267],[2.249,45.267],[2.245,45.267],[2.242,45.265],[2.241,45.263],[2.237,45.259],[2.237,45.258],[2.239,45.257],[2.240,45.255],[2.240,45.252],[2.241,45.249],[2.240,45.247],[2.237,45.246],[2.233,45.246],[2.231,45.247],[2.228,45.246],[2.225,45.244],[2.224,45.241],[2.221,45.237],[2.212,45.231],[2.208,45.229],[2.207,45.228],[2.203,45.227],[2.202,45.226],[2.203,45.223],[2.201,45.222],[2.195,45.220],[2.194,45.220],[2.191,45.222],[2.191,45.223],[2.189,45.222],[2.190,45.220],[2.194,45.219],[2.195,45.218],[2.196,45.216],[2.196,45.215],[2.194,45.214],[2.192,45.209],[2.191,45.208],[2.191,45.206],[2.190,45.206],[2.189,45.204],[2.190,45.202],[2.191,45.200],[2.193,45.201],[2.198,45.200],[2.199,45.197],[2.198,45.196],[2.199,45.195],[2.198,45.194],[2.198,45.192],[2.199,45.189],[2.200,45.184],[2.202,45.183],[2.202,45.182],[2.201,45.181],[2.201,45.179],[2.205,45.179],[2.206,45.179],[2.211,45.177],[2.214,45.176],[2.214,45.174],[2.215,45.173],[2.219,45.174],[2.218,45.172],[2.221,45.172],[2.222,45.170],[2.227,45.169],[2.231,45.170],[2.231,45.167],[2.232,45.166],[2.232,45.163],[2.229,45.163],[2.230,45.162],[2.227,45.160],[2.225,45.160],[2.224,45.160],[2.222,45.159],[2.219,45.159],[2.217,45.159],[2.214,45.159],[2.211,45.161],[2.208,45.160],[2.207,45.158],[2.212,45.152],[2.212,45.151],[2.211,45.148],[2.210,45.146],[2.208,45.143],[2.204,45.142],[2.202,45.139],[2.199,45.137],[2.197,45.137],[2.194,45.134],[2.192,45.135],[2.190,45.135],[2.187,45.134],[2.187,45.135],[2.183,45.136],[2.178,45.136],[2.179,45.134],[2.181,45.133],[2.182,45.132],[2.180,45.126],[2.181,45.125],[2.184,45.123],[2.183,45.122],[2.184,45.119],[2.186,45.118],[2.189,45.117],[2.190,45.116],[2.190,45.114],[2.187,45.112],[2.187,45.114],[2.180,45.112],[2.181,45.111],[2.181,45.109],[2.179,45.109],[2.179,45.107],[2.181,45.106],[2.181,45.104],[2.179,45.104],[2.180,45.103],[2.176,45.102],[2.180,45.099],[2.180,45.094],[2.178,45.091],[2.176,45.090],[2.173,45.087],[2.173,45.085],[2.174,45.082],[2.172,45.081],[2.170,45.081],[2.167,45.080],[2.165,45.081],[2.165,45.083],[2.164,45.084],[2.162,45.085],[2.159,45.084],[2.157,45.086],[2.154,45.085],[2.152,45.085],[2.148,45.082],[2.148,45.084],[2.146,45.085],[2.143,45.085],[2.142,45.086],[2.140,45.086],[2.138,45.081],[2.137,45.081],[2.134,45.081],[2.131,45.081],[2.130,45.078],[2.129,45.077],[2.126,45.076],[2.124,45.074],[2.120,45.072],[2.119,45.071],[2.120,45.069],[2.118,45.068],[2.116,45.069],[2.115,45.071],[2.114,45.071],[2.109,45.068],[2.106,45.067],[2.104,45.066],[2.103,45.063],[2.102,45.062],[2.099,45.061],[2.097,45.060],[2.097,45.058],[2.100,45.057],[2.100,45.056],[2.098,45.055],[2.095,45.056],[2.096,45.051],[2.098,45.050],[2.099,45.047],[2.100,45.046],[2.104,45.044],[2.104,45.043],[2.107,45.043],[2.108,45.041],[2.110,45.040],[2.110,45.038],[2.111,45.037],[2.111,45.036],[2.110,45.033],[2.111,45.032],[2.111,45.030],[2.113,45.030],[2.113,45.027],[2.115,45.022],[2.118,45.020],[2.121,45.020],[2.123,45.019],[2.125,45.015],[2.124,45.014],[2.127,45.012],[2.127,45.011],[2.133,45.008],[2.137,45.008],[2.139,45.007],[2.140,45.006],[2.140,45.005],[2.139,45.003],[2.139,45.002],[2.142,45.000],[2.139,44.998],[2.140,44.997],[2.138,44.995],[2.137,44.995],[2.136,44.990],[2.133,44.988],[2.133,44.985],[2.130,44.984],[2.126,44.985],[2.123,44.985],[2.119,44.985],[2.119,44.984],[2.117,44.984],[2.114,44.985],[2.109,44.983],[2.107,44.981],[2.104,44.980],[2.102,44.980],[2.101,44.981],[2.099,44.984],[2.096,44.984],[2.093,44.984],[2.093,44.985],[2.091,44.984],[2.085,44.983],[2.084,44.981],[2.082,44.980],[2.078,44.979],[2.074,44.977],[2.069,44.978],[2.067,44.977],[2.062,44.976],[2.058,44.974],[2.058,44.975],[2.059,44.977],[2.055,44.975],[2.052,44.976],[2.052,44.977],[2.049,44.978],[2.046,44.981],[2.045,44.983],[2.040,44.981],[2.033,44.982],[2.031,44.982],[2.028,44.980],[2.025,44.980],[2.024,44.978],[2.023,44.978],[2.019,44.979],[2.017,44.977],[2.013,44.977],[2.010,44.977],[2.008,44.976],[2.005,44.978],[2.001,44.977],[1.999,44.975],[1.996,44.975],[1.993,44.974],[1.991,44.975],[1.988,44.974],[1.985,44.974],[1.981,44.972],[1.979,44.970],[1.976,44.969],[1.974,44.966],[1.971,44.965],[1.968,44.964],[1.966,44.961],[1.960,44.961],[1.956,44.959],[1.955,44.956],[1.952,44.955],[1.951,44.953],[1.949,44.952],[1.947,44.953],[1.940,44.952],[1.940,44.954],[1.942,44.955],[1.942,44.959],[1.941,44.964],[1.941,44.966],[1.940,44.969],[1.940,44.971],[1.939,44.973],[1.936,44.973],[1.933,44.974],[1.932,44.976],[1.930,44.976],[1.928,44.978],[1.927,44.978],[1.924,44.976],[1.921,44.976],[1.921,44.977],[1.919,44.977],[1.916,44.977],[1.916,44.978],[1.913,44.978],[1.909,44.977],[1.908,44.978],[1.906,44.976],[1.905,44.974],[1.902,44.974],[1.902,44.973],[1.899,44.972],[1.898,44.969],[1.898,44.967],[1.896,44.967],[1.894,44.965],[1.890,44.964],[1.889,44.964],[1.887,44.962],[1.887,44.961],[1.886,44.960],[1.885,44.957],[1.887,44.956],[1.880,44.955],[1.878,44.955],[1.874,44.954],[1.871,44.953],[1.868,44.954],[1.867,44.953],[1.866,44.952],[1.863,44.950],[1.863,44.947],[1.860,44.947],[1.856,44.947],[1.853,44.946],[1.851,44.946],[1.850,44.945],[1.847,44.943],[1.844,44.943],[1.845,44.939],[1.844,44.938],[1.842,44.937],[1.841,44.937],[1.836,44.937],[1.837,44.940],[1.837,44.943],[1.836,44.945],[1.833,44.946],[1.831,44.945],[1.829,44.939],[1.829,44.933],[1.828,44.931],[1.826,44.929],[1.823,44.927],[1.820,44.927],[1.813,44.927],[1.811,44.928],[1.809,44.928],[1.808,44.926],[1.804,44.925],[1.803,44.923],[1.801,44.922],[1.800,44.924],[1.802,44.925],[1.799,44.928],[1.798,44.930],[1.795,44.930],[1.792,44.932],[1.790,44.932],[1.789,44.934],[1.785,44.936],[1.784,44.936],[1.787,44.932],[1.786,44.930],[1.780,44.928],[1.774,44.923],[1.773,44.925],[1.771,44.926],[1.769,44.929],[1.767,44.932],[1.767,44.933],[1.763,44.934],[1.760,44.936],[1.758,44.936],[1.753,44.936],[1.751,44.937],[1.749,44.937],[1.748,44.938],[1.752,44.94],[1.755,44.942],[1.755,44.946],[1.751,44.947],[1.750,44.952],[1.750,44.955],[1.748,44.956],[1.747,44.957],[1.744,44.959],[1.740,44.960],[1.736,44.960],[1.733,44.959],[1.732,44.962],[1.733,44.964],[1.731,44.964],[1.728,44.966],[1.724,44.968],[1.722,44.968],[1.719,44.967],[1.714,44.968],[1.711,44.967],[1.710,44.969],[1.708,44.969],[1.708,44.971],[1.707,44.972],[1.706,44.974],[1.707,44.978],[1.707,44.980],[1.706,44.981],[1.702,44.984],[1.702,44.987],[1.700,44.989],[1.696,44.990],[1.695,44.991],[1.693,44.991],[1.687,44.996],[1.687,44.997],[1.686,44.998],[1.684,45.002],[1.680,45.003],[1.676,45.004],[1.673,45.003],[1.671,45.004],[1.670,45.006],[1.671,45.007],[1.670,45.008],[1.666,45.008],[1.663,45.008],[1.665,45.010],[1.664,45.012],[1.659,45.013],[1.659,45.014],[1.657,45.014],[1.655,45.015],[1.654,45.017],[1.652,45.018],[1.652,45.020],[1.650,45.022],[1.652,45.023],[1.651,45.025],[1.648,45.023],[1.647,45.025],[1.647,45.027],[1.646,45.028],[1.644,45.028],[1.638,45.029],[1.635,45.029],[1.633,45.031],[1.629,45.033],[1.625,45.033],[1.624,45.030],[1.623,45.030],[1.621,45.032],[1.620,45.032],[1.618,45.031],[1.613,45.033],[1.610,45.032],[1.607,45.031],[1.606,45.034],[1.605,45.035],[1.599,45.035],[1.597,45.034],[1.593,45.034],[1.590,45.035],[1.588,45.037],[1.585,45.038],[1.580,45.038],[1.577,45.040],[1.576,45.040],[1.570,45.039],[1.565,45.036],[1.563,45.034],[1.558,45.032],[1.554,45.029],[1.552,45.028],[1.545,45.028],[1.543,45.031],[1.543,45.034],[1.541,45.036],[1.540,45.039],[1.541,45.041],[1.540,45.046],[1.537,45.046],[1.534,45.046],[1.533,45.045],[1.531,45.045],[1.528,45.045],[1.526,45.043],[1.522,45.043],[1.520,45.039],[1.515,45.041],[1.511,45.040],[1.509,45.040],[1.508,45.039],[1.506,45.039],[1.502,45.038],[1.500,45.036],[1.497,45.035],[1.493,45.033],[1.492,45.030],[1.491,45.029],[1.489,45.032],[1.487,45.032],[1.485,45.030],[1.482,45.030],[1.481,45.027],[1.479,45.026],[1.477,45.026],[1.476,45.025],[1.478,45.022],[1.477,45.020],[1.476,45.019],[1.476,45.018],[1.472,45.018],[1.467,45.017],[1.466,45.016],[1.464,45.014],[1.461,45.013],[1.459,45.013],[1.455,45.015],[1.452,45.017],[1.448,45.019],[1.445,45.017],[1.441,45.015],[1.444,45.014],[1.437,45.012],[1.435,45.012],[1.431,45.010],[1.428,45.009],[1.424,45.008],[1.422,45.008],[1.419,45.008],[1.409,45.006],[1.411,45.002],[1.413,44.999],[1.414,44.994],[1.414,44.993],[1.413,44.991],[1.411,44.989],[1.412,44.987],[1.411,44.986],[1.415,44.984],[1.417,44.982],[1.417,44.980],[1.414,44.977],[1.414,44.974],[1.412,44.973],[1.412,44.972],[1.414,44.971],[1.416,44.969],[1.421,44.968],[1.420,44.966],[1.421,44.964],[1.418,44.962],[1.416,44.962],[1.416,44.960],[1.418,44.960],[1.419,44.959],[1.419,44.955],[1.421,44.955],[1.421,44.954],[1.424,44.951],[1.425,44.951],[1.425,44.949],[1.427,44.946],[1.430,44.945],[1.433,44.946],[1.434,44.944],[1.435,44.941],[1.436,44.940],[1.435,44.938],[1.433,44.938],[1.433,44.937],[1.436,44.935],[1.437,44.932],[1.435,44.931],[1.436,44.930],[1.436,44.928],[1.438,44.928],[1.438,44.925],[1.441,44.920],[1.441,44.919],[1.442,44.916],[1.441,44.916],[1.435,44.917],[1.432,44.919],[1.428,44.919],[1.427,44.919],[1.425,44.919],[1.423,44.918],[1.422,44.916],[1.421,44.915],[1.418,44.915],[1.416,44.914],[1.413,44.913],[1.413,44.911],[1.412,44.909],[1.412,44.908],[1.415,44.909],[1.416,44.909],[1.417,44.907],[1.418,44.907],[1.421,44.906],[1.419,44.904],[1.419,44.902],[1.417,44.900],[1.420,44.898],[1.420,44.897],[1.423,44.895],[1.425,44.894],[1.426,44.893],[1.430,44.891],[1.435,44.889],[1.437,44.890],[1.439,44.888],[1.440,44.886],[1.442,44.883],[1.442,44.879],[1.441,44.877],[1.439,44.874],[1.438,44.873],[1.434,44.872],[1.431,44.871],[1.429,44.871],[1.427,44.872],[1.424,44.872],[1.421,44.871],[1.420,44.870],[1.418,44.870],[1.411,44.872],[1.411,44.869],[1.412,44.869],[1.411,44.865],[1.410,44.864],[1.408,44.864],[1.405,44.863],[1.405,44.861],[1.404,44.857],[1.405,44.856],[1.403,44.854],[1.403,44.851],[1.402,44.850],[1.398,44.848],[1.394,44.849],[1.392,44.849],[1.387,44.851],[1.384,44.848],[1.386,44.847],[1.377,44.841],[1.373,44.843],[1.372,44.844],[1.372,44.846],[1.371,44.847],[1.368,44.845],[1.365,44.845],[1.364,44.843],[1.363,44.842],[1.360,44.839],[1.360,44.837],[1.359,44.834],[1.360,44.831],[1.360,44.826],[1.360,44.825],[1.361,44.824],[1.362,44.821],[1.364,44.819],[1.365,44.816],[1.365,44.815],[1.363,44.814],[1.364,44.811],[1.359,44.811],[1.356,44.810],[1.354,44.808],[1.350,44.808],[1.347,44.807],[1.342,44.806],[1.338,44.805],[1.336,44.806],[1.330,44.807],[1.325,44.806],[1.319,44.803],[1.313,44.802],[1.307,44.800],[1.301,44.797],[1.298,44.796],[1.298,44.795],[1.293,44.789],[1.297,44.788],[1.304,44.789],[1.303,44.787],[1.304,44.784],[1.302,44.782],[1.299,44.782],[1.298,44.780],[1.296,44.777],[1.298,44.774],[1.305,44.771],[1.310,44.769],[1.314,44.766],[1.313,44.765],[1.316,44.764],[1.322,44.765],[1.321,44.759],[1.320,44.758],[1.320,44.755],[1.318,44.753],[1.317,44.749],[1.317,44.745],[1.316,44.740],[1.303,44.743],[1.300,44.744],[1.300,44.743],[1.298,44.741],[1.296,44.737],[1.295,44.735],[1.300,44.733],[1.298,44.730],[1.298,44.725],[1.296,44.724],[1.293,44.722],[1.291,44.722],[1.289,44.720],[1.289,44.719],[1.288,44.718],[1.288,44.717],[1.287,44.714],[1.283,44.714],[1.279,44.715],[1.274,44.718],[1.275,44.721],[1.272,44.722],[1.270,44.722],[1.269,44.720],[1.268,44.718],[1.268,44.716],[1.266,44.713],[1.264,44.713],[1.263,44.710],[1.260,44.710],[1.259,44.708],[1.255,44.709],[1.252,44.708],[1.250,44.708],[1.248,44.708],[1.245,44.705],[1.243,44.703],[1.244,44.697],[1.243,44.695],[1.241,44.694],[1.241,44.692],[1.239,44.692],[1.238,44.692],[1.235,44.692],[1.233,44.690],[1.230,44.691],[1.228,44.689],[1.226,44.688],[1.225,44.686],[1.224,44.684],[1.217,44.682],[1.214,44.683],[1.211,44.682],[1.206,44.683],[1.202,44.682],[1.197,44.680],[1.197,44.682],[1.197,44.683],[1.195,44.683],[1.194,44.682],[1.189,44.682],[1.188,44.682],[1.184,44.682],[1.181,44.683],[1.178,44.682],[1.172,44.680],[1.168,44.680],[1.165,44.677],[1.163,44.674],[1.160,44.672],[1.159,44.672],[1.148,44.670],[1.146,44.670],[1.147,44.665],[1.147,44.662],[1.149,44.660],[1.149,44.659],[1.149,44.658],[1.149,44.656],[1.149,44.655],[1.148,44.653],[1.146,44.652],[1.147,44.651],[1.148,44.649],[1.151,44.645],[1.151,44.643],[1.152,44.642],[1.151,44.641],[1.153,44.640],[1.153,44.639],[1.153,44.637],[1.150,44.632],[1.148,44.632],[1.142,44.628],[1.138,44.625],[1.135,44.622],[1.132,44.619],[1.131,44.618],[1.124,44.615],[1.122,44.613],[1.121,44.611],[1.119,44.610],[1.115,44.608],[1.110,44.606],[1.102,44.599],[1.099,44.595],[1.094,44.592],[1.093,44.590],[1.095,44.590],[1.097,44.590],[1.099,44.588],[1.102,44.586],[1.102,44.584],[1.103,44.580],[1.098,44.579],[1.100,44.577],[1.101,44.576],[1.102,44.575],[1.103,44.574],[1.103,44.571],[1.101,44.572],[1.094,44.571],[1.088,44.570],[1.087,44.570],[1.083,44.572],[1.082,44.572],[1.078,44.574],[1.077,44.573],[1.075,44.575],[1.075,44.577],[1.074,44.577],[1.073,44.574],[1.073,44.571],[1.072,44.570],[1.071,44.567],[1.069,44.566],[1.063,44.564],[1.058,44.564],[1.056,44.564],[1.051,44.563],[1.047,44.561],[1.045,44.562],[1.044,44.561],[1.043,44.558],[1.040,44.556],[1.038,44.556],[1.036,44.556],[1.033,44.554],[1.029,44.551],[1.031,44.549],[1.030,44.548],[1.027,44.548],[1.024,44.547],[1.023,44.545],[1.021,44.545],[1.015,44.538],[1.015,44.537],[1.012,44.536],[1.012,44.538],[1.010,44.541],[1.010,44.545],[1.008,44.547],[1.005,44.547],[1.000,44.547],[0.998,44.548],[0.995,44.549],[0.991,44.549],[0.986,44.547],[0.982,44.545],[0.981,44.544],[0.982,44.542],[0.985,44.541],[0.988,44.540],[0.989,44.538],[0.988,44.533],[0.987,44.533],[0.990,44.530],[0.992,44.528],[0.996,44.526],[0.999,44.526],[1.000,44.525],[1.000,44.523],[1.002,44.522],[1.003,44.520],[1.006,44.519],[1.005,44.517],[1.006,44.512],[1.008,44.512],[1.012,44.509],[1.014,44.507],[1.016,44.505],[1.016,44.502],[1.016,44.498],[1.012,44.496],[1.011,44.495],[1.016,44.493],[1.017,44.491],[1.016,44.490],[1.016,44.489],[1.012,44.489],[1.011,44.488],[1.014,44.487],[1.010,44.481],[1.009,44.480],[1.012,44.478],[1.015,44.477],[1.023,44.475],[1.021,44.473],[1.024,44.473],[1.021,44.470],[1.023,44.468],[1.025,44.467],[1.024,44.465],[1.022,44.462],[1.023,44.460],[1.024,44.459],[1.021,44.457],[1.021,44.455],[1.023,44.453],[1.023,44.451],[1.021,44.449],[1.021,44.445],[1.023,44.444],[1.024,44.442],[1.026,44.442],[1.029,44.441],[1.032,44.441],[1.029,44.435],[1.028,44.434],[1.032,44.433],[1.034,44.432],[1.040,44.433],[1.042,44.434],[1.045,44.434],[1.046,44.432],[1.047,44.432],[1.047,44.430],[1.049,44.429],[1.050,44.429],[1.051,44.430],[1.053,44.431],[1.055,44.427],[1.057,44.427],[1.057,44.424],[1.058,44.421],[1.060,44.419],[1.060,44.415],[1.061,44.413],[1.060,44.412],[1.060,44.411],[1.061,44.408],[1.059,44.404],[1.061,44.401],[1.058,44.400],[1.058,44.399],[1.055,44.398],[1.055,44.396],[1.054,44.394],[1.051,44.393],[1.051,44.392],[1.057,44.39],[1.060,44.391],[1.061,44.386],[1.063,44.383],[1.063,44.382],[1.064,44.380],[1.064,44.378],[1.063,44.377],[1.059,44.376],[1.060,44.371],[1.059,44.370],[1.059,44.366],[1.060,44.365],[1.052,44.364],[1.049,44.362],[1.044,44.362],[1.042,44.362],[1.039,44.363],[1.028,44.364],[1.027,44.363],[1.024,44.363],[1.022,44.363],[1.019,44.363],[1.015,44.364],[1.013,44.365],[1.010,44.364],[1.004,44.365],[0.999,44.368],[0.996,44.369],[0.993,44.366],[0.993,44.365],[0.990,44.363],[0.985,44.361],[0.981,44.358],[0.979,44.358],[0.977,44.356],[0.975,44.357],[0.975,44.358],[0.975,44.361],[0.970,44.360],[0.968,44.361],[0.965,44.360],[0.964,44.361],[0.961,44.359],[0.959,44.358],[0.956,44.360],[0.954,44.359],[0.951,44.361],[0.95,44.359],[0.951,44.357],[0.948,44.357],[0.948,44.356],[0.947,44.355],[0.946,44.354],[0.941,44.353],[0.945,44.350],[0.945,44.347],[0.942,44.344],[0.941,44.345],[0.939,44.350],[0.939,44.355],[0.939,44.359],[0.937,44.363],[0.937,44.366],[0.937,44.369],[0.936,44.370],[0.933,44.372],[0.930,44.373],[0.926,44.375],[0.923,44.378],[0.921,44.382],[0.919,44.384],[0.915,44.384],[0.910,44.382],[0.904,44.381],[0.904,44.380],[0.897,44.381],[0.896,44.381],[0.895,44.379],[0.895,44.377],[0.894,44.374],[0.891,44.370],[0.889,44.368],[0.887,44.366],[0.887,44.364],[0.889,44.361],[0.892,44.359],[0.893,44.358],[0.893,44.356],[0.893,44.353],[0.890,44.353],[0.891,44.351],[0.892,44.348],[0.894,44.347],[0.896,44.346],[0.895,44.345],[0.894,44.342],[0.891,44.338],[0.888,44.338],[0.887,44.336],[0.887,44.333],[0.889,44.332],[0.883,44.332],[0.882,44.331],[0.882,44.330],[0.881,44.329],[0.883,44.328],[0.879,44.327],[0.877,44.325],[0.873,44.323],[0.874,44.322],[0.875,44.319],[0.874,44.316],[0.873,44.315],[0.871,44.314],[0.871,44.312],[0.869,44.311],[0.869,44.309],[0.872,44.310],[0.872,44.309],[0.874,44.308],[0.876,44.308],[0.883,44.308],[0.884,44.307],[0.886,44.306],[0.887,44.303],[0.888,44.301],[0.889,44.299],[0.894,44.296],[0.896,44.299],[0.900,44.299],[0.902,44.299],[0.905,44.299],[0.914,44.301],[0.916,44.302],[0.919,44.299],[0.919,44.296],[0.922,44.293],[0.923,44.292],[0.923,44.289],[0.924,44.288],[0.926,44.288],[0.925,44.286],[0.928,44.286],[0.933,44.285],[0.935,44.282],[0.937,44.282],[0.940,44.282],[0.942,44.279],[0.942,44.278],[0.945,44.277],[0.942,44.275],[0.942,44.274],[0.949,44.276],[0.950,44.275],[0.949,44.272],[0.949,44.271],[0.946,44.269],[0.947,44.268],[0.945,44.266],[0.942,44.265],[0.942,44.264],[0.940,44.263],[0.936,44.265],[0.931,44.266],[0.927,44.267],[0.928,44.265],[0.927,44.262],[0.929,44.261],[0.929,44.260],[0.933,44.256],[0.933,44.255],[0.932,44.254],[0.931,44.252],[0.932,44.250],[0.932,44.248],[0.929,44.248],[0.926,44.248],[0.924,44.246],[0.924,44.245],[0.919,44.239],[0.919,44.238],[0.923,44.236],[0.924,44.234],[0.926,44.234],[0.928,44.235],[0.927,44.232],[0.929,44.230],[0.926,44.229],[0.925,44.226],[0.924,44.225],[0.921,44.219],[0.921,44.218],[0.920,44.216],[0.918,44.214],[0.915,44.210],[0.914,44.208],[0.914,44.206],[0.911,44.204],[0.909,44.203],[0.908,44.200],[0.907,44.199],[0.905,44.197],[0.905,44.196],[0.907,44.195],[0.907,44.191],[0.905,44.190],[0.903,44.189],[0.901,44.190],[0.894,44.191],[0.891,44.191],[0.887,44.190],[0.884,44.191],[0.881,44.191],[0.876,44.193],[0.873,44.192],[0.867,44.193],[0.861,44.193],[0.859,44.192],[0.860,44.191],[0.859,44.190],[0.856,44.189],[0.855,44.187],[0.854,44.186],[0.853,44.183],[0.853,44.179],[0.852,44.176],[0.853,44.174],[0.861,44.173],[0.865,44.173],[0.864,44.170],[0.866,44.170],[0.870,44.167],[0.874,44.169],[0.876,44.171],[0.883,44.175],[0.886,44.172],[0.889,44.171],[0.890,44.170],[0.889,44.167],[0.888,44.164],[0.885,44.162],[0.884,44.160],[0.885,44.159],[0.887,44.157],[0.888,44.155],[0.890,44.153],[0.888,44.150],[0.888,44.146],[0.892,44.144],[0.894,44.143],[0.893,44.142],[0.894,44.140],[0.894,44.137],[0.892,44.137],[0.889,44.138],[0.886,44.138],[0.883,44.140],[0.882,44.142],[0.879,44.138],[0.877,44.136],[0.882,44.133],[0.882,44.132],[0.880,44.132],[0.879,44.130],[0.880,44.129],[0.876,44.128],[0.875,44.129],[0.872,44.128],[0.870,44.128],[0.869,44.127],[0.869,44.126],[0.866,44.126],[0.863,44.126],[0.859,44.128],[0.857,44.127],[0.857,44.130],[0.856,44.130],[0.849,44.131],[0.847,44.132],[0.841,44.134],[0.840,44.134],[0.838,44.135],[0.834,44.136],[0.832,44.137],[0.828,44.139],[0.821,44.142],[0.818,44.143],[0.816,44.144],[0.809,44.144],[0.807,44.144],[0.804,44.144],[0.801,44.143],[0.796,44.145],[0.788,44.144],[0.787,44.142],[0.789,44.141],[0.792,44.138],[0.795,44.133],[0.797,44.130],[0.795,44.128],[0.795,44.125],[0.795,44.121],[0.792,44.118],[0.793,44.117],[0.795,44.116],[0.796,44.114],[0.798,44.113],[0.798,44.110],[0.797,44.110],[0.795,44.112],[0.791,44.113],[0.788,44.114],[0.786,44.111],[0.783,44.112],[0.780,44.113],[0.778,44.113],[0.775,44.115],[0.771,44.113],[0.772,44.112],[0.769,44.112],[0.767,44.110],[0.766,44.111],[0.763,44.108],[0.762,44.108],[0.759,44.108],[0.756,44.107],[0.753,44.104],[0.752,44.101],[0.753,44.099],[0.752,44.098],[0.748,44.097],[0.747,44.096],[0.748,44.094],[0.747,44.091],[0.747,44.088],[0.748,44.086],[0.745,44.085],[0.743,44.083],[0.744,44.081],[0.741,44.080],[0.739,44.078],[0.738,44.075],[0.739,44.073],[0.737,44.069],[0.738,44.069],[0.739,44.066],[0.741,44.066],[0.741,44.065],[0.739,44.064],[0.738,44.061],[0.733,44.062],[0.731,44.062],[0.728,44.061],[0.725,44.059],[0.720,44.058],[0.716,44.057],[0.714,44.058],[0.707,44.058],[0.707,44.057],[0.703,44.055],[0.700,44.052],[0.698,44.049],[0.698,44.047],[0.696,44.045],[0.695,44.044],[0.693,44.046],[0.687,44.045],[0.685,44.046],[0.684,44.043],[0.682,44.042],[0.681,44.039],[0.679,44.036],[0.679,44.033],[0.679,44.032],[0.679,44.029],[0.677,44.026],[0.670,44.026],[0.666,44.025],[0.662,44.024],[0.660,44.025],[0.657,44.028],[0.657,44.029],[0.652,44.033],[0.654,44.033],[0.655,44.036],[0.653,44.037],[0.654,44.040],[0.654,44.041],[0.654,44.042],[0.649,44.044],[0.643,44.043],[0.641,44.045],[0.639,44.047],[0.637,44.048],[0.638,44.049],[0.636,44.049],[0.631,44.049],[0.630,44.051],[0.630,44.054],[0.631,44.055],[0.629,44.058],[0.627,44.060],[0.626,44.061],[0.623,44.063],[0.622,44.063],[0.620,44.065],[0.614,44.067],[0.615,44.068],[0.611,44.069],[0.607,44.069],[0.607,44.070],[0.605,44.072],[0.599,44.074],[0.601,44.078],[0.597,44.078],[0.593,44.079],[0.590,44.076],[0.585,44.077],[0.585,44.075],[0.582,44.076],[0.579,44.076],[0.575,44.075],[0.578,44.073],[0.575,44.071],[0.574,44.069],[0.573,44.069],[0.572,44.067],[0.569,44.064],[0.569,44.062],[0.566,44.060],[0.565,44.059],[0.558,44.058],[0.555,44.054],[0.551,44.055],[0.546,44.056],[0.542,44.056],[0.540,44.055],[0.538,44.052],[0.535,44.054],[0.532,44.057],[0.530,44.057],[0.526,44.056],[0.521,44.057],[0.517,44.059],[0.515,44.061],[0.512,44.063],[0.510,44.061],[0.506,44.056],[0.505,44.051],[0.503,44.051],[0.504,44.053],[0.503,44.054],[0.502,44.057],[0.500,44.056],[0.495,44.057],[0.489,44.056],[0.487,44.056],[0.485,44.057],[0.485,44.053],[0.484,44.052],[0.480,44.054],[0.475,44.055],[0.470,44.055],[0.466,44.054],[0.459,44.055],[0.458,44.052],[0.456,44.052],[0.453,44.047],[0.451,44.046],[0.449,44.044],[0.450,44.043],[0.446,44.041],[0.445,44.039],[0.443,44.037],[0.443,44.034],[0.442,44.033],[0.443,44.030],[0.442,44.028],[0.439,44.029],[0.433,44.029],[0.430,44.028],[0.425,44.026],[0.421,44.027],[0.418,44.029],[0.417,44.029],[0.414,44.027],[0.412,44.022],[0.411,44.020],[0.408,44.021],[0.406,44.021],[0.402,44.022],[0.396,44.022],[0.397,44.019],[0.394,44.019],[0.393,44.019],[0.391,44.019],[0.391,44.016],[0.384,44.008],[0.381,44.006],[0.376,44.007],[0.371,44.008],[0.367,44.010],[0.366,44.013],[0.364,44.015],[0.362,44.015],[0.359,44.015],[0.358,44.017],[0.356,44.015],[0.353,44.015],[0.354,44.012],[0.350,44.013],[0.345,44.012],[0.344,44.012],[0.335,44.010],[0.327,44.007],[0.320,44.008],[0.316,44.010],[0.313,44.008],[0.314,44.007],[0.314,44.005],[0.316,44.004],[0.315,44.003],[0.318,44.001],[0.319,43.998],[0.317,43.994],[0.313,43.995],[0.313,43.994],[0.312,43.993],[0.309,43.995],[0.307,43.994],[0.303,43.992],[0.302,43.990],[0.300,43.992],[0.295,43.993],[0.291,43.994],[0.286,43.996],[0.285,43.996],[0.280,43.998],[0.273,43.998],[0.270,44.001],[0.270,44.003],[0.268,44.002],[0.266,44.003],[0.263,44.004],[0.258,44.006],[0.257,44.007],[0.256,44.008],[0.254,44.006],[0.254,44.004],[0.253,44.002],[0.252,44.003],[0.247,44.004],[0.244,44.006],[0.242,44.006],[0.239,44.007],[0.239,44.007],[0.236,44.008],[0.233,44.008],[0.230,44.010],[0.229,44.011],[0.231,44.012],[0.231,44.013],[0.234,44.016],[0.235,44.017],[0.233,44.020],[0.233,44.021],[0.231,44.022],[0.228,44.020],[0.224,44.019],[0.221,44.019],[0.217,44.021],[0.216,44.022],[0.214,44.022],[0.212,44.020],[0.211,44.019],[0.210,44.019],[0.205,44.021],[0.205,44.019],[0.204,44.018],[0.203,44.015],[0.204,44.015],[0.203,44.012],[0.202,44.012],[0.197,44.016],[0.194,44.013],[0.189,44.014],[0.187,44.012],[0.185,44.009],[0.183,44.008],[0.182,44.004],[0.180,44.000],[0.176,44.001],[0.175,44.001],[0.173,43.999],[0.166,43.996],[0.164,43.994],[0.165,43.993],[0.166,43.984],[0.165,43.982],[0.165,43.980],[0.163,43.975],[0.160,43.975],[0.161,43.974],[0.157,43.972],[0.153,43.972],[0.150,43.973],[0.145,43.974],[0.143,43.975],[0.138,43.974],[0.137,43.976],[0.141,43.989],[0.141,43.994],[0.140,43.995],[0.138,43.997],[0.131,44.000],[0.128,44.001],[0.126,44.001],[0.126,44.000],[0.128,43.998],[0.126,43.996],[0.125,43.996],[0.123,43.995],[0.120,43.995],[0.118,43.992],[0.117,43.991],[0.118,43.990],[0.116,43.988],[0.114,43.988],[0.108,43.985],[0.106,43.985],[0.105,43.984],[0.102,43.984],[0.097,43.985],[0.094,43.985],[0.091,43.985],[0.088,43.985],[0.087,43.984],[0.085,43.984],[0.083,43.983],[0.079,43.981],[0.078,43.981],[0.076,43.982],[0.076,43.983],[0.073,43.982],[0.072,43.980],[0.074,43.979],[0.072,43.978],[0.069,43.976],[0.067,43.973],[0.065,43.969],[0.067,43.967],[0.066,43.964],[0.064,43.964],[0.062,43.965],[0.061,43.965],[0.061,43.962],[0.059,43.961],[0.057,43.961],[0.055,43.961],[0.054,43.960],[0.055,43.957],[0.054,43.956],[0.056,43.954],[0.055,43.953],[0.056,43.949],[0.058,43.950],[0.060,43.948],[0.060,43.947],[0.062,43.945],[0.063,43.943],[0.062,43.941],[0.064,43.939],[0.068,43.938],[0.068,43.937],[0.070,43.935],[0.071,43.929],[0.072,43.928],[0.072,43.926],[0.072,43.920],[0.073,43.919],[0.074,43.917],[0.076,43.916],[0.076,43.915],[0.072,43.914],[0.072,43.912],[0.072,43.911],[0.072,43.910],[0.069,43.909],[0.070,43.908],[0.069,43.907],[0.069,43.904],[0.067,43.903],[0.065,43.903],[0.061,43.901],[0.059,43.899],[0.059,43.896],[0.055,43.897],[0.052,43.899],[0.047,43.900],[0.043,43.903],[0.040,43.903],[0.037,43.903],[0.034,43.899],[0.030,43.900],[0.024,43.905],[0.024,43.907],[0.022,43.908],[0.020,43.908],[0.019,43.909],[0.017,43.910],[0.017,43.911],[0.014,43.913],[0.010,43.914],[0.006,43.916],[0.004,43.916],[0.002,43.918],[-0.000,43.919],[-0.002,43.921],[-0.006,43.923],[-0.011,43.923],[-0.014,43.924],[-0.017,43.926],[-0.018,43.926],[-0.018,43.928],[-0.023,43.929],[-0.023,43.930],[-0.020,43.930],[-0.017,43.933],[-0.015,43.934],[-0.011,43.935],[-0.009,43.938],[-0.007,43.939],[-0.003,43.940],[0.001,43.942],[0.005,43.943],[0.006,43.947],[0.006,43.953],[0.005,43.956],[0.001,43.959],[-0.000,43.960],[-0.005,43.962],[-0.015,43.969],[-0.018,43.970],[-0.030,43.979],[-0.036,43.983],[-0.037,43.978],[-0.040,43.969],[-0.042,43.967],[-0.043,43.965],[-0.044,43.962],[-0.046,43.960],[-0.051,43.961],[-0.058,43.961],[-0.059,43.960],[-0.062,43.958],[-0.063,43.955],[-0.067,43.952],[-0.069,43.951],[-0.070,43.946],[-0.070,43.944],[-0.072,43.945],[-0.077,43.944],[-0.078,43.943],[-0.080,43.943],[-0.081,43.942],[-0.085,43.945],[-0.086,43.947],[-0.088,43.948],[-0.093,43.948],[-0.094,43.947],[-0.094,43.945],[-0.095,43.944],[-0.097,43.942],[-0.097,43.941],[-0.099,43.936],[-0.099,43.934],[-0.093,43.933],[-0.093,43.932],[-0.095,43.930],[-0.095,43.929],[-0.100,43.928],[-0.102,43.927],[-0.104,43.928],[-0.108,43.929],[-0.108,43.931],[-0.107,43.932],[-0.109,43.932],[-0.113,43.935],[-0.115,43.936],[-0.116,43.937],[-0.119,43.939],[-0.120,43.941],[-0.123,43.942],[-0.124,43.944],[-0.127,43.942],[-0.126,43.940],[-0.130,43.939],[-0.134,43.937],[-0.135,43.936],[-0.140,43.938],[-0.142,43.938],[-0.146,43.939],[-0.153,43.939],[-0.153,43.936],[-0.154,43.933],[-0.153,43.932],[-0.160,43.931],[-0.159,43.928],[-0.159,43.927],[-0.163,43.927],[-0.165,43.927],[-0.167,43.929],[-0.170,43.930],[-0.172,43.931],[-0.172,43.932],[-0.175,43.936],[-0.179,43.937],[-0.180,43.934],[-0.180,43.934],[-0.181,43.930],[-0.183,43.929],[-0.189,43.927],[-0.192,43.926],[-0.191,43.924],[-0.192,43.923],[-0.195,43.922],[-0.197,43.919],[-0.199,43.916],[-0.200,43.914],[-0.202,43.914],[-0.205,43.912],[-0.209,43.911],[-0.213,43.909],[-0.214,43.909],[-0.216,43.907],[-0.217,43.906],[-0.220,43.907],[-0.221,43.909],[-0.221,43.912],[-0.224,43.913],[-0.225,43.912],[-0.228,43.911],[-0.228,43.909],[-0.229,43.907],[-0.231,43.907],[-0.231,43.902],[-0.233,43.902],[-0.233,43.899],[-0.235,43.899],[-0.239,43.898],[-0.239,43.897],[-0.236,43.897],[-0.234,43.895],[-0.238,43.894],[-0.238,43.893],[-0.235,43.892],[-0.233,43.891],[-0.226,43.890],[-0.225,43.890],[-0.223,43.892],[-0.222,43.892],[-0.222,43.894],[-0.218,43.891],[-0.218,43.890],[-0.217,43.890],[-0.216,43.889],[-0.213,43.888],[-0.214,43.887],[-0.211,43.887],[-0.211,43.885],[-0.209,43.885],[-0.206,43.884],[-0.203,43.885],[-0.201,43.885],[-0.201,43.884],[-0.197,43.883],[-0.197,43.882],[-0.195,43.882],[-0.195,43.881],[-0.190,43.880],[-0.191,43.876],[-0.191,43.875],[-0.189,43.873],[-0.188,43.872],[-0.188,43.869],[-0.186,43.868],[-0.185,43.866],[-0.186,43.866],[-0.186,43.864],[-0.185,43.863],[-0.187,43.861],[-0.189,43.862],[-0.190,43.867],[-0.192,43.870],[-0.195,43.870],[-0.196,43.871],[-0.197,43.869],[-0.198,43.867],[-0.196,43.866],[-0.195,43.865],[-0.197,43.864],[-0.198,43.862],[-0.203,43.860],[-0.204,43.860],[-0.208,43.857],[-0.207,43.854],[-0.203,43.852],[-0.201,43.852],[-0.199,43.849],[-0.199,43.847],[-0.197,43.846],[-0.195,43.845],[-0.194,43.842],[-0.194,43.841],[-0.193,43.840],[-0.192,43.838],[-0.190,43.835],[-0.191,43.834],[-0.188,43.833],[-0.188,43.832],[-0.189,43.830],[-0.190,43.830],[-0.197,43.830],[-0.198,43.829],[-0.197,43.826],[-0.197,43.823],[-0.196,43.820],[-0.194,43.818],[-0.192,43.817],[-0.193,43.816],[-0.192,43.812],[-0.191,43.810],[-0.194,43.810],[-0.194,43.808],[-0.200,43.806],[-0.202,43.808],[-0.208,43.809],[-0.212,43.809],[-0.213,43.811],[-0.216,43.812],[-0.217,43.809],[-0.226,43.809],[-0.227,43.808],[-0.226,43.804],[-0.224,43.803],[-0.224,43.801],[-0.222,43.800],[-0.220,43.799],[-0.217,43.798],[-0.219,43.795],[-0.220,43.792],[-0.222,43.789],[-0.221,43.787],[-0.218,43.785],[-0.214,43.783],[-0.214,43.780],[-0.212,43.778],[-0.213,43.776],[-0.214,43.775],[-0.217,43.771],[-0.216,43.770],[-0.212,43.768],[-0.211,43.764],[-0.210,43.761],[-0.207,43.760],[-0.206,43.759],[-0.207,43.756],[-0.212,43.756],[-0.216,43.755],[-0.218,43.754],[-0.219,43.752],[-0.218,43.750],[-0.216,43.749],[-0.214,43.750],[-0.212,43.749],[-0.208,43.750],[-0.205,43.749],[-0.203,43.748],[-0.200,43.748],[-0.197,43.747],[-0.195,43.745],[-0.195,43.741],[-0.195,43.740],[-0.194,43.738],[-0.194,43.737],[-0.197,43.735],[-0.200,43.734],[-0.202,43.732],[-0.202,43.731],[-0.202,43.729],[-0.205,43.727],[-0.209,43.725],[-0.210,43.724],[-0.214,43.723],[-0.217,43.721],[-0.222,43.718],[-0.224,43.718],[-0.227,43.716],[-0.229,43.714],[-0.233,43.713],[-0.234,43.714],[-0.238,43.712],[-0.240,43.711],[-0.243,43.712],[-0.244,43.710],[-0.246,43.710],[-0.250,43.707],[-0.248,43.706],[-0.245,43.705],[-0.245,43.703],[-0.243,43.701],[-0.245,43.699],[-0.243,43.698],[-0.241,43.697],[-0.240,43.694],[-0.239,43.693],[-0.239,43.692],[-0.242,43.691],[-0.244,43.687],[-0.246,43.689],[-0.248,43.688],[-0.248,43.685],[-0.252,43.683],[-0.256,43.683],[-0.256,43.680],[-0.255,43.679],[-0.255,43.675],[-0.258,43.673],[-0.252,43.672],[-0.245,43.671],[-0.239,43.671],[-0.239,43.669],[-0.242,43.668],[-0.244,43.664],[-0.244,43.661],[-0.243,43.659],[-0.245,43.658],[-0.244,43.657],[-0.243,43.657],[-0.242,43.655],[-0.243,43.654],[-0.247,43.655],[-0.250,43.654],[-0.252,43.653],[-0.256,43.652],[-0.258,43.653],[-0.260,43.653],[-0.263,43.652],[-0.264,43.651],[-0.261,43.650],[-0.261,43.649],[-0.263,43.646],[-0.264,43.641],[-0.263,43.638],[-0.263,43.635],[-0.273,43.639],[-0.278,43.641],[-0.281,43.642],[-0.281,43.641],[-0.280,43.639],[-0.281,43.638],[-0.280,43.636],[-0.281,43.634],[-0.281,43.630],[-0.279,43.628],[-0.281,43.626],[-0.280,43.622],[-0.279,43.618],[-0.277,43.615],[-0.272,43.616],[-0.269,43.616],[-0.266,43.616],[-0.261,43.616],[-0.259,43.615],[-0.255,43.615],[-0.250,43.615],[-0.247,43.615],[-0.247,43.613],[-0.247,43.611],[-0.248,43.610],[-0.247,43.609],[-0.247,43.606],[-0.249,43.603],[-0.252,43.601],[-0.253,43.599],[-0.254,43.599],[-0.254,43.597],[-0.250,43.597],[-0.248,43.596],[-0.248,43.594],[-0.247,43.593],[-0.247,43.590],[-0.245,43.588],[-0.243,43.588],[-0.242,43.586],[-0.242,43.584],[-0.242,43.583],[-0.238,43.582],[-0.235,43.583],[-0.233,43.584],[-0.233,43.588],[-0.229,43.590],[-0.227,43.589],[-0.220,43.590],[-0.218,43.590],[-0.213,43.592],[-0.210,43.593],[-0.208,43.591],[-0.207,43.589],[-0.206,43.587],[-0.205,43.585],[-0.204,43.583],[-0.198,43.586],[-0.190,43.587],[-0.189,43.589],[-0.186,43.590],[-0.184,43.591],[-0.182,43.592],[-0.180,43.594],[-0.178,43.596],[-0.176,43.596],[-0.174,43.594],[-0.170,43.590],[-0.169,43.588],[-0.168,43.587],[-0.166,43.586],[-0.166,43.584],[-0.164,43.582],[-0.160,43.580],[-0.157,43.581],[-0.156,43.584],[-0.152,43.585],[-0.148,43.585],[-0.141,43.583],[-0.139,43.582],[-0.139,43.581],[-0.138,43.579],[-0.134,43.581],[-0.132,43.581],[-0.128,43.581],[-0.128,43.583],[-0.125,43.583],[-0.123,43.584],[-0.121,43.584],[-0.121,43.586],[-0.120,43.586],[-0.116,43.584],[-0.110,43.583],[-0.108,43.581],[-0.105,43.581],[-0.101,43.582],[-0.099,43.581],[-0.096,43.582],[-0.096,43.577],[-0.094,43.576],[-0.096,43.575],[-0.094,43.573],[-0.094,43.572],[-0.091,43.570],[-0.091,43.568],[-0.092,43.567],[-0.093,43.563],[-0.092,43.562],[-0.090,43.560],[-0.088,43.557],[-0.090,43.555],[-0.089,43.554],[-0.091,43.553],[-0.092,43.551],[-0.093,43.550],[-0.094,43.548],[-0.094,43.543],[-0.091,43.542],[-0.088,43.542],[-0.084,43.542],[-0.085,43.543],[-0.081,43.544],[-0.080,43.546],[-0.068,43.547],[-0.065,43.548],[-0.064,43.546],[-0.063,43.542],[-0.065,43.541],[-0.060,43.542],[-0.060,43.540],[-0.058,43.536],[-0.058,43.536],[-0.055,43.532],[-0.054,43.532],[-0.052,43.529],[-0.049,43.529],[-0.048,43.527],[-0.047,43.525],[-0.045,43.525],[-0.044,43.525],[-0.043,43.522],[-0.043,43.520],[-0.044,43.518],[-0.043,43.515],[-0.042,43.515],[-0.041,43.513],[-0.040,43.512],[-0.044,43.506],[-0.045,43.501],[-0.046,43.498],[-0.048,43.494],[-0.049,43.491],[-0.045,43.490],[-0.043,43.489],[-0.040,43.489],[-0.034,43.488],[-0.034,43.484],[-0.033,43.479],[-0.033,43.476],[-0.034,43.474],[-0.029,43.473],[-0.026,43.474],[-0.026,43.473],[-0.017,43.472],[-0.018,43.470],[-0.019,43.466],[-0.019,43.465],[-0.021,43.464],[-0.026,43.465],[-0.026,43.466],[-0.030,43.466],[-0.032,43.465],[-0.035,43.465],[-0.038,43.464],[-0.042,43.464],[-0.045,43.465],[-0.051,43.465],[-0.054,43.464],[-0.058,43.464],[-0.059,43.464],[-0.061,43.462],[-0.063,43.463],[-0.065,43.463],[-0.066,43.460],[-0.064,43.458],[-0.064,43.457],[-0.062,43.455],[-0.061,43.454],[-0.061,43.452],[-0.064,43.447],[-0.066,43.445],[-0.066,43.443],[-0.066,43.440],[-0.067,43.438],[-0.070,43.436],[-0.070,43.435],[-0.069,43.432],[-0.066,43.431],[-0.063,43.430],[-0.058,43.427],[-0.056,43.425],[-0.056,43.424],[-0.053,43.423],[-0.050,43.419],[-0.052,43.419],[-0.060,43.418],[-0.062,43.417],[-0.064,43.413],[-0.066,43.411],[-0.067,43.410],[-0.064,43.409],[-0.060,43.410],[-0.057,43.411],[-0.052,43.412],[-0.046,43.409],[-0.042,43.410],[-0.042,43.411],[-0.042,43.413],[-0.041,43.415],[-0.039,43.415],[-0.038,43.416],[-0.039,43.417],[-0.037,43.419],[-0.038,43.419],[-0.035,43.422],[-0.035,43.423],[-0.033,43.428],[-0.034,43.429],[-0.034,43.430],[-0.033,43.432],[-0.032,43.433],[-0.028,43.432],[-0.027,43.431],[-0.024,43.430],[-0.022,43.433],[-0.022,43.436],[-0.020,43.436],[-0.017,43.441],[-0.016,43.443],[-0.012,43.443],[-0.009,43.443],[-0.006,43.443],[-0.005,43.444],[-0.002,43.445],[-0.000,43.441],[-0.000,43.439],[-0.001,43.438],[-0.002,43.434],[-0.004,43.433],[-0.004,43.431],[-0.003,43.430],[0.007,43.423],[0.009,43.422],[0.007,43.419],[0.007,43.418],[0.006,43.417],[0.006,43.413],[0.004,43.411],[0.002,43.408],[-0.001,43.405],[-0.001,43.401],[-0.002,43.400],[-0.001,43.399],[-0.003,43.398],[-0.000,43.396],[-0.001,43.395],[-0.004,43.395],[-0.004,43.393],[0.001,43.395],[0.004,43.393],[0.001,43.391],[-0.001,43.387],[0.000,43.385],[0.001,43.383],[-0.001,43.380],[-0.004,43.378],[-0.004,43.377],[-0.004,43.374],[-0.005,43.373],[-0.003,43.372],[0.001,43.368],[0.004,43.370],[0.004,43.371],[0.008,43.368],[0.008,43.367],[0.005,43.363],[0.008,43.361],[0.012,43.360],[0.014,43.357],[0.014,43.355],[0.017,43.352],[0.021,43.349],[0.026,43.348],[0.029,43.346],[0.028,43.343],[0.024,43.338],[0.020,43.336],[0.017,43.333],[0.012,43.327],[0.010,43.325],[0.006,43.325],[0.007,43.326],[0.001,43.330],[-0.003,43.332],[-0.013,43.331],[-0.018,43.331],[-0.021,43.328],[-0.025,43.329],[-0.027,43.325],[-0.028,43.320],[-0.029,43.315],[-0.032,43.311],[-0.034,43.309],[-0.036,43.308],[-0.037,43.305],[-0.040,43.304],[-0.043,43.304],[-0.044,43.301],[-0.046,43.300],[-0.045,43.298],[-0.045,43.295],[-0.044,43.292],[-0.043,43.288],[-0.043,43.286],[-0.044,43.285],[-0.040,43.283],[-0.034,43.281],[-0.031,43.281],[-0.023,43.280],[-0.027,43.275],[-0.023,43.274],[-0.021,43.274],[-0.017,43.274],[-0.017,43.270],[-0.018,43.268],[-0.024,43.263],[-0.025,43.260],[-0.025,43.257],[-0.023,43.255],[-0.024,43.253],[-0.026,43.252],[-0.028,43.250],[-0.031,43.247],[-0.034,43.246],[-0.035,43.245],[-0.035,43.243],[-0.036,43.243],[-0.038,43.240],[-0.041,43.238],[-0.041,43.237],[-0.044,43.235],[-0.045,43.232],[-0.045,43.230],[-0.044,43.229],[-0.044,43.227],[-0.046,43.225],[-0.046,43.223],[-0.049,43.217],[-0.054,43.218],[-0.061,43.221],[-0.062,43.222],[-0.070,43.224],[-0.072,43.224],[-0.073,43.222],[-0.072,43.221],[-0.071,43.219],[-0.071,43.216],[-0.072,43.214],[-0.072,43.210],[-0.072,43.208],[-0.071,43.206],[-0.070,43.204],[-0.069,43.201],[-0.069,43.198],[-0.068,43.197],[-0.069,43.194],[-0.070,43.194],[-0.071,43.192],[-0.070,43.189],[-0.070,43.188],[-0.068,43.182],[-0.067,43.179],[-0.067,43.177],[-0.074,43.176],[-0.080,43.176],[-0.081,43.176],[-0.086,43.176],[-0.088,43.176],[-0.091,43.177],[-0.095,43.177],[-0.096,43.174],[-0.097,43.168],[-0.097,43.166],[-0.102,43.166],[-0.105,43.166],[-0.106,43.167],[-0.106,43.171],[-0.109,43.175],[-0.109,43.177],[-0.111,43.179],[-0.112,43.180],[-0.117,43.180],[-0.118,43.178],[-0.118,43.176],[-0.120,43.175],[-0.122,43.172],[-0.122,43.171],[-0.125,43.166],[-0.126,43.165],[-0.126,43.160],[-0.126,43.157],[-0.129,43.157],[-0.132,43.153],[-0.138,43.149],[-0.139,43.146],[-0.138,43.143],[-0.141,43.143],[-0.142,43.143],[-0.142,43.140],[-0.141,43.138],[-0.141,43.135],[-0.146,43.128],[-0.148,43.128],[-0.150,43.127],[-0.153,43.125],[-0.155,43.125],[-0.155,43.123],[-0.157,43.122],[-0.160,43.122],[-0.164,43.122],[-0.166,43.121],[-0.170,43.118],[-0.170,43.117],[-0.169,43.114],[-0.171,43.113],[-0.173,43.112],[-0.175,43.110],[-0.177,43.111],[-0.183,43.112],[-0.184,43.114],[-0.192,43.115],[-0.193,43.115],[-0.191,43.112],[-0.190,43.111],[-0.191,43.108],[-0.191,43.105],[-0.192,43.104],[-0.195,43.104],[-0.197,43.101],[-0.197,43.098],[-0.196,43.096],[-0.195,43.094],[-0.186,43.091],[-0.188,43.087],[-0.186,43.084],[-0.189,43.082],[-0.191,43.078],[-0.192,43.077],[-0.192,43.076],[-0.193,43.074],[-0.196,43.074],[-0.198,43.069],[-0.199,43.067],[-0.199,43.064],[-0.196,43.059],[-0.194,43.058],[-0.192,43.056],[-0.190,43.056],[-0.185,43.056],[-0.181,43.052],[-0.189,43.052],[-0.196,43.047],[-0.196,43.045],[-0.200,43.042],[-0.202,43.042],[-0.205,43.041],[-0.209,43.041],[-0.210,43.041],[-0.211,43.038],[-0.212,43.038],[-0.214,43.036],[-0.220,43.034],[-0.223,43.033],[-0.230,43.037],[-0.234,43.038],[-0.235,43.039],[-0.239,43.039],[-0.252,43.039],[-0.254,43.038],[-0.258,43.038],[-0.260,43.035],[-0.260,43.034],[-0.261,43.032],[-0.258,43.032],[-0.257,43.030],[-0.256,43.029],[-0.256,43.027],[-0.255,43.026],[-0.256,43.024],[-0.256,43.022],[-0.257,43.020],[-0.259,43.019],[-0.258,43.014],[-0.259,43.013],[-0.262,43.011],[-0.263,43.010],[-0.266,43.008],[-0.270,43.008],[-0.275,43.005],[-0.280,43.006],[-0.282,43.005],[-0.287,43.005],[-0.288,43.002],[-0.287,43.001],[-0.288,43.000],[-0.289,42.996],[-0.293,42.992],[-0.291,42.989],[-0.291,42.988],[-0.292,42.987],[-0.291,42.985],[-0.290,42.984],[-0.290,42.983],[-0.289,42.979],[-0.291,42.976],[-0.289,42.974],[-0.289,42.972],[-0.287,42.969],[-0.287,42.967],[-0.288,42.966],[-0.288,42.964],[-0.288,42.962],[-0.290,42.962],[-0.290,42.960],[-0.288,42.959],[-0.287,42.957],[-0.286,42.956],[-0.283,42.956],[-0.281,42.950],[-0.282,42.948],[-0.280,42.943],[-0.279,42.942],[-0.279,42.939],[-0.280,42.937],[-0.281,42.933],[-0.284,42.930],[-0.286,42.929],[-0.290,42.929],[-0.292,42.929],[-0.296,42.930],[-0.297,42.930],[-0.303,42.927],[-0.305,42.926],[-0.308,42.926],[-0.309,42.923],[-0.310,42.920],[-0.310,42.919],[-0.315,42.917],[-0.320,42.918],[-0.323,42.917],[-0.327,42.916],[-0.325,42.912],[-0.325,42.911],[-0.324,42.906],[-0.325,42.904],[-0.322,42.902],[-0.322,42.901],[-0.320,42.900],[-0.320,42.898],[-0.316,42.896],[-0.316,42.893],[-0.315,42.892],[-0.315,42.890],[-0.315,42.889],[-0.317,42.886],[-0.315,42.883],[-0.315,42.882],[-0.313,42.879],[-0.313,42.878],[-0.309,42.874],[-0.308,42.872],[-0.307,42.869],[-0.307,42.868],[-0.309,42.867],[-0.309,42.865],[-0.310,42.863],[-0.311,42.861],[-0.311,42.859],[-0.309,42.855],[-0.310,42.853],[-0.312,42.851],[-0.313,42.849],[-0.314,42.846],[-0.317,42.844],[-0.319,42.842],[-0.321,42.839],[-0.321,42.836],[-0.323,42.836],[-0.324,42.834],[-0.329,42.834],[-0.331,42.835],[-0.333,42.838],[-0.335,42.838],[-0.337,42.837],[-0.341,42.836],[-0.343,42.836],[-0.344,42.837],[-0.347,42.837],[-0.347,42.835],[-0.348,42.834],[-0.351,42.833],[-0.352,42.832],[-0.355,42.831],[-0.356,42.829],[-0.355,42.827],[-0.359,42.824],[-0.360,42.822],[-0.363,42.820],[-0.364,42.819],[-0.363,42.817],[-0.364,42.816],[-0.367,42.813],[-0.369,42.813],[-0.371,42.812],[-0.375,42.811],[-0.378,42.809],[-0.382,42.807],[-0.383,42.804],[-0.383,42.801],[-0.387,42.800],[-0.394,42.798],[-0.396,42.801],[-0.399,42.802],[-0.400,42.802],[-0.403,42.804],[-0.407,42.805],[-0.407,42.806],[-0.409,42.807],[-0.411,42.806],[-0.418,42.805],[-0.425,42.802],[-0.433,42.798],[-0.437,42.797],[-0.439,42.796],[-0.440,42.795],[-0.443,42.795],[-0.445,42.798],[-0.447,42.799],[-0.448,42.801],[-0.451,42.803],[-0.453,42.804],[-0.458,42.803],[-0.461,42.804],[-0.464,42.805],[-0.465,42.806],[-0.469,42.807],[-0.472,42.808],[-0.474,42.808],[-0.478,42.809],[-0.479,42.812],[-0.482,42.815],[-0.485,42.816],[-0.488,42.817],[-0.492,42.816],[-0.493,42.817],[-0.498,42.820],[-0.499,42.826],[-0.501,42.827],[-0.505,42.827],[-0.508,42.825],[-0.510,42.825],[-0.513,42.822],[-0.513,42.820],[-0.513,42.818],[-0.517,42.817],[-0.518,42.817],[-0.518,42.816],[-0.522,42.814],[-0.522,42.813],[-0.524,42.812],[-0.525,42.810],[-0.525,42.808],[-0.524,42.805],[-0.523,42.802],[-0.522,42.799],[-0.525,42.796],[-0.525,42.795],[-0.529,42.791],[-0.533,42.792],[-0.535,42.792],[-0.540,42.793],[-0.543,42.793],[-0.551,42.777],[-0.553,42.778],[-0.554,42.779],[-0.558,42.779],[-0.560,42.780],[-0.562,42.780],[-0.566,42.780],[-0.570,42.782],[-0.569,42.784],[-0.570,42.790],[-0.567,42.793],[-0.564,42.798],[-0.564,42.801],[-0.566,42.803],[-0.568,42.806],[-0.570,42.806],[-0.576,42.808],[-0.578,42.806],[-0.584,42.804],[-0.587,42.804],[-0.590,42.802],[-0.596,42.805],[-0.598,42.804],[-0.600,42.806],[-0.599,42.809],[-0.599,42.813],[-0.598,42.813],[-0.598,42.816],[-0.602,42.820],[-0.601,42.821],[-0.602,42.822],[-0.602,42.824],[-0.604,42.825],[-0.604,42.828],[-0.600,42.829],[-0.602,42.831],[-0.603,42.832],[-0.606,42.833],[-0.609,42.834],[-0.615,42.835],[-0.619,42.838],[-0.623,42.841],[-0.624,42.842],[-0.626,42.843],[-0.627,42.845],[-0.630,42.846],[-0.632,42.851],[-0.636,42.853],[-0.638,42.853],[-0.640,42.853],[-0.642,42.853],[-0.644,42.854],[-0.648,42.855],[-0.655,42.858],[-0.661,42.863],[-0.662,42.866],[-0.661,42.868],[-0.662,42.870],[-0.665,42.873],[-0.666,42.875],[-0.667,42.876],[-0.669,42.876],[-0.673,42.879],[-0.675,42.880],[-0.676,42.882],[-0.678,42.884],[-0.679,42.883],[-0.681,42.882],[-0.683,42.883],[-0.686,42.882],[-0.689,42.880],[-0.692,42.880],[-0.694,42.879],[-0.698,42.878],[-0.700,42.881],[-0.702,42.882],[-0.705,42.884],[-0.709,42.884],[-0.711,42.885],[-0.715,42.886],[-0.718,42.886],[-0.718,42.887],[-0.723,42.889],[-0.725,42.892],[-0.727,42.893],[-0.727,42.896],[-0.730,42.896],[-0.731,42.896],[-0.733,42.898],[-0.730,42.900],[-0.732,42.900],[-0.732,42.902],[-0.731,42.903],[-0.733,42.905],[-0.734,42.906],[-0.733,42.909],[-0.734,42.912],[-0.736,42.913],[-0.733,42.914],[-0.732,42.915],[-0.729,42.917],[-0.727,42.917],[-0.724,42.918],[-0.725,42.921],[-0.724,42.922],[-0.726,42.924],[-0.728,42.926],[-0.730,42.926],[-0.732,42.928],[-0.732,42.931],[-0.733,42.933],[-0.732,42.936],[-0.730,42.938],[-0.734,42.939],[-0.733,42.941],[-0.730,42.945],[-0.739,42.947],[-0.743,42.951],[-0.744,42.956],[-0.745,42.957],[-0.747,42.960],[-0.748,42.962],[-0.749,42.963],[-0.751,42.966],[-0.752,42.967],[-0.756,42.968],[-0.759,42.967],[-0.762,42.967],[-0.765,42.968],[-0.767,42.968],[-0.771,42.966],[-0.771,42.965],[-0.779,42.964],[-0.783,42.964],[-0.790,42.963],[-0.794,42.961],[-0.796,42.960],[-0.800,42.958],[-0.803,42.956],[-0.805,42.954],[-0.807,42.954],[-0.810,42.951],[-0.814,42.951],[-0.822,42.951],[-0.827,42.952],[-0.831,42.952],[-0.837,42.954],[-0.839,42.952],[-0.845,42.952],[-0.845,42.951],[-0.851,42.951],[-0.860,42.950],[-0.865,42.950],[-0.873,42.954],[-0.875,42.954],[-0.878,42.954],[-0.883,42.955],[-0.889,42.955],[-0.895,42.955],[-0.897,42.955],[-0.897,42.959],[-0.898,42.961],[-0.902,42.963],[-0.907,42.964],[-0.909,42.963],[-0.914,42.963],[-0.920,42.958],[-0.919,42.956],[-0.921,42.955],[-0.925,42.953],[-0.928,42.953],[-0.934,42.952],[-0.940,42.953],[-0.943,42.953],[-0.945,42.953],[-0.947,42.955],[-0.951,42.957],[-0.956,42.959],[-0.961,42.960],[-0.967,42.960],[-0.970,42.961],[-0.972,42.962],[-0.975,42.963],[-0.976,42.966],[-0.977,42.968],[-0.979,42.968],[-0.981,42.970],[-0.983,42.971],[-0.986,42.972],[-0.989,42.972],[-0.992,42.974],[-0.994,42.974],[-0.997,42.975],[-1.000,42.977],[-1.002,42.982],[-1.005,42.985],[-1.006,42.988],[-1.010,42.991],[-1.014,42.993],[-1.016,42.993],[-1.016,42.994],[-1.022,42.992],[-1.025,42.991],[-1.029,42.992],[-1.033,42.994],[-1.036,42.994],[-1.037,42.995],[-1.041,42.995],[-1.043,42.995],[-1.048,42.995],[-1.050,42.996],[-1.055,42.996],[-1.059,42.995],[-1.062,42.996],[-1.063,42.997],[-1.070,42.997],[-1.074,42.998],[-1.075,42.999],[-1.078,43.000],[-1.079,43.001],[-1.083,43.001],[-1.085,43.003],[-1.084,43.005],[-1.085,43.006],[-1.085,43.007],[-1.083,43.010],[-1.085,43.011],[-1.089,43.010],[-1.091,43.011],[-1.097,43.013],[-1.102,43.015],[-1.107,43.018],[-1.112,43.021],[-1.114,43.023],[-1.116,43.021],[-1.120,43.018],[-1.122,43.015],[-1.124,43.014],[-1.126,43.015],[-1.128,43.013],[-1.133,43.010],[-1.134,43.008],[-1.136,43.009],[-1.139,43.009],[-1.140,43.007],[-1.142,43.007],[-1.142,43.010],[-1.144,43.013],[-1.144,43.017],[-1.144,43.020],[-1.144,43.023],[-1.145,43.024],[-1.150,43.027],[-1.151,43.027],[-1.152,43.028],[-1.155,43.029],[-1.156,43.030],[-1.160,43.031],[-1.161,43.032],[-1.164,43.034],[-1.171,43.036],[-1.173,43.037],[-1.174,43.034],[-1.180,43.032],[-1.201,43.043],[-1.203,43.044],[-1.204,43.045],[-1.208,43.047],[-1.211,43.049],[-1.212,43.051],[-1.225,43.054],[-1.230,43.055],[-1.239,43.047],[-1.241,43.045],[-1.247,43.042],[-1.248,43.041],[-1.253,43.042],[-1.256,43.043],[-1.260,43.043],[-1.262,43.043],[-1.264,43.044],[-1.264,43.046],[-1.266,43.048],[-1.268,43.050],[-1.270,43.054],[-1.274,43.055],[-1.277,43.057],[-1.280,43.058],[-1.282,43.060],[-1.285,43.061],[-1.287,43.063],[-1.291,43.063],[-1.295,43.064],[-1.296,43.066],[-1.300,43.067],[-1.302,43.067],[-1.302,43.068],[-1.305,43.067],[-1.307,43.068],[-1.309,43.068],[-1.308,43.072],[-1.307,43.073],[-1.305,43.076],[-1.305,43.078],[-1.305,43.080],[-1.303,43.084],[-1.301,43.085],[-1.302,43.087],[-1.301,43.087],[-1.300,43.089],[-1.299,43.091],[-1.299,43.092],[-1.297,43.095],[-1.295,43.095],[-1.294,43.097],[-1.292,43.099],[-1.292,43.100],[-1.290,43.101],[-1.289,43.104],[-1.286,43.104],[-1.285,43.106],[-1.282,43.107],[-1.282,43.108],[-1.279,43.110],[-1.277,43.112],[-1.274,43.113],[-1.273,43.115],[-1.270,43.116],[-1.270,43.118],[-1.274,43.118],[-1.280,43.118],[-1.282,43.117],[-1.285,43.117],[-1.289,43.115],[-1.292,43.115],[-1.293,43.116],[-1.295,43.115],[-1.301,43.115],[-1.307,43.114],[-1.310,43.113],[-1.314,43.113],[-1.316,43.113],[-1.320,43.112],[-1.328,43.108],[-1.332,43.107],[-1.333,43.105],[-1.333,43.103],[-1.334,43.102],[-1.338,43.100],[-1.339,43.098],[-1.345,43.094],[-1.346,43.090],[-1.344,43.087],[-1.343,43.084],[-1.340,43.080],[-1.341,43.078],[-1.341,43.075],[-1.344,43.072],[-1.343,43.067],[-1.343,43.062],[-1.345,43.056],[-1.342,43.054],[-1.345,43.049],[-1.348,43.042],[-1.348,43.039],[-1.349,43.037],[-1.351,43.031],[-1.353,43.028],[-1.367,43.031],[-1.388,43.035],[-1.441,43.046],[-1.447,43.053],[-1.452,43.059],[-1.455,43.062],[-1.457,43.063],[-1.468,43.077],[-1.471,43.081],[-1.472,43.084],[-1.473,43.086],[-1.471,43.088],[-1.470,43.091],[-1.466,43.095],[-1.464,43.097],[-1.461,43.098],[-1.458,43.098],[-1.456,43.100],[-1.453,43.100],[-1.452,43.101],[-1.451,43.104],[-1.443,43.107],[-1.440,43.107],[-1.443,43.111],[-1.438,43.112],[-1.435,43.114],[-1.433,43.115],[-1.427,43.116],[-1.426,43.118],[-1.427,43.121],[-1.424,43.124],[-1.421,43.125],[-1.419,43.126],[-1.416,43.127],[-1.414,43.127],[-1.413,43.129],[-1.414,43.130],[-1.414,43.132],[-1.415,43.135],[-1.411,43.138],[-1.410,43.141],[-1.409,43.142],[-1.414,43.146],[-1.416,43.148],[-1.415,43.149],[-1.413,43.150],[-1.413,43.151],[-1.410,43.154],[-1.407,43.155],[-1.405,43.155],[-1.402,43.155],[-1.402,43.157],[-1.404,43.160],[-1.404,43.163],[-1.403,43.164],[-1.402,43.166],[-1.403,43.170],[-1.403,43.172],[-1.402,43.175],[-1.402,43.177],[-1.398,43.181],[-1.390,43.186],[-1.383,43.187],[-1.381,43.189],[-1.384,43.191],[-1.386,43.194],[-1.386,43.195],[-1.385,43.197],[-1.383,43.199],[-1.383,43.201],[-1.383,43.203],[-1.385,43.206],[-1.384,43.209],[-1.384,43.211],[-1.380,43.214],[-1.382,43.216],[-1.384,43.219],[-1.384,43.221],[-1.383,43.223],[-1.381,43.225],[-1.380,43.225],[-1.378,43.227],[-1.377,43.230],[-1.378,43.230],[-1.378,43.235],[-1.381,43.244],[-1.382,43.253],[-1.387,43.255],[-1.388,43.257],[-1.388,43.258],[-1.391,43.259],[-1.394,43.262],[-1.396,43.263],[-1.398,43.265],[-1.400,43.266],[-1.402,43.268],[-1.405,43.270],[-1.409,43.271],[-1.413,43.273],[-1.416,43.272],[-1.420,43.269],[-1.427,43.266],[-1.438,43.266],[-1.439,43.267],[-1.445,43.268],[-1.450,43.269],[-1.453,43.271],[-1.458,43.271],[-1.461,43.271],[-1.465,43.272],[-1.469,43.273],[-1.473,43.275],[-1.475,43.276],[-1.478,43.277],[-1.482,43.281],[-1.482,43.282],[-1.485,43.282],[-1.487,43.281],[-1.491,43.280],[-1.492,43.281],[-1.495,43.282],[-1.496,43.284],[-1.498,43.285],[-1.498,43.287],[-1.501,43.287],[-1.502,43.289],[-1.503,43.291],[-1.505,43.293],[-1.509,43.293],[-1.515,43.293],[-1.520,43.293],[-1.524,43.293],[-1.531,43.293],[-1.535,43.294],[-1.539,43.291],[-1.543,43.292],[-1.546,43.291],[-1.551,43.291],[-1.560,43.289],[-1.564,43.287],[-1.563,43.285],[-1.562,43.284],[-1.559,43.283],[-1.557,43.279],[-1.558,43.276],[-1.560,43.275],[-1.560,43.272],[-1.561,43.271],[-1.562,43.270],[-1.564,43.267],[-1.565,43.265],[-1.568,43.256],[-1.569,43.255],[-1.572,43.252],[-1.576,43.249],[-1.580,43.253],[-1.582,43.253],[-1.585,43.252],[-1.587,43.253],[-1.589,43.253],[-1.592,43.254],[-1.597,43.254],[-1.601,43.254],[-1.605,43.252],[-1.608,43.251],[-1.610,43.254],[-1.614,43.255],[-1.617,43.258],[-1.617,43.259],[-1.622,43.263],[-1.623,43.270],[-1.625,43.270],[-1.626,43.277],[-1.628,43.281],[-1.630,43.284],[-1.629,43.288],[-1.628,43.290],[-1.627,43.294],[-1.622,43.300],[-1.622,43.303],[-1.624,43.306],[-1.625,43.306],[-1.630,43.307],[-1.635,43.309],[-1.643,43.306],[-1.645,43.306],[-1.652,43.310],[-1.654,43.312],[-1.658,43.313],[-1.664,43.313],[-1.668,43.314],[-1.674,43.311],[-1.677,43.311],[-1.679,43.310],[-1.683,43.310],[-1.685,43.309],[-1.688,43.309],[-1.690,43.310],[-1.693,43.311],[-1.694,43.312],[-1.699,43.309],[-1.703,43.309],[-1.708,43.305],[-1.709,43.303],[-1.713,43.300],[-1.719,43.300],[-1.723,43.300],[-1.725,43.298],[-1.729,43.295],[-1.731,43.297],[-1.731,43.300],[-1.733,43.302],[-1.733,43.306],[-1.735,43.310],[-1.736,43.310],[-1.739,43.311],[-1.740,43.312],[-1.737,43.313],[-1.741,43.316],[-1.740,43.319],[-1.738,43.320],[-1.737,43.322],[-1.736,43.323],[-1.738,43.325],[-1.737,43.330],[-1.740,43.331],[-1.742,43.331],[-1.747,43.331],[-1.749,43.331],[-1.752,43.333],[-1.752,43.335],[-1.751,43.336],[-1.752,43.340],[-1.753,43.342],[-1.757,43.344],[-1.760,43.344],[-1.762,43.343],[-1.765,43.342],[-1.768,43.342],[-1.771,43.342],[-1.775,43.343],[-1.776,43.344],[-1.776,43.347],[-1.777,43.348],[-1.780,43.348],[-1.783,43.349],[-1.787,43.351],[-1.789,43.354],[-1.788,43.356],[-1.782,43.362],[-1.783,43.363],[-1.786,43.363],[-1.788,43.364],[-1.790,43.367],[-1.792,43.370],[-1.792,43.372],[-1.788,43.378],[-1.786,43.378],[-1.788,43.374],[-1.784,43.373],[-1.778,43.372],[-1.774,43.372],[-1.762,43.375],[-1.759,43.376],[-1.757,43.378],[-1.755,43.379],[-1.755,43.379],[-1.758,43.380],[-1.758,43.381],[-1.756,43.383],[-1.756,43.384],[-1.753,43.384],[-1.752,43.387],[-1.748,43.387],[-1.747,43.387],[-1.747,43.385],[-1.748,43.383],[-1.746,43.382],[-1.745,43.384],[-1.744,43.383],[-1.739,43.380],[-1.736,43.382],[-1.733,43.381],[-1.730,43.383],[-1.729,43.382],[-1.723,43.385],[-1.719,43.386],[-1.714,43.388],[-1.711,43.388],[-1.707,43.390],[-1.706,43.390],[-1.701,43.392],[-1.695,43.393],[-1.695,43.394],[-1.690,43.395],[-1.689,43.395],[-1.684,43.397],[-1.682,43.397],[-1.681,43.396],[-1.682,43.394],[-1.682,43.394],[-1.683,43.392],[-1.681,43.390],[-1.679,43.389],[-1.674,43.389],[-1.672,43.389],[-1.669,43.388],[-1.665,43.389],[-1.662,43.391],[-1.660,43.393],[-1.661,43.396],[-1.664,43.396],[-1.666,43.399],[-1.663,43.401],[-1.661,43.402],[-1.661,43.403],[-1.659,43.403],[-1.658,43.405],[-1.654,43.405],[-1.650,43.407],[-1.648,43.405],[-1.645,43.405],[-1.642,43.406],[-1.639,43.408],[-1.637,43.409],[-1.639,43.410],[-1.638,43.412],[-1.634,43.414],[-1.632,43.412],[-1.628,43.413],[-1.628,43.415],[-1.631,43.416],[-1.629,43.418],[-1.628,43.418],[-1.626,43.417],[-1.624,43.418],[-1.624,43.421],[-1.625,43.422],[-1.620,43.423],[-1.620,43.424],[-1.619,43.426],[-1.617,43.427],[-1.613,43.426],[-1.609,43.426],[-1.608,43.427],[-1.608,43.429],[-1.607,43.430],[-1.604,43.430],[-1.601,43.433],[-1.600,43.435],[-1.597,43.438],[-1.598,43.439],[-1.595,43.440],[-1.596,43.442],[-1.595,43.444],[-1.595,43.445],[-1.594,43.448],[-1.591,43.449],[-1.589,43.449],[-1.587,43.451],[-1.584,43.455],[-1.582,43.458],[-1.583,43.460],[-1.582,43.461],[-1.580,43.462],[-1.579,43.463],[-1.577,43.464],[-1.576,43.465],[-1.578,43.466],[-1.577,43.468],[-1.574,43.468],[-1.572,43.472],[-1.570,43.474],[-1.569,43.476],[-1.567,43.479],[-1.569,43.480],[-1.571,43.481],[-1.569,43.482],[-1.569,43.484],[-1.565,43.484],[-1.564,43.484],[-1.561,43.485],[-1.559,43.487],[-1.557,43.487],[-1.554,43.490],[-1.553,43.492],[-1.555,43.492],[-1.555,43.494],[-1.553,43.494],[-1.551,43.493],[-1.549,43.494],[-1.548,43.495],[-1.545,43.499],[-1.544,43.501],[-1.542,43.504],[-1.534,43.513],[-1.532,43.516],[-1.529,43.519],[-1.528,43.521],[-1.527,43.522],[-1.526,43.525],[-1.525,43.527],[-1.524,43.529],[-1.523,43.531],[-1.521,43.533],[-1.520,43.534],[-1.518,43.538],[-1.516,43.540],[-1.513,43.544],[-1.509,43.550],[-1.507,43.554],[-1.502,43.559],[-1.496,43.566],[-1.491,43.572],[-1.488,43.577],[-1.484,43.582],[-1.480,43.590],[-1.475,43.596],[-1.470,43.604],[-1.469,43.606],[-1.460,43.620],[-1.454,43.629],[-1.453,43.633],[-1.451,43.635],[-1.448,43.642],[-1.448,43.643],[-1.446,43.645],[-1.445,43.653],[-1.445,43.655],[-1.446,43.656],[-1.444,43.659],[-1.441,43.666],[-1.441,43.669],[-1.440,43.677],[-1.440,43.690],[-1.439,43.692],[-1.439,43.697],[-1.438,43.701],[-1.437,43.706],[-1.436,43.710],[-1.435,43.713],[-1.434,43.717],[-1.432,43.721],[-1.431,43.726],[-1.429,43.734],[-1.428,43.737],[-1.427,43.741],[-1.427,43.743],[-1.426,43.745],[-1.426,43.747],[-1.425,43.751],[-1.424,43.754],[-1.422,43.763],[-1.419,43.770],[-1.419,43.772],[-1.418,43.774],[-1.416,43.781],[-1.415,43.782],[-1.415,43.784],[-1.414,43.786],[-1.412,43.796],[-1.410,43.803],[-1.409,43.805],[-1.408,43.808],[-1.406,43.813],[-1.406,43.814],[-1.405,43.816],[-1.404,43.819],[-1.403,43.821],[-1.403,43.824],[-1.402,43.827],[-1.401,43.832],[-1.398,43.837],[-1.397,43.843],[-1.396,43.845],[-1.394,43.851],[-1.392,43.853],[-1.389,43.856],[-1.388,43.858],[-1.391,43.858],[-1.391,43.860],[-1.389,43.865],[-1.389,43.866],[-1.386,43.872],[-1.384,43.881],[-1.383,43.883],[-1.382,43.887],[-1.381,43.889],[-1.381,43.891],[-1.377,43.904],[-1.375,43.912],[-1.374,43.916],[-1.373,43.921],[-1.371,43.927],[-1.370,43.931],[-1.370,43.933],[-1.369,43.936],[-1.367,43.944],[-1.366,43.947],[-1.362,43.958],[-1.362,43.962],[-1.360,43.968],[-1.360,43.972],[-1.357,43.977],[-1.357,43.978],[-1.356,43.985],[-1.355,43.987],[-1.355,43.990],[-1.354,43.991],[-1.352,43.998],[-1.349,44.004],[-1.349,44.007],[-1.349,44.008],[-1.348,44.010],[-1.348,44.012],[-1.347,44.014],[-1.347,44.016],[-1.346,44.018],[-1.346,44.023],[-1.344,44.027],[-1.344,44.030],[-1.342,44.035],[-1.342,44.039],[-1.340,44.041],[-1.340,44.044],[-1.339,44.046],[-1.339,44.049],[-1.337,44.052],[-1.337,44.056],[-1.336,44.057],[-1.335,44.062],[-1.333,44.064],[-1.333,44.066],[-1.332,44.068],[-1.332,44.070],[-1.329,44.078],[-1.329,44.081],[-1.327,44.086],[-1.327,44.088],[-1.325,44.089],[-1.327,44.091],[-1.325,44.096],[-1.325,44.098],[-1.324,44.099],[-1.323,44.104],[-1.320,44.112],[-1.319,44.115],[-1.319,44.119],[-1.318,44.121],[-1.315,44.130],[-1.315,44.132],[-1.315,44.134],[-1.313,44.141],[-1.311,44.147],[-1.311,44.148],[-1.310,44.152],[-1.311,44.153],[-1.310,44.157],[-1.309,44.159],[-1.308,44.163],[-1.308,44.164],[-1.307,44.166],[-1.306,44.170],[-1.306,44.172],[-1.305,44.177],[-1.304,44.182],[-1.304,44.183],[-1.303,44.187],[-1.303,44.189],[-1.301,44.199],[-1.300,44.204],[-1.299,44.210],[-1.297,44.212],[-1.297,44.217],[-1.297,44.220],[-1.296,44.226],[-1.295,44.230],[-1.294,44.233],[-1.294,44.236],[-1.294,44.238],[-1.293,44.240],[-1.292,44.244],[-1.291,44.250],[-1.290,44.253],[-1.289,44.258],[-1.289,44.259],[-1.288,44.264],[-1.286,44.272],[-1.286,44.275],[-1.285,44.277],[-1.284,44.285],[-1.283,44.288],[-1.283,44.290],[-1.282,44.292],[-1.282,44.295],[-1.281,44.300],[-1.281,44.302],[-1.279,44.309],[-1.278,44.314],[-1.277,44.319],[-1.277,44.322],[-1.276,44.327],[-1.276,44.330],[-1.275,44.332],[-1.273,44.342],[-1.272,44.350],[-1.272,44.351],[-1.271,44.353],[-1.271,44.355],[-1.270,44.357],[-1.270,44.361],[-1.269,44.368],[-1.267,44.375],[-1.266,44.380],[-1.266,44.382],[-1.266,44.385],[-1.265,44.390],[-1.264,44.393],[-1.264,44.394],[-1.263,44.399],[-1.262,44.404],[-1.262,44.406],[-1.261,44.411],[-1.261,44.414],[-1.260,44.417],[-1.260,44.421],[-1.259,44.428],[-1.258,44.430],[-1.258,44.437],[-1.256,44.444],[-1.255,44.456],[-1.254,44.457],[-1.254,44.462],[-1.254,44.464],[-1.253,44.467],[-1.253,44.470],[-1.253,44.476],[-1.252,44.478],[-1.252,44.484],[-1.251,44.488],[-1.250,44.499],[-1.251,44.502],[-1.250,44.505],[-1.251,44.508],[-1.251,44.512],[-1.251,44.514],[-1.252,44.515],[-1.252,44.517],[-1.253,44.521],[-1.254,44.523],[-1.256,44.528],[-1.256,44.532],[-1.258,44.536],[-1.260,44.539],[-1.259,44.541],[-1.260,44.543],[-1.258,44.547],[-1.256,44.549],[-1.252,44.550],[-1.246,44.555],[-1.240,44.561],[-1.237,44.565],[-1.235,44.567],[-1.232,44.568],[-1.231,44.569],[-1.231,44.572],[-1.227,44.575],[-1.222,44.582],[-1.218,44.589],[-1.212,44.599],[-1.211,44.601],[-1.207,44.608],[-1.204,44.614],[-1.204,44.617],[-1.203,44.622],[-1.203,44.622],[-1.203,44.628],[-1.204,44.630],[-1.204,44.635],[-1.204,44.636],[-1.204,44.640],[-1.201,44.644],[-1.198,44.647],[-1.196,44.652],[-1.195,44.657],[-1.193,44.658],[-1.191,44.660],[-1.189,44.661],[-1.180,44.663],[-1.172,44.663],[-1.167,44.663],[-1.163,44.664],[-1.161,44.663],[-1.157,44.662],[-1.153,44.660],[-1.153,44.662],[-1.152,44.662],[-1.151,44.660],[-1.149,44.658],[-1.145,44.657],[-1.144,44.657],[-1.144,44.659],[-1.142,44.659],[-1.144,44.656],[-1.141,44.654],[-1.139,44.654],[-1.139,44.652],[-1.142,44.651],[-1.146,44.650],[-1.147,44.649],[-1.147,44.648],[-1.149,44.647],[-1.151,44.648],[-1.154,44.647],[-1.154,44.644],[-1.153,44.642],[-1.149,44.640],[-1.143,44.640],[-1.145,44.645],[-1.143,44.646],[-1.139,44.647],[-1.131,44.647],[-1.129,44.646],[-1.127,44.647],[-1.121,44.647],[-1.117,44.646],[-1.118,44.644],[-1.117,44.643],[-1.115,44.644],[-1.113,44.645],[-1.104,44.643],[-1.102,44.646],[-1.096,44.644],[-1.097,44.642],[-1.096,44.642],[-1.090,44.641],[-1.086,44.641],[-1.082,44.640],[-1.081,44.640],[-1.080,44.641],[-1.078,44.641],[-1.078,44.644],[-1.076,44.643],[-1.076,44.641],[-1.073,44.641],[-1.074,44.644],[-1.074,44.645],[-1.072,44.645],[-1.070,44.644],[-1.069,44.645],[-1.065,44.646],[-1.065,44.647],[-1.063,44.646],[-1.062,44.645],[-1.059,44.645],[-1.059,44.644],[-1.057,44.644],[-1.055,44.644],[-1.050,44.644],[-1.051,44.648],[-1.045,44.647],[-1.043,44.649],[-1.042,44.650],[-1.040,44.650],[-1.041,44.652],[-1.039,44.653],[-1.037,44.652],[-1.037,44.649],[-1.035,44.648],[-1.028,44.647],[-1.027,44.645],[-1.025,44.643],[-1.022,44.644],[-1.022,44.642],[-1.019,44.642],[-1.019,44.645],[-1.020,44.647],[-1.019,44.648],[-1.014,44.649],[-1.012,44.648],[-1.011,44.649],[-1.008,44.649],[-1.005,44.647],[-1.003,44.648],[-1.004,44.650],[-1.005,44.652],[-1.005,44.654],[-1.007,44.654],[-1.008,44.656],[-1.011,44.656],[-1.010,44.659],[-1.013,44.658],[-1.014,44.660],[-1.018,44.664],[-1.019,44.666],[-1.017,44.666],[-1.018,44.669],[-1.024,44.675],[-1.019,44.678],[-1.025,44.676],[-1.028,44.676],[-1.031,44.679],[-1.031,44.679],[-1.035,44.678],[-1.038,44.678],[-1.039,44.679],[-1.043,44.681],[-1.040,44.682],[-1.040,44.684],[-1.038,44.685],[-1.040,44.686],[-1.041,44.685],[-1.043,44.683],[-1.047,44.683],[-1.050,44.682],[-1.058,44.687],[-1.058,44.689],[-1.069,44.696],[-1.063,44.697],[-1.057,44.694],[-1.055,44.694],[-1.053,44.695],[-1.050,44.695],[-1.049,44.692],[-1.046,44.692],[-1.043,44.692],[-1.037,44.692],[-1.036,44.693],[-1.039,44.695],[-1.042,44.695],[-1.043,44.696],[-1.045,44.700],[-1.047,44.700],[-1.051,44.701],[-1.053,44.703],[-1.051,44.705],[-1.053,44.707],[-1.055,44.707],[-1.056,44.709],[-1.058,44.709],[-1.059,44.709],[-1.067,44.713],[-1.070,44.716],[-1.072,44.717],[-1.074,44.719],[-1.076,44.721],[-1.078,44.722],[-1.083,44.725],[-1.085,44.726],[-1.091,44.731],[-1.093,44.734],[-1.093,44.733],[-1.096,44.736],[-1.099,44.738],[-1.101,44.740],[-1.104,44.741],[-1.106,44.742],[-1.110,44.742],[-1.113,44.744],[-1.116,44.744],[-1.118,44.744],[-1.120,44.747],[-1.120,44.749],[-1.122,44.750],[-1.121,44.752],[-1.118,44.753],[-1.116,44.755],[-1.117,44.755],[-1.118,44.753],[-1.122,44.753],[-1.124,44.752],[-1.126,44.750],[-1.127,44.750],[-1.131,44.752],[-1.134,44.754],[-1.135,44.756],[-1.137,44.757],[-1.143,44.761],[-1.146,44.761],[-1.148,44.762],[-1.149,44.763],[-1.151,44.764],[-1.151,44.766],[-1.152,44.766],[-1.155,44.768],[-1.161,44.774],[-1.162,44.773],[-1.164,44.773],[-1.165,44.775],[-1.167,44.776],[-1.169,44.774],[-1.168,44.771],[-1.170,44.770],[-1.171,44.767],[-1.174,44.765],[-1.174,44.764],[-1.178,44.763],[-1.178,44.762],[-1.177,44.759],[-1.180,44.758],[-1.178,44.755],[-1.175,44.755],[-1.173,44.754],[-1.174,44.752],[-1.172,44.750],[-1.172,44.750],[-1.174,44.749],[-1.172,44.748],[-1.173,44.745],[-1.175,44.744],[-1.179,44.744],[-1.182,44.743],[-1.182,44.741],[-1.186,44.738],[-1.185,44.738],[-1.190,44.737],[-1.191,44.734],[-1.189,44.734],[-1.190,44.730],[-1.192,44.729],[-1.194,44.728],[-1.196,44.726],[-1.197,44.724],[-1.204,44.721],[-1.205,44.720],[-1.204,44.717],[-1.208,44.716],[-1.211,44.713],[-1.216,44.711],[-1.219,44.710],[-1.222,44.710],[-1.224,44.707],[-1.222,44.707],[-1.221,44.706],[-1.223,44.704],[-1.227,44.701],[-1.228,44.699],[-1.228,44.697],[-1.231,44.694],[-1.232,44.693],[-1.231,44.691],[-1.232,44.689],[-1.234,44.687],[-1.236,44.683],[-1.237,44.682],[-1.237,44.680],[-1.240,44.668],[-1.240,44.666],[-1.239,44.661],[-1.238,44.657],[-1.239,44.655],[-1.243,44.650],[-1.244,44.648],[-1.246,44.641],[-1.245,44.638],[-1.245,44.636],[-1.244,44.636],[-1.242,44.641],[-1.243,44.642],[-1.241,44.643],[-1.240,44.639],[-1.241,44.637],[-1.242,44.635],[-1.245,44.631],[-1.243,44.630],[-1.243,44.628],[-1.244,44.625],[-1.244,44.623],[-1.248,44.618],[-1.252,44.617],[-1.253,44.619],[-1.254,44.619],[-1.256,44.621],[-1.258,44.623],[-1.260,44.625],[-1.261,44.627],[-1.262,44.632],[-1.261,44.635],[-1.262,44.643],[-1.261,44.645],[-1.261,44.647],[-1.260,44.651],[-1.261,44.652],[-1.259,44.661],[-1.259,44.665],[-1.258,44.668],[-1.257,44.677],[-1.257,44.679],[-1.255,44.689],[-1.255,44.691],[-1.254,44.697],[-1.251,44.712],[-1.247,44.731],[-1.246,44.738],[-1.244,44.745],[-1.244,44.748],[-1.240,44.765],[-1.240,44.769],[-1.239,44.775],[-1.237,44.784],[-1.234,44.797],[-1.234,44.801],[-1.233,44.808],[-1.232,44.808],[-1.231,44.817],[-1.230,44.824],[-1.228,44.832],[-1.227,44.834],[-1.226,44.839],[-1.226,44.841],[-1.224,44.853],[-1.223,44.859],[-1.223,44.862],[-1.222,44.868],[-1.222,44.872],[-1.220,44.884],[-1.218,44.894],[-1.217,44.904],[-1.215,44.913],[-1.215,44.914],[-1.214,44.919],[-1.214,44.924],[-1.213,44.927],[-1.213,44.930],[-1.212,44.936],[-1.211,44.937],[-1.210,44.943],[-1.210,44.945],[-1.208,44.956],[-1.208,44.958],[-1.207,44.962],[-1.207,44.963],[-1.206,44.971],[-1.206,44.973],[-1.205,44.978],[-1.205,44.981],[-1.205,44.985],[-1.204,44.987],[-1.202,44.999],[-1.202,45.002],[-1.202,45.005],[-1.201,45.011],[-1.201,45.012],[-1.201,45.016],[-1.200,45.017],[-1.200,45.021],[-1.2,45.023],[-1.200,45.025],[-1.199,45.031],[-1.198,45.036],[-1.198,45.040],[-1.197,45.044],[-1.197,45.046],[-1.196,45.048],[-1.196,45.050],[-1.196,45.054],[-1.196,45.057],[-1.194,45.063],[-1.194,45.067],[-1.193,45.070],[-1.194,45.071],[-1.193,45.077],[-1.193,45.079],[-1.192,45.084],[-1.192,45.086],[-1.191,45.088],[-1.192,45.090],[-1.191,45.098],[-1.191,45.099],[-1.190,45.107],[-1.189,45.111],[-1.188,45.115],[-1.188,45.117],[-1.188,45.122],[-1.187,45.124],[-1.186,45.133],[-1.185,45.136],[-1.185,45.142],[-1.184,45.146],[-1.183,45.150],[-1.183,45.155],[-1.182,45.159],[-1.182,45.163],[-1.181,45.165],[-1.181,45.172],[-1.180,45.176],[-1.179,45.181],[-1.178,45.188],[-1.178,45.190],[-1.178,45.192],[-1.177,45.196],[-1.177,45.198],[-1.175,45.202],[-1.175,45.210],[-1.174,45.211],[-1.174,45.215],[-1.173,45.220],[-1.172,45.231],[-1.171,45.234],[-1.171,45.236],[-1.170,45.240],[-1.170,45.244],[-1.168,45.257],[-1.167,45.261],[-1.166,45.268],[-1.165,45.276],[-1.165,45.277],[-1.164,45.285],[-1.163,45.290],[-1.162,45.293],[-1.162,45.295],[-1.162,45.299],[-1.162,45.302],[-1.161,45.305],[-1.161,45.312],[-1.161,45.317],[-1.161,45.320],[-1.160,45.322],[-1.160,45.329],[-1.160,45.331],[-1.159,45.337],[-1.159,45.349],[-1.159,45.352],[-1.158,45.357],[-1.159,45.362],[-1.159,45.364],[-1.159,45.377],[-1.160,45.383],[-1.160,45.386],[-1.160,45.390],[-1.160,45.393],[-1.160,45.399],[-1.160,45.403],[-1.160,45.407],[-1.160,45.410],[-1.159,45.417],[-1.157,45.424],[-1.154,45.428],[-1.153,45.433],[-1.152,45.436],[-1.151,45.441],[-1.151,45.446],[-1.151,45.451],[-1.152,45.453],[-1.152,45.455],[-1.152,45.459],[-1.154,45.463],[-1.157,45.470],[-1.156,45.476],[-1.155,45.477],[-1.154,45.481],[-1.152,45.483],[-1.150,45.487],[-1.149,45.489],[-1.144,45.495],[-1.143,45.499],[-1.142,45.500],[-1.141,45.503],[-1.139,45.505],[-1.138,45.507],[-1.136,45.511],[-1.130,45.515],[-1.126,45.518],[-1.125,45.518],[-1.121,45.521],[-1.120,45.522],[-1.118,45.523],[-1.117,45.525],[-1.115,45.526],[-1.115,45.527],[-1.113,45.528],[-1.113,45.529],[-1.112,45.530],[-1.112,45.531],[-1.109,45.533],[-1.106,45.538],[-1.103,45.539],[-1.101,45.539],[-1.100,45.541],[-1.099,45.545],[-1.098,45.547],[-1.096,45.553],[-1.096,45.556],[-1.095,45.557],[-1.094,45.558],[-1.091,45.562],[-1.087,45.564],[-1.086,45.563],[-1.085,45.562],[-1.082,45.563],[-1.083,45.564],[-1.078,45.565],[-1.076,45.566],[-1.074,45.567],[-1.061,45.572],[-1.060,45.571],[-1.025,45.574],[-0.993,45.577],[-0.992,45.579],[-0.989,45.581],[-0.989,45.585],[-0.990,45.590],[-0.993,45.597],[-0.996,45.599],[-0.999,45.601],[-1.001,45.600],[-1.002,45.599],[-1.004,45.599],[-1.008,45.599],[-1.007,45.597],[-1.009,45.597],[-1.011,45.598],[-1.013,45.599],[-1.013,45.601],[-1.015,45.602],[-1.012,45.605],[-1.010,45.605],[-1.008,45.606],[-1.008,45.607],[-1.009,45.611],[-1.012,45.615],[-1.016,45.618],[-1.020,45.621],[-1.022,45.622],[-1.025,45.623],[-1.028,45.623],[-1.027,45.620],[-1.028,45.620],[-1.027,45.618],[-1.030,45.616],[-1.032,45.617],[-1.032,45.618],[-1.034,45.619],[-1.036,45.617],[-1.040,45.617],[-1.041,45.617],[-1.043,45.617],[-1.042,45.619],[-1.042,45.620],[-1.046,45.620],[-1.046,45.621],[-1.049,45.620],[-1.051,45.620],[-1.053,45.622],[-1.051,45.623],[-1.051,45.626],[-1.054,45.627],[-1.057,45.625],[-1.058,45.626],[-1.062,45.627],[-1.064,45.630],[-1.066,45.630],[-1.070,45.632],[-1.069,45.634],[-1.075,45.634],[-1.076,45.634],[-1.076,45.636],[-1.074,45.638],[-1.077,45.638],[-1.079,45.638],[-1.079,45.637],[-1.080,45.636],[-1.083,45.637],[-1.087,45.638],[-1.086,45.640],[-1.088,45.641],[-1.090,45.639],[-1.095,45.639],[-1.097,45.640],[-1.097,45.641],[-1.099,45.644],[-1.101,45.645],[-1.104,45.644],[-1.106,45.644],[-1.110,45.646],[-1.115,45.646],[-1.116,45.647],[-1.119,45.649],[-1.123,45.651],[-1.125,45.653],[-1.131,45.657],[-1.135,45.659],[-1.147,45.666],[-1.152,45.669],[-1.161,45.674],[-1.164,45.675],[-1.165,45.674],[-1.170,45.676],[-1.174,45.678],[-1.178,45.680],[-1.181,45.682],[-1.182,45.684],[-1.184,45.685],[-1.185,45.684],[-1.190,45.687],[-1.191,45.688],[-1.196,45.691],[-1.201,45.692],[-1.201,45.693],[-1.209,45.696],[-1.214,45.696],[-1.220,45.695],[-1.227,45.694],[-1.230,45.693],[-1.230,45.691],[-1.230,45.689],[-1.226,45.683],[-1.224,45.680],[-1.221,45.677],[-1.216,45.677],[-1.216,45.676],[-1.218,45.674],[-1.212,45.672],[-1.206,45.673],[-1.199,45.674],[-1.195,45.673],[-1.201,45.672],[-1.207,45.671],[-1.213,45.671],[-1.221,45.672],[-1.228,45.675],[-1.230,45.677],[-1.232,45.684],[-1.234,45.693],[-1.237,45.705],[-1.238,45.711],[-1.238,45.719],[-1.240,45.745],[-1.241,45.758],[-1.242,45.766],[-1.243,45.770],[-1.243,45.772],[-1.243,45.778],[-1.242,45.781],[-1.236,45.786],[-1.231,45.788],[-1.224,45.788],[-1.221,45.789],[-1.214,45.793],[-1.208,45.795],[-1.209,45.794],[-1.207,45.793],[-1.199,45.794],[-1.198,45.792],[-1.204,45.792],[-1.201,45.791],[-1.196,45.789],[-1.192,45.789],[-1.188,45.789],[-1.185,45.790],[-1.182,45.791],[-1.178,45.793],[-1.174,45.793],[-1.171,45.795],[-1.167,45.798],[-1.164,45.799],[-1.162,45.800],[-1.159,45.801],[-1.155,45.802],[-1.153,45.800],[-1.150,45.799],[-1.149,45.797],[-1.145,45.796],[-1.143,45.797],[-1.140,45.798],[-1.136,45.800],[-1.133,45.802],[-1.132,45.804],[-1.132,45.807],[-1.134,45.807],[-1.134,45.811],[-1.135,45.815],[-1.137,45.819],[-1.139,45.821],[-1.139,45.823],[-1.141,45.825],[-1.143,45.825],[-1.146,45.827],[-1.149,45.829],[-1.152,45.832],[-1.149,45.834],[-1.149,45.836],[-1.152,45.837],[-1.153,45.839],[-1.155,45.841],[-1.155,45.842],[-1.154,45.844],[-1.155,45.844],[-1.158,45.845],[-1.160,45.843],[-1.164,45.843],[-1.168,45.845],[-1.167,45.846],[-1.168,45.848],[-1.167,45.849],[-1.164,45.849],[-1.163,45.850],[-1.164,45.852],[-1.170,45.854],[-1.170,45.855],[-1.161,45.854],[-1.157,45.854],[-1.154,45.853],[-1.152,45.851],[-1.151,45.852],[-1.149,45.853],[-1.151,45.857],[-1.153,45.857],[-1.155,45.858],[-1.155,45.861],[-1.153,45.862],[-1.149,45.861],[-1.146,45.861],[-1.142,45.861],[-1.137,45.860],[-1.137,45.859],[-1.136,45.858],[-1.131,45.859],[-1.126,45.857],[-1.124,45.856],[-1.121,45.856],[-1.118,45.858],[-1.116,45.859],[-1.113,45.859],[-1.114,45.860],[-1.111,45.862],[-1.110,45.862],[-1.109,45.866],[-1.108,45.867],[-1.106,45.867],[-1.103,45.869],[-1.100,45.872],[-1.101,45.873],[-1.098,45.877],[-1.098,45.879],[-1.098,45.880],[-1.098,45.881],[-1.091,45.889],[-1.088,45.892],[-1.081,45.898],[-1.079,45.901],[-1.075,45.907],[-1.074,45.912],[-1.073,45.914],[-1.073,45.920],[-1.074,45.921],[-1.074,45.925],[-1.075,45.928],[-1.075,45.932],[-1.076,45.936],[-1.078,45.937],[-1.081,45.938],[-1.085,45.938],[-1.089,45.940],[-1.092,45.941],[-1.095,45.942],[-1.099,45.944],[-1.098,45.945],[-1.096,45.948],[-1.095,45.948],[-1.093,45.948],[-1.089,45.949],[-1.087,45.949],[-1.085,45.949],[-1.082,45.949],[-1.079,45.949],[-1.072,45.949],[-1.068,45.950],[-1.064,45.949],[-1.065,45.955],[-1.067,45.955],[-1.074,45.958],[-1.076,45.959],[-1.080,45.963],[-1.082,45.965],[-1.083,45.971],[-1.083,45.978],[-1.084,45.979],[-1.085,45.981],[-1.091,45.981],[-1.091,45.983],[-1.093,45.984],[-1.096,45.983],[-1.097,45.985],[-1.097,45.988],[-1.099,45.990],[-1.101,45.990],[-1.104,45.993],[-1.105,45.994],[-1.108,45.998],[-1.114,46.001],[-1.118,46.001],[-1.121,46.002],[-1.119,46.003],[-1.117,46.002],[-1.115,46.002],[-1.111,46.002],[-1.109,46.000],[-1.107,45.998],[-1.104,45.996],[-1.103,45.996],[-1.099,45.996],[-1.098,45.995],[-1.097,45.993],[-1.096,45.992],[-1.093,45.991],[-1.088,45.993],[-1.086,45.995],[-1.083,45.995],[-1.081,45.996],[-1.079,45.995],[-1.076,45.995],[-1.073,45.996],[-1.070,45.995],[-1.065,45.994],[-1.063,45.994],[-1.058,45.996],[-1.055,45.999],[-1.053,46.003],[-1.052,46.005],[-1.052,46.011],[-1.053,46.012],[-1.057,46.016],[-1.059,46.020],[-1.061,46.025],[-1.061,46.028],[-1.057,46.029],[-1.056,46.030],[-1.056,46.034],[-1.056,46.035],[-1.060,46.043],[-1.061,46.045],[-1.064,46.049],[-1.067,46.050],[-1.071,46.050],[-1.076,46.053],[-1.079,46.053],[-1.081,46.053],[-1.085,46.053],[-1.088,46.053],[-1.089,46.059],[-1.093,46.062],[-1.092,46.065],[-1.093,46.073],[-1.093,46.077],[-1.096,46.082],[-1.098,46.089],[-1.100,46.093],[-1.103,46.094],[-1.105,46.096],[-1.108,46.098],[-1.111,46.100],[-1.115,46.102],[-1.121,46.102],[-1.122,46.101],[-1.125,46.101],[-1.128,46.101],[-1.131,46.101],[-1.133,46.104],[-1.136,46.105],[-1.138,46.105],[-1.139,46.104],[-1.141,46.104],[-1.143,46.106],[-1.143,46.108],[-1.139,46.110],[-1.134,46.108],[-1.132,46.108],[-1.127,46.110],[-1.125,46.110],[-1.124,46.112],[-1.123,46.115],[-1.124,46.120],[-1.125,46.123],[-1.128,46.126],[-1.130,46.126],[-1.133,46.126],[-1.136,46.127],[-1.138,46.127],[-1.141,46.126],[-1.145,46.127],[-1.147,46.128],[-1.148,46.130],[-1.148,46.132],[-1.150,46.134],[-1.152,46.136],[-1.153,46.136],[-1.156,46.137],[-1.162,46.136],[-1.166,46.138],[-1.169,46.138],[-1.173,46.138],[-1.173,46.139],[-1.171,46.140],[-1.172,46.144],[-1.171,46.146],[-1.162,46.148],[-1.160,46.148],[-1.159,46.154],[-1.160,46.155],[-1.165,46.155],[-1.171,46.153],[-1.172,46.152],[-1.175,46.152],[-1.177,46.153],[-1.181,46.153],[-1.187,46.153],[-1.187,46.151],[-1.199,46.147],[-1.201,46.147],[-1.205,46.145],[-1.207,46.145],[-1.210,46.148],[-1.214,46.147],[-1.219,46.148],[-1.222,46.149],[-1.224,46.150],[-1.228,46.149],[-1.230,46.150],[-1.232,46.152],[-1.233,46.154],[-1.242,46.157],[-1.241,46.162],[-1.237,46.166],[-1.223,46.165],[-1.221,46.167],[-1.221,46.168],[-1.220,46.170],[-1.219,46.170],[-1.219,46.173],[-1.219,46.176],[-1.218,46.180],[-1.216,46.182],[-1.213,46.183],[-1.209,46.183],[-1.206,46.184],[-1.202,46.188],[-1.200,46.192],[-1.199,46.194],[-1.199,46.196],[-1.199,46.198],[-1.200,46.200],[-1.202,46.201],[-1.205,46.202],[-1.206,46.204],[-1.205,46.206],[-1.202,46.210],[-1.199,46.213],[-1.196,46.214],[-1.193,46.215],[-1.190,46.216],[-1.188,46.216],[-1.187,46.218],[-1.183,46.221],[-1.174,46.222],[-1.171,46.224],[-1.168,46.227],[-1.163,46.229],[-1.161,46.230],[-1.159,46.233],[-1.159,46.234],[-1.157,46.235],[-1.150,46.237],[-1.148,46.238],[-1.146,46.241],[-1.142,46.243],[-1.141,46.247],[-1.140,46.253],[-1.139,46.254],[-1.133,46.254],[-1.130,46.253],[-1.129,46.253],[-1.126,46.255],[-1.120,46.259],[-1.118,46.261],[-1.112,46.260],[-1.111,46.261],[-1.112,46.265],[-1.114,46.274],[-1.116,46.277],[-1.120,46.285],[-1.120,46.287],[-1.121,46.288],[-1.114,46.291],[-1.121,46.289],[-1.123,46.293],[-1.119,46.295],[-1.121,46.298],[-1.121,46.299],[-1.123,46.301],[-1.126,46.302],[-1.126,46.307],[-1.129,46.310],[-1.127,46.312],[-1.124,46.314],[-1.123,46.315],[-1.123,46.317],[-1.124,46.320],[-1.123,46.321],[-1.122,46.323],[-1.120,46.323],[-1.117,46.323],[-1.116,46.321],[-1.116,46.318],[-1.116,46.317],[-1.113,46.316],[-1.109,46.316],[-1.106,46.314],[-1.104,46.314],[-1.101,46.316],[-1.099,46.315],[-1.097,46.312],[-1.095,46.312],[-1.094,46.313],[-1.092,46.316],[-1.090,46.317],[-1.087,46.317],[-1.083,46.316],[-1.078,46.316],[-1.075,46.317],[-1.074,46.318],[-1.075,46.319],[-1.076,46.320],[-1.079,46.320],[-1.080,46.321],[-1.081,46.323],[-1.079,46.325],[-1.075,46.325],[-1.073,46.326],[-1.074,46.328],[-1.070,46.330],[-1.064,46.335],[-1.059,46.341],[-1.055,46.345],[-1.053,46.349],[-1.052,46.342],[-1.037,46.348],[-1.029,46.351],[-1.029,46.348],[-1.013,46.355],[-1.012,46.354],[-1.013,46.352],[-1.013,46.349],[-0.999,46.354],[-0.998,46.354],[-0.994,46.351],[-0.995,46.350],[-0.981,46.350],[-0.974,46.351],[-0.970,46.354],[-0.970,46.356],[-0.970,46.358],[-0.964,46.365],[-0.953,46.360],[-0.951,46.360],[-0.942,46.368],[-0.938,46.366],[-0.936,46.366],[-0.933,46.367],[-0.931,46.370],[-0.929,46.371],[-0.927,46.370],[-0.931,46.365],[-0.932,46.364],[-0.933,46.362],[-0.935,46.356],[-0.935,46.354],[-0.937,46.353],[-0.938,46.351],[-0.938,46.349],[-0.938,46.345],[-0.940,46.341],[-0.943,46.336],[-0.946,46.334],[-0.950,46.331],[-0.953,46.329],[-0.955,46.327],[-0.956,46.325],[-0.959,46.324],[-0.959,46.324],[-0.963,46.322],[-0.958,46.320],[-0.956,46.320],[-0.953,46.320],[-0.952,46.318],[-0.950,46.319],[-0.947,46.317],[-0.946,46.317],[-0.943,46.318],[-0.941,46.315],[-0.940,46.315],[-0.935,46.314],[-0.934,46.312],[-0.933,46.310],[-0.931,46.310],[-0.928,46.310],[-0.928,46.314],[-0.926,46.315],[-0.923,46.313],[-0.921,46.312],[-0.918,46.312],[-0.916,46.315],[-0.915,46.315],[-0.913,46.313],[-0.911,46.312],[-0.908,46.314],[-0.904,46.313],[-0.903,46.314],[-0.901,46.315],[-0.898,46.316],[-0.894,46.316],[-0.892,46.319],[-0.893,46.321],[-0.893,46.323],[-0.890,46.323],[-0.889,46.323],[-0.887,46.326],[-0.885,46.325],[-0.883,46.323],[-0.878,46.324],[-0.874,46.322],[-0.870,46.322],[-0.868,46.323],[-0.868,46.326],[-0.866,46.327],[-0.864,46.327],[-0.861,46.326],[-0.860,46.325],[-0.861,46.322],[-0.862,46.322],[-0.863,46.320],[-0.863,46.319],[-0.859,46.317],[-0.852,46.317],[-0.849,46.317],[-0.844,46.324],[-0.844,46.326],[-0.845,46.327],[-0.848,46.329],[-0.848,46.332],[-0.845,46.335],[-0.839,46.340],[-0.834,46.341],[-0.830,46.341],[-0.828,46.339],[-0.827,46.337],[-0.825,46.336],[-0.822,46.335],[-0.818,46.336],[-0.813,46.337],[-0.809,46.338],[-0.807,46.339],[-0.805,46.341],[-0.803,46.342],[-0.800,46.342],[-0.798,46.341],[-0.796,46.339],[-0.799,46.337],[-0.804,46.335],[-0.806,46.334],[-0.807,46.333],[-0.807,46.331],[-0.805,46.328],[-0.802,46.325],[-0.800,46.324],[-0.795,46.325],[-0.793,46.324],[-0.788,46.322],[-0.788,46.321],[-0.784,46.318],[-0.779,46.318],[-0.775,46.318],[-0.770,46.313],[-0.768,46.312],[-0.766,46.312],[-0.761,46.312],[-0.757,46.311],[-0.753,46.307],[-0.750,46.304],[-0.747,46.302],[-0.744,46.304],[-0.741,46.304],[-0.739,46.304],[-0.733,46.305],[-0.732,46.304],[-0.730,46.303],[-0.727,46.303],[-0.726,46.303],[-0.721,46.302],[-0.719,46.303],[-0.716,46.306],[-0.716,46.307],[-0.718,46.307],[-0.723,46.309],[-0.721,46.312],[-0.721,46.313],[-0.720,46.314],[-0.717,46.315],[-0.715,46.317],[-0.710,46.317],[-0.707,46.317],[-0.704,46.319],[-0.697,46.324],[-0.696,46.325],[-0.685,46.321],[-0.678,46.318],[-0.676,46.318],[-0.672,46.316],[-0.661,46.317],[-0.656,46.314],[-0.653,46.317],[-0.652,46.317],[-0.648,46.316],[-0.644,46.319],[-0.643,46.319],[-0.637,46.323],[-0.636,46.325],[-0.636,46.328],[-0.639,46.328],[-0.639,46.331],[-0.637,46.332],[-0.637,46.336],[-0.636,46.337],[-0.634,46.338],[-0.632,46.338],[-0.629,46.336],[-0.628,46.336],[-0.627,46.337],[-0.622,46.337],[-0.618,46.339],[-0.618,46.340],[-0.616,46.340],[-0.612,46.344],[-0.606,46.347],[-0.604,46.347],[-0.603,46.354],[-0.606,46.355],[-0.605,46.357],[-0.603,46.361],[-0.589,46.357],[-0.587,46.357],[-0.577,46.355],[-0.572,46.358],[-0.569,46.358],[-0.567,46.359],[-0.561,46.359],[-0.561,46.360],[-0.558,46.361],[-0.557,46.364],[-0.552,46.369],[-0.550,46.370],[-0.546,46.375],[-0.544,46.378],[-0.541,46.382],[-0.537,46.386],[-0.541,46.388],[-0.547,46.391],[-0.550,46.393],[-0.552,46.393],[-0.555,46.393],[-0.560,46.393],[-0.566,46.393],[-0.571,46.395],[-0.572,46.396],[-0.572,46.400],[-0.573,46.401],[-0.581,46.402],[-0.588,46.405],[-0.589,46.407],[-0.594,46.410],[-0.597,46.410],[-0.601,46.412],[-0.610,46.413],[-0.612,46.412],[-0.613,46.409],[-0.613,46.405],[-0.614,46.402],[-0.616,46.398],[-0.620,46.390],[-0.625,46.392],[-0.629,46.394],[-0.634,46.395],[-0.636,46.395],[-0.640,46.396],[-0.637,46.400],[-0.633,46.401],[-0.631,46.402],[-0.629,46.404],[-0.631,46.405],[-0.633,46.407],[-0.639,46.410],[-0.638,46.416],[-0.640,46.416],[-0.638,46.421],[-0.635,46.424],[-0.634,46.429],[-0.636,46.430],[-0.636,46.432],[-0.628,46.434],[-0.624,46.436],[-0.618,46.438],[-0.618,46.439],[-0.616,46.444],[-0.617,46.444],[-0.616,46.446],[-0.618,46.449],[-0.619,46.452],[-0.619,46.455],[-0.617,46.454],[-0.616,46.452],[-0.614,46.451],[-0.614,46.449],[-0.613,46.449],[-0.610,46.450],[-0.609,46.453],[-0.607,46.454],[-0.610,46.457],[-0.614,46.459],[-0.616,46.462],[-0.616,46.465],[-0.616,46.468],[-0.616,46.471],[-0.618,46.473],[-0.619,46.475],[-0.625,46.476],[-0.631,46.478],[-0.629,46.480],[-0.629,46.481],[-0.627,46.482],[-0.625,46.485],[-0.624,46.485],[-0.624,46.488],[-0.625,46.489],[-0.625,46.494],[-0.625,46.497],[-0.629,46.500],[-0.631,46.500],[-0.634,46.502],[-0.634,46.504],[-0.636,46.506],[-0.640,46.506],[-0.645,46.508],[-0.646,46.511],[-0.643,46.512],[-0.642,46.513],[-0.640,46.512],[-0.639,46.513],[-0.640,46.515],[-0.637,46.519],[-0.637,46.520],[-0.638,46.521],[-0.639,46.522],[-0.644,46.521],[-0.642,46.524],[-0.637,46.525],[-0.635,46.526],[-0.632,46.526],[-0.629,46.527],[-0.627,46.529],[-0.625,46.528],[-0.623,46.529],[-0.622,46.530],[-0.620,46.528],[-0.620,46.527],[-0.615,46.526],[-0.613,46.528],[-0.612,46.529],[-0.609,46.526],[-0.608,46.526],[-0.604,46.532],[-0.602,46.533],[-0.603,46.538],[-0.602,46.542],[-0.604,46.543],[-0.604,46.546],[-0.602,46.548],[-0.604,46.548],[-0.605,46.550],[-0.608,46.550],[-0.605,46.556],[-0.605,46.557],[-0.607,46.560],[-0.606,46.563],[-0.610,46.564],[-0.613,46.562],[-0.615,46.560],[-0.617,46.562],[-0.616,46.562],[-0.617,46.564],[-0.619,46.565],[-0.619,46.569],[-0.618,46.572],[-0.620,46.573],[-0.624,46.574],[-0.624,46.577],[-0.620,46.579],[-0.618,46.581],[-0.615,46.581],[-0.616,46.583],[-0.614,46.584],[-0.611,46.588],[-0.613,46.589],[-0.615,46.590],[-0.619,46.591],[-0.620,46.592],[-0.614,46.595],[-0.614,46.596],[-0.613,46.597],[-0.613,46.598],[-0.618,46.598],[-0.619,46.601],[-0.621,46.602],[-0.622,46.604],[-0.624,46.603],[-0.625,46.605],[-0.622,46.607],[-0.623,46.610],[-0.623,46.611],[-0.621,46.612],[-0.621,46.613],[-0.619,46.615],[-0.619,46.616],[-0.617,46.619],[-0.613,46.620],[-0.614,46.621],[-0.615,46.622],[-0.620,46.626],[-0.624,46.630],[-0.623,46.632],[-0.626,46.634],[-0.629,46.634],[-0.634,46.637],[-0.639,46.638],[-0.643,46.638],[-0.646,46.637],[-0.648,46.636],[-0.652,46.636],[-0.656,46.635],[-0.658,46.635],[-0.659,46.639],[-0.656,46.642],[-0.652,46.643],[-0.649,46.645],[-0.648,46.647],[-0.648,46.649],[-0.648,46.652],[-0.649,46.653],[-0.648,46.656],[-0.645,46.658],[-0.641,46.660],[-0.640,46.661],[-0.637,46.662],[-0.636,46.663],[-0.640,46.663],[-0.641,46.664],[-0.643,46.665],[-0.644,46.667],[-0.646,46.670],[-0.650,46.672],[-0.651,46.673],[-0.654,46.674],[-0.657,46.676],[-0.665,46.680],[-0.669,46.681],[-0.673,46.684],[-0.675,46.684],[-0.680,46.686],[-0.677,46.688],[-0.674,46.691],[-0.670,46.693],[-0.664,46.695],[-0.660,46.698],[-0.658,46.699],[-0.656,46.700],[-0.657,46.701],[-0.657,46.702],[-0.659,46.704],[-0.663,46.705],[-0.661,46.707],[-0.662,46.709],[-0.665,46.711],[-0.666,46.713],[-0.668,46.717],[-0.672,46.719],[-0.675,46.722],[-0.678,46.724],[-0.678,46.725],[-0.681,46.725],[-0.683,46.728],[-0.685,46.729],[-0.688,46.725],[-0.688,46.728],[-0.686,46.730],[-0.690,46.731],[-0.689,46.732],[-0.692,46.732],[-0.693,46.729],[-0.696,46.729],[-0.696,46.732],[-0.696,46.734],[-0.693,46.735],[-0.696,46.736],[-0.697,46.736],[-0.699,46.733],[-0.702,46.734],[-0.700,46.738],[-0.698,46.737],[-0.696,46.740],[-0.695,46.742],[-0.694,46.743],[-0.694,46.744],[-0.695,46.747],[-0.697,46.748],[-0.698,46.751],[-0.699,46.751],[-0.701,46.749],[-0.704,46.749],[-0.710,46.749],[-0.714,46.751],[-0.715,46.751],[-0.719,46.755],[-0.719,46.758],[-0.720,46.761],[-0.720,46.763],[-0.722,46.764],[-0.725,46.764],[-0.727,46.766],[-0.727,46.768],[-0.726,46.770],[-0.726,46.773],[-0.724,46.776],[-0.724,46.778],[-0.725,46.779],[-0.727,46.782],[-0.726,46.783],[-0.723,46.784],[-0.721,46.787],[-0.720,46.789],[-0.717,46.792],[-0.718,46.794],[-0.719,46.798],[-0.717,46.800],[-0.715,46.801],[-0.713,46.802],[-0.713,46.805],[-0.710,46.804],[-0.706,46.805],[-0.703,46.807],[-0.698,46.808],[-0.698,46.810],[-0.700,46.811],[-0.701,46.812],[-0.705,46.815],[-0.707,46.815],[-0.707,46.817],[-0.706,46.818],[-0.708,46.820],[-0.710,46.821],[-0.712,46.820],[-0.715,46.821],[-0.719,46.821],[-0.723,46.823],[-0.725,46.821],[-0.728,46.822],[-0.732,46.821],[-0.734,46.822],[-0.735,46.823],[-0.737,46.825],[-0.736,46.827],[-0.737,46.828],[-0.742,46.829],[-0.743,46.830],[-0.746,46.831],[-0.750,46.829],[-0.753,46.831],[-0.759,46.832],[-0.759,46.833],[-0.763,46.834],[-0.766,46.834],[-0.769,46.836],[-0.772,46.838],[-0.773,46.840],[-0.776,46.840],[-0.776,46.841],[-0.778,46.841],[-0.781,46.842],[-0.783,46.844],[-0.782,46.845],[-0.784,46.846],[-0.784,46.847],[-0.782,46.848],[-0.784,46.849],[-0.785,46.851],[-0.787,46.852],[-0.787,46.853],[-0.788,46.854],[-0.790,46.855],[-0.791,46.857],[-0.793,46.857],[-0.794,46.859],[-0.794,46.860],[-0.797,46.862],[-0.799,46.862],[-0.800,46.863],[-0.800,46.865],[-0.803,46.866],[-0.805,46.867],[-0.808,46.868],[-0.808,46.870],[-0.809,46.871],[-0.812,46.872],[-0.811,46.874],[-0.814,46.876],[-0.815,46.879],[-0.816,46.880],[-0.819,46.881],[-0.825,46.883],[-0.826,46.882],[-0.829,46.883],[-0.829,46.884],[-0.830,46.885],[-0.830,46.887],[-0.828,46.887],[-0.826,46.890],[-0.825,46.894],[-0.823,46.896],[-0.820,46.898],[-0.820,46.899],[-0.817,46.903],[-0.818,46.908],[-0.821,46.909],[-0.820,46.911],[-0.816,46.912],[-0.809,46.917],[-0.807,46.919],[-0.812,46.920],[-0.819,46.918],[-0.821,46.918],[-0.823,46.920],[-0.827,46.925],[-0.828,46.927],[-0.827,46.928],[-0.828,46.929],[-0.827,46.931],[-0.829,46.931],[-0.829,46.933],[-0.831,46.934],[-0.837,46.931],[-0.840,46.928],[-0.845,46.930],[-0.846,46.931],[-0.840,46.933],[-0.840,46.936],[-0.846,46.939],[-0.848,46.940],[-0.852,46.937],[-0.857,46.935],[-0.857,46.934],[-0.859,46.936],[-0.855,46.937],[-0.854,46.937],[-0.853,46.938],[-0.853,46.939],[-0.852,46.941],[-0.850,46.941],[-0.847,46.944],[-0.849,46.945],[-0.854,46.947],[-0.856,46.945],[-0.858,46.946],[-0.859,46.946],[-0.862,46.945],[-0.865,46.945],[-0.869,46.945],[-0.871,46.945],[-0.873,46.943],[-0.877,46.945],[-0.878,46.945],[-0.881,46.946],[-0.881,46.948],[-0.883,46.951],[-0.882,46.951],[-0.880,46.951],[-0.878,46.952],[-0.876,46.952],[-0.875,46.953],[-0.870,46.952],[-0.870,46.951],[-0.867,46.950],[-0.867,46.949],[-0.866,46.948],[-0.863,46.948],[-0.860,46.949],[-0.866,46.952],[-0.864,46.952],[-0.864,46.955],[-0.863,46.956],[-0.865,46.957],[-0.866,46.955],[-0.868,46.956],[-0.869,46.957],[-0.868,46.958],[-0.866,46.958],[-0.863,46.962],[-0.865,46.963],[-0.867,46.962],[-0.870,46.960],[-0.871,46.959],[-0.871,46.957],[-0.876,46.955],[-0.878,46.955],[-0.881,46.959],[-0.883,46.959],[-0.882,46.961],[-0.883,46.961],[-0.883,46.963],[-0.880,46.965],[-0.877,46.968],[-0.880,46.969],[-0.883,46.969],[-0.886,46.970],[-0.887,46.969],[-0.889,46.970],[-0.891,46.970],[-0.893,46.969],[-0.889,46.967],[-0.892,46.965],[-0.894,46.969],[-0.896,46.968],[-0.898,46.966],[-0.900,46.967],[-0.901,46.967],[-0.902,46.968],[-0.900,46.968],[-0.902,46.970],[-0.897,46.970],[-0.896,46.971],[-0.895,46.975],[-0.891,46.975],[-0.887,46.975],[-0.885,46.977],[-0.879,46.975],[-0.879,46.974],[-0.872,46.973],[-0.869,46.971],[-0.868,46.972],[-0.865,46.972],[-0.863,46.972],[-0.860,46.968],[-0.858,46.969],[-0.855,46.970],[-0.852,46.970],[-0.849,46.973],[-0.851,46.974],[-0.855,46.977],[-0.857,46.977],[-0.856,46.978],[-0.848,46.982],[-0.847,46.986],[-0.844,46.989],[-0.842,46.988],[-0.839,46.985],[-0.836,46.985],[-0.831,46.988],[-0.831,46.989],[-0.828,46.991],[-0.824,46.992],[-0.820,46.993],[-0.818,46.994],[-0.817,46.993],[-0.815,46.993],[-0.811,46.994],[-0.811,46.991],[-0.812,46.990],[-0.808,46.987],[-0.805,46.989],[-0.807,46.991],[-0.809,46.990],[-0.810,46.991],[-0.809,46.992],[-0.806,46.994],[-0.800,46.994],[-0.796,46.995],[-0.795,46.997],[-0.791,46.999],[-0.789,47.002],[-0.789,47.003],[-0.787,47.005],[-0.786,47.005],[-0.784,47.003],[-0.784,47.002],[-0.781,47.002],[-0.779,47.004],[-0.778,47.004],[-0.776,47.003],[-0.773,47.004],[-0.769,47.002],[-0.768,47.000],[-0.768,46.996],[-0.765,46.994],[-0.765,46.993],[-0.761,46.992],[-0.756,46.992],[-0.753,46.992],[-0.750,46.992],[-0.747,46.991],[-0.742,46.991],[-0.743,46.995],[-0.743,47.000],[-0.739,46.998],[-0.736,46.997],[-0.732,46.997],[-0.727,46.994],[-0.726,46.993],[-0.723,46.992],[-0.718,46.986],[-0.715,46.983],[-0.711,46.986],[-0.706,46.989],[-0.703,46.991],[-0.704,46.992],[-0.701,46.992],[-0.698,46.994],[-0.696,46.994],[-0.693,46.992],[-0.689,46.992],[-0.689,46.990],[-0.686,46.987],[-0.682,46.988],[-0.680,46.987],[-0.677,46.989],[-0.678,46.992],[-0.680,46.993],[-0.675,46.996],[-0.674,46.998],[-0.676,47.000],[-0.676,47.001],[-0.670,47.002],[-0.669,47.000],[-0.662,46.997],[-0.661,46.998],[-0.657,46.998],[-0.656,46.999],[-0.653,46.997],[-0.651,46.998],[-0.647,46.996],[-0.649,46.995],[-0.646,46.993],[-0.646,46.992],[-0.645,46.992],[-0.640,46.996],[-0.638,46.995],[-0.635,46.995],[-0.633,46.997],[-0.631,46.996],[-0.627,46.996],[-0.627,46.995],[-0.626,46.994],[-0.624,46.994],[-0.624,46.992],[-0.621,46.993],[-0.618,46.992],[-0.615,46.992],[-0.614,46.993],[-0.611,46.994],[-0.606,46.996],[-0.602,46.997],[-0.598,46.997],[-0.595,46.997],[-0.593,46.998],[-0.597,47.000],[-0.595,47.002],[-0.592,47.003],[-0.589,47.004],[-0.587,47.005],[-0.586,47.006],[-0.587,47.007],[-0.586,47.009],[-0.583,47.012],[-0.582,47.012],[-0.580,47.014],[-0.574,47.017],[-0.570,47.017],[-0.565,47.019],[-0.564,47.021],[-0.564,47.023],[-0.564,47.023],[-0.563,47.026],[-0.562,47.028],[-0.563,47.029],[-0.562,47.030],[-0.554,47.030],[-0.552,47.029],[-0.547,47.029],[-0.545,47.029],[-0.544,47.031],[-0.542,47.032],[-0.543,47.033],[-0.542,47.035],[-0.544,47.037],[-0.546,47.038],[-0.548,47.040],[-0.551,47.041],[-0.555,47.042],[-0.555,47.043],[-0.558,47.053],[-0.558,47.056],[-0.554,47.057],[-0.557,47.060],[-0.559,47.061],[-0.557,47.064],[-0.550,47.065],[-0.546,47.066],[-0.544,47.068],[-0.539,47.07],[-0.534,47.072],[-0.532,47.073],[-0.528,47.073],[-0.525,47.074],[-0.516,47.077],[-0.515,47.077],[-0.513,47.077],[-0.509,47.078],[-0.507,47.079],[-0.505,47.079],[-0.500,47.081],[-0.496,47.081],[-0.494,47.083],[-0.491,47.083],[-0.489,47.081],[-0.487,47.081],[-0.484,47.081],[-0.483,47.081],[-0.478,47.081],[-0.475,47.083],[-0.473,47.081],[-0.469,47.083],[-0.468,47.083],[-0.466,47.082],[-0.463,47.081],[-0.459,47.082],[-0.458,47.080],[-0.462,47.076],[-0.463,47.076],[-0.464,47.074],[-0.468,47.073],[-0.469,47.073],[-0.471,47.072],[-0.477,47.071],[-0.479,47.070],[-0.481,47.069],[-0.485,47.065],[-0.484,47.062],[-0.483,47.060],[-0.482,47.057],[-0.481,47.056],[-0.480,47.053],[-0.476,47.054],[-0.472,47.057],[-0.471,47.057],[-0.470,47.061],[-0.467,47.064],[-0.464,47.067],[-0.457,47.068],[-0.455,47.067],[-0.453,47.067],[-0.450,47.067],[-0.446,47.067],[-0.440,47.067],[-0.435,47.070],[-0.435,47.070],[-0.428,47.072],[-0.425,47.072],[-0.423,47.069],[-0.417,47.071],[-0.415,47.069],[-0.409,47.066],[-0.406,47.067],[-0.402,47.069],[-0.400,47.070],[-0.399,47.075],[-0.397,47.080],[-0.396,47.084],[-0.395,47.091],[-0.386,47.092],[-0.387,47.09],[-0.386,47.087],[-0.383,47.087],[-0.380,47.089],[-0.377,47.088],[-0.370,47.090],[-0.368,47.091],[-0.366,47.091],[-0.365,47.092],[-0.363,47.092],[-0.360,47.093],[-0.357,47.093],[-0.356,47.094],[-0.353,47.095],[-0.352,47.094],[-0.350,47.092],[-0.350,47.091],[-0.340,47.092],[-0.341,47.090],[-0.341,47.088],[-0.341,47.087],[-0.335,47.087],[-0.320,47.091],[-0.314,47.091],[-0.310,47.093],[-0.308,47.095],[-0.306,47.096],[-0.304,47.097],[-0.300,47.098],[-0.295,47.099],[-0.291,47.101],[-0.287,47.101],[-0.282,47.103],[-0.281,47.099],[-0.277,47.100],[-0.272,47.100],[-0.268,47.101],[-0.267,47.101],[-0.267,47.103],[-0.265,47.103],[-0.265,47.105],[-0.262,47.105],[-0.263,47.103],[-0.262,47.099],[-0.259,47.099],[-0.255,47.100],[-0.251,47.102],[-0.250,47.102],[-0.249,47.103],[-0.245,47.105],[-0.240,47.105],[-0.234,47.103],[-0.232,47.101],[-0.230,47.101],[-0.229,47.100],[-0.228,47.099],[-0.222,47.100],[-0.218,47.098],[-0.215,47.098],[-0.214,47.097],[-0.210,47.096],[-0.207,47.095],[-0.206,47.093],[-0.203,47.094],[-0.202,47.096],[-0.199,47.097],[-0.196,47.097],[-0.190,47.099],[-0.187,47.101],[-0.186,47.103],[-0.187,47.104],[-0.186,47.106],[-0.184,47.106],[-0.185,47.108],[-0.183,47.107],[-0.179,47.108],[-0.175,47.106],[-0.172,47.104],[-0.166,47.103],[-0.164,47.103],[-0.159,47.102],[-0.156,47.101],[-0.152,47.100],[-0.143,47.103],[-0.141,47.103],[-0.140,47.097],[-0.143,47.093],[-0.145,47.091],[-0.152,47.088],[-0.156,47.086],[-0.159,47.085],[-0.163,47.083],[-0.167,47.080],[-0.170,47.077],[-0.175,47.073],[-0.179,47.070],[-0.173,47.066],[-0.169,47.065],[-0.165,47.064],[-0.162,47.066],[-0.157,47.07],[-0.155,47.069],[-0.154,47.070],[-0.152,47.069],[-0.149,47.070],[-0.147,47.069],[-0.147,47.068],[-0.144,47.068],[-0.139,47.066],[-0.137,47.064],[-0.136,47.063],[-0.138,47.060],[-0.135,47.058],[-0.137,47.056],[-0.128,47.054],[-0.125,47.055],[-0.122,47.055],[-0.119,47.059],[-0.118,47.060],[-0.114,47.061],[-0.111,47.061],[-0.107,47.063],[-0.103,47.064],[-0.102,47.064],[-0.105,47.071],[-0.101,47.072],[-0.103,47.075],[-0.103,47.077],[-0.099,47.078],[-0.099,47.081],[-0.101,47.083],[-0.100,47.084],[-0.101,47.085],[-0.098,47.091],[-0.097,47.091],[-0.095,47.094],[-0.090,47.097],[-0.085,47.101],[-0.082,47.099],[-0.078,47.098],[-0.074,47.099],[-0.071,47.098],[-0.067,47.099],[-0.069,47.096],[-0.069,47.093],[-0.067,47.093],[-0.060,47.095],[-0.057,47.094],[-0.056,47.094],[-0.044,47.093],[-0.041,47.093],[-0.040,47.089],[-0.040,47.087],[-0.039,47.086],[-0.035,47.086],[-0.034,47.089],[-0.031,47.091],[-0.029,47.095],[-0.027,47.099],[-0.026,47.105],[-0.032,47.106],[-0.039,47.107],[-0.039,47.109],[-0.039,47.112],[-0.040,47.113],[-0.036,47.117],[-0.035,47.119],[-0.035,47.120],[-0.035,47.125],[-0.032,47.128],[-0.031,47.130],[-0.021,47.143],[-0.018,47.148],[-0.015,47.151],[-0.012,47.155],[-0.007,47.159],[-0.004,47.162],[-3E-05,47.164],[0.001,47.165],[0.005,47.167],[0.008,47.169],[0.010,47.169],[0.012,47.171],[0.019,47.175],[0.025,47.170],[0.036,47.160],[0.040,47.163],[0.045,47.165],[0.046,47.166],[0.049,47.168],[0.050,47.167],[0.052,47.166],[0.053,47.163],[0.053,47.160],[0.055,47.160],[0.057,47.158],[0.058,47.156],[0.061,47.154],[0.062,47.150],[0.062,47.147],[0.065,47.147],[0.066,47.144],[0.065,47.143],[0.078,47.146],[0.079,47.141],[0.079,47.139],[0.081,47.136],[0.081,47.131],[0.080,47.129],[0.079,47.129],[0.076,47.123],[0.079,47.123],[0.080,47.122],[0.079,47.120],[0.081,47.119],[0.081,47.118],[0.084,47.118],[0.087,47.120],[0.090,47.122],[0.092,47.122],[0.096,47.121],[0.097,47.120],[0.104,47.120],[0.104,47.123],[0.104,47.124],[0.107,47.125],[0.107,47.128],[0.111,47.130],[0.111,47.128],[0.114,47.129],[0.117,47.129],[0.119,47.128],[0.122,47.128],[0.123,47.128],[0.126,47.123],[0.125,47.122],[0.127,47.119],[0.135,47.121],[0.138,47.122],[0.140,47.123],[0.136,47.118],[0.133,47.115],[0.134,47.114],[0.133,47.109],[0.134,47.107],[0.136,47.106],[0.139,47.106],[0.146,47.106],[0.145,47.104],[0.152,47.104],[0.156,47.103],[0.160,47.102],[0.162,47.100],[0.163,47.104],[0.165,47.107],[0.170,47.109],[0.173,47.112],[0.176,47.112],[0.181,47.113],[0.183,47.114],[0.185,47.109],[0.184,47.108],[0.185,47.105],[0.184,47.104],[0.186,47.104],[0.187,47.101],[0.191,47.099],[0.193,47.097],[0.194,47.095],[0.196,47.094],[0.200,47.091],[0.198,47.089],[0.194,47.086],[0.192,47.083],[0.191,47.083],[0.188,47.082],[0.187,47.082],[0.184,47.079],[0.182,47.078],[0.180,47.076],[0.178,47.074],[0.175,47.072],[0.174,47.071],[0.173,47.068],[0.174,47.066],[0.176,47.064],[0.176,47.061],[0.175,47.060],[0.179,47.059],[0.184,47.060],[0.187,47.060],[0.189,47.060],[0.192,47.065],[0.197,47.062],[0.198,47.060],[0.200,47.059],[0.200,47.058],[0.202,47.057],[0.204,47.056],[0.206,47.055],[0.208,47.053],[0.213,47.054],[0.215,47.056],[0.226,47.060],[0.227,47.060],[0.229,47.063],[0.233,47.064],[0.232,47.066],[0.234,47.067],[0.235,47.069],[0.239,47.067],[0.241,47.070],[0.245,47.071],[0.256,47.069],[0.259,47.068],[0.261,47.070],[0.267,47.067],[0.267,47.066],[0.264,47.062],[0.265,47.061],[0.262,47.058],[0.261,47.057],[0.259,47.055],[0.261,47.054],[0.265,47.054],[0.266,47.051],[0.266,47.048],[0.264,47.046],[0.267,47.044],[0.268,47.042],[0.269,47.043],[0.271,47.045],[0.271,47.046],[0.279,47.045],[0.284,47.047],[0.286,47.047],[0.287,47.049],[0.291,47.051],[0.293,47.052],[0.295,47.051],[0.298,47.053],[0.302,47.053],[0.305,47.052],[0.306,47.048],[0.308,47.046],[0.309,47.044],[0.305,47.038],[0.306,47.035],[0.309,47.030],[0.310,47.025],[0.306,47.024],[0.305,47.021],[0.302,47.022],[0.298,47.019],[0.302,47.014],[0.304,47.014],[0.305,47.010],[0.307,47.010],[0.305,47.006],[0.304,47.005],[0.304,47.002],[0.308,46.999],[0.312,46.998],[0.311,46.996],[0.309,46.996],[0.305,46.994],[0.304,46.990],[0.296,46.990],[0.293,46.990],[0.291,46.989],[0.296,46.986],[0.298,46.983],[0.301,46.984],[0.303,46.985],[0.305,46.986],[0.305,46.984],[0.302,46.981],[0.306,46.979],[0.308,46.977],[0.304,46.975],[0.300,46.973],[0.299,46.972],[0.298,46.971],[0.300,46.970],[0.301,46.969],[0.300,46.967],[0.305,46.965],[0.307,46.962],[0.304,46.960],[0.301,46.957],[0.301,46.955],[0.305,46.953],[0.305,46.951],[0.307,46.948],[0.307,46.945],[0.308,46.942],[0.310,46.940],[0.311,46.937],[0.318,46.934],[0.320,46.932],[0.323,46.931],[0.325,46.931],[0.330,46.933],[0.335,46.935],[0.341,46.936],[0.347,46.936],[0.349,46.937],[0.351,46.939],[0.352,46.942],[0.356,46.945],[0.360,46.948],[0.362,46.947],[0.366,46.949],[0.370,46.948],[0.372,46.947],[0.375,46.946],[0.379,46.944],[0.380,46.944],[0.387,46.942],[0.388,46.943],[0.401,46.937],[0.405,46.936],[0.406,46.936],[0.412,46.936],[0.416,46.937],[0.418,46.937],[0.424,46.934],[0.426,46.934],[0.429,46.932],[0.432,46.931],[0.433,46.932],[0.438,46.929],[0.440,46.930],[0.442,46.935],[0.444,46.941],[0.451,46.941],[0.453,46.942],[0.457,46.945],[0.460,46.946],[0.470,46.948],[0.476,46.949],[0.483,46.952],[0.486,46.954],[0.495,46.956],[0.500,46.956],[0.505,46.959],[0.509,46.957],[0.512,46.956],[0.513,46.955],[0.519,46.957],[0.521,46.958],[0.527,46.955],[0.530,46.956],[0.531,46.956],[0.539,46.960],[0.543,46.960],[0.550,46.959],[0.554,46.958],[0.557,46.956],[0.564,46.955],[0.569,46.955],[0.573,46.956],[0.580,46.956],[0.585,46.956],[0.587,46.957],[0.593,46.956],[0.595,46.956],[0.598,46.956],[0.600,46.957],[0.601,46.958],[0.601,46.963],[0.601,46.968],[0.601,46.971],[0.601,46.973],[0.597,46.975],[0.593,46.977],[0.590,46.978],[0.585,46.979],[0.581,46.978],[0.578,46.979],[0.574,46.982],[0.572,46.987],[0.574,46.992],[0.573,46.995],[0.571,46.997],[0.567,47.000],[0.566,47.001],[0.567,47.006],[0.572,47.004],[0.576,47.004],[0.583,47.006],[0.585,47.006],[0.590,47.006],[0.595,47.006],[0.601,47.006],[0.605,47.006],[0.613,47.008],[0.618,47.007],[0.621,47.005],[0.623,47.003],[0.623,47.002],[0.621,46.999],[0.621,46.997],[0.622,46.995],[0.623,46.993],[0.626,46.992],[0.627,46.989],[0.633,46.986],[0.636,46.985],[0.639,46.985],[0.641,46.987],[0.645,46.988],[0.647,46.988],[0.654,46.986],[0.656,46.985],[0.657,46.984],[0.657,46.981],[0.658,46.979],[0.661,46.978],[0.666,46.978],[0.672,46.977],[0.678,46.977],[0.682,46.977],[0.692,46.974],[0.693,46.973],[0.695,46.968],[0.694,46.963],[0.695,46.960],[0.696,46.956],[0.697,46.954],[0.701,46.949],[0.704,46.944],[0.705,46.939],[0.706,46.936],[0.704,46.931],[0.703,46.930],[0.703,46.926],[0.703,46.924],[0.705,46.922],[0.707,46.921],[0.708,46.918],[0.708,46.915],[0.706,46.914],[0.704,46.912],[0.703,46.907],[0.704,46.903],[0.706,46.901],[0.712,46.897],[0.720,46.890],[0.722,46.889],[0.726,46.886],[0.730,46.882],[0.731,46.879],[0.732,46.877],[0.733,46.876],[0.737,46.873],[0.744,46.871],[0.747,46.869],[0.749,46.865],[0.750,46.863],[0.751,46.862],[0.752,46.860],[0.754,46.859],[0.756,46.859],[0.762,46.863],[0.765,46.865],[0.767,46.865],[0.770,46.865],[0.771,46.863],[0.772,46.862],[0.771,46.860],[0.770,46.858],[0.768,46.858],[0.766,46.856],[0.766,46.854],[0.767,46.851],[0.768,46.850],[0.774,46.851],[0.782,46.851],[0.786,46.852],[0.790,46.852],[0.793,46.851],[0.796,46.848],[0.796,46.846],[0.794,46.846],[0.788,46.845],[0.787,46.844],[0.786,46.840],[0.787,46.839],[0.790,46.835],[0.795,46.832],[0.797,46.831],[0.800,46.832],[0.805,46.831],[0.807,46.829],[0.809,46.827],[0.809,46.826],[0.808,46.822],[0.808,46.819],[0.810,46.813],[0.810,46.808],[0.813,46.806],[0.816,46.804],[0.817,46.803],[0.815,46.801],[0.813,46.800],[0.812,46.799],[0.811,46.796],[0.811,46.794],[0.813,46.791],[0.815,46.788],[0.816,46.787],[0.824,46.787],[0.828,46.786],[0.829,46.784],[0.828,46.782],[0.827,46.778],[0.827,46.776],[0.830,46.775],[0.833,46.774],[0.835,46.771],[0.837,46.769],[0.841,46.767],[0.842,46.766],[0.843,46.763],[0.847,46.760],[0.852,46.759],[0.854,46.760],[0.856,46.760],[0.859,46.760],[0.858,46.758],[0.860,46.755],[0.864,46.752],[0.867,46.748],[0.869,46.745],[0.874,46.744],[0.877,46.742],[0.878,46.741],[0.878,46.738],[0.884,46.738],[0.885,46.739],[0.887,46.737],[0.891,46.737],[0.895,46.736],[0.896,46.735],[0.901,46.736],[0.902,46.732],[0.903,46.730],[0.905,46.728],[0.908,46.727],[0.910,46.727],[0.913,46.725],[0.912,46.723],[0.908,46.718],[0.914,46.715],[0.913,46.714],[0.913,46.710],[0.916,46.708],[0.921,46.702],[0.924,46.699],[0.925,46.699],[0.927,46.695],[0.927,46.692],[0.926,46.692],[0.923,46.692],[0.918,46.691],[0.916,46.689],[0.914,46.687],[0.909,46.682],[0.907,46.683],[0.904,46.681],[0.902,46.680],[0.902,46.678],[0.903,46.678],[0.906,46.678],[0.910,46.677],[0.912,46.674],[0.912,46.672],[0.911,46.670],[0.906,46.665],[0.909,46.662],[0.913,46.657],[0.916,46.653],[0.916,46.651],[0.917,46.650],[0.912,46.649],[0.908,46.648],[0.906,46.648],[0.908,46.644],[0.903,46.641],[0.898,46.636],[0.896,46.633],[0.893,46.628],[0.894,46.625],[0.895,46.625],[0.898,46.623],[0.899,46.622],[0.904,46.619],[0.906,46.619],[0.905,46.617],[0.904,46.614],[0.908,46.614],[0.908,46.611],[0.909,46.609],[0.908,46.607],[0.907,46.607],[0.908,46.604],[0.911,46.603],[0.910,46.601],[0.913,46.600],[0.916,46.599],[0.915,46.596],[0.919,46.595],[0.922,46.594],[0.933,46.594],[0.935,46.594],[0.937,46.594],[0.936,46.589],[0.934,46.587],[0.935,46.586],[0.937,46.585],[0.939,46.582],[0.941,46.580],[0.944,46.580],[0.946,46.580],[0.948,46.578],[0.951,46.578],[0.953,46.578],[0.954,46.578],[0.957,46.578],[0.958,46.575],[0.963,46.571],[0.965,46.572],[0.970,46.573],[0.973,46.574],[0.976,46.574],[0.978,46.573],[0.982,46.573],[0.983,46.571],[0.985,46.570],[0.985,46.569],[0.983,46.566],[0.986,46.566],[0.987,46.565],[0.989,46.565],[0.993,46.566],[0.997,46.565],[1.002,46.567],[1.005,46.567],[1.014,46.567],[1.018,46.565],[1.019,46.563],[1.019,46.560],[1.019,46.557],[1.023,46.551],[1.024,46.549],[1.020,46.543],[1.019,46.541],[1.020,46.537],[1.022,46.535],[1.024,46.535],[1.033,46.537],[1.033,46.536],[1.037,46.536],[1.038,46.537],[1.042,46.536],[1.045,46.536],[1.050,46.535],[1.053,46.537],[1.054,46.537],[1.065,46.539],[1.066,46.538],[1.068,46.538],[1.069,46.537],[1.071,46.537],[1.075,46.537],[1.078,46.535],[1.087,46.538],[1.089,46.537],[1.091,46.537],[1.098,46.535],[1.101,46.534],[1.104,46.533],[1.108,46.531],[1.111,46.528],[1.117,46.525],[1.123,46.522],[1.125,46.521],[1.135,46.514],[1.145,46.506],[1.149,46.502],[1.144,46.499],[1.141,46.497],[1.139,46.496],[1.135,46.497],[1.133,46.497],[1.136,46.493],[1.137,46.490],[1.138,46.489],[1.139,46.486],[1.141,46.484],[1.149,46.476],[1.152,46.472],[1.157,46.469],[1.157,46.469],[1.153,46.469],[1.151,46.470],[1.144,46.470],[1.141,46.470],[1.135,46.470],[1.136,46.469],[1.145,46.457],[1.150,46.450],[1.151,46.448],[1.156,46.446],[1.157,46.447],[1.160,46.447],[1.168,46.446],[1.175,46.443],[1.176,46.444],[1.181,46.442],[1.184,46.441],[1.186,46.441],[1.186,46.439],[1.186,46.437],[1.185,46.435],[1.184,46.431],[1.183,46.429],[1.186,46.428],[1.193,46.428],[1.195,46.429],[1.198,46.431],[1.200,46.431],[1.202,46.434],[1.203,46.434],[1.207,46.434],[1.209,46.433],[1.212,46.432],[1.210,46.429],[1.206,46.425],[1.206,46.421],[1.204,46.421],[1.199,46.417],[1.197,46.414],[1.196,46.411],[1.193,46.409],[1.192,46.407],[1.192,46.405],[1.192,46.404],[1.196,46.401],[1.190,46.395],[1.177,46.383],[1.179,46.382],[1.180,46.379],[1.180,46.379],[1.182,46.376],[1.184,46.377],[1.185,46.377],[1.188,46.376],[1.191,46.376],[1.192,46.378],[1.191,46.380],[1.194,46.380],[1.195,46.381],[1.197,46.382],[1.203,46.385],[1.205,46.388],[1.209,46.389],[1.214,46.387],[1.216,46.382],[1.214,46.381],[1.211,46.378],[1.213,46.373],[1.214,46.371],[1.216,46.368],[1.216,46.367],[1.219,46.365],[1.221,46.368],[1.223,46.369],[1.224,46.366],[1.229,46.366],[1.230,46.367],[1.233,46.366],[1.237,46.367],[1.238,46.366],[1.240,46.367],[1.242,46.370],[1.245,46.373],[1.249,46.375],[1.250,46.377],[1.260,46.378],[1.268,46.376],[1.279,46.376],[1.283,46.372],[1.29,46.374],[1.291,46.374],[1.295,46.373],[1.298,46.372],[1.302,46.372],[1.303,46.370],[1.307,46.371],[1.308,46.372],[1.312,46.372],[1.315,46.373],[1.311,46.377],[1.307,46.378],[1.307,46.379],[1.311,46.383],[1.314,46.382],[1.317,46.382],[1.320,46.381],[1.322,46.385],[1.322,46.387],[1.322,46.388],[1.322,46.389],[1.319,46.390],[1.318,46.392],[1.315,46.392],[1.312,46.392],[1.312,46.394],[1.313,46.395],[1.316,46.395],[1.323,46.396],[1.325,46.396],[1.326,46.395],[1.333,46.397],[1.338,46.398],[1.341,46.400],[1.344,46.401],[1.345,46.401],[1.348,46.398],[1.351,46.400],[1.356,46.400],[1.357,46.399],[1.360,46.397],[1.364,46.394],[1.377,46.382],[1.383,46.374],[1.385,46.374],[1.391,46.371],[1.396,46.371],[1.394,46.368],[1.394,46.367],[1.400,46.367],[1.402,46.364],[1.405,46.363],[1.409,46.361],[1.409,46.356],[1.410,46.355],[1.409,46.353],[1.410,46.349],[1.415,46.347]],[[-0.103,43.358],[-0.100,43.358],[-0.096,43.357],[-0.093,43.357],[-0.090,43.359],[-0.090,43.354],[-0.091,43.351],[-0.087,43.350],[-0.088,43.346],[-0.087,43.345],[-0.087,43.343],[-0.087,43.340],[-0.086,43.336],[-0.087,43.333],[-0.089,43.333],[-0.093,43.333],[-0.093,43.333],[-0.097,43.334],[-0.100,43.336],[-0.104,43.337],[-0.109,43.337],[-0.110,43.336],[-0.110,43.334],[-0.112,43.334],[-0.115,43.332],[-0.115,43.329],[-0.116,43.328],[-0.115,43.326],[-0.114,43.324],[-0.115,43.322],[-0.114,43.321],[-0.113,43.319],[-0.111,43.318],[-0.111,43.316],[-0.110,43.312],[-0.104,43.312],[-0.097,43.313],[-0.092,43.310],[-0.087,43.309],[-0.079,43.307],[-0.075,43.306],[-0.075,43.307],[-0.071,43.309],[-0.070,43.310],[-0.068,43.312],[-0.069,43.313],[-0.070,43.316],[-0.069,43.318],[-0.069,43.321],[-0.068,43.322],[-0.068,43.323],[-0.067,43.324],[-0.068,43.328],[-0.067,43.328],[-0.065,43.332],[-0.064,43.333],[-0.065,43.335],[-0.063,43.338],[-0.065,43.339],[-0.065,43.341],[-0.064,43.341],[-0.062,43.346],[-0.063,43.347],[-0.062,43.350],[-0.064,43.351],[-0.064,43.355],[-0.069,43.355],[-0.069,43.356],[-0.072,43.361],[-0.076,43.363],[-0.076,43.364],[-0.082,43.366],[-0.080,43.369],[-0.083,43.371],[-0.087,43.371],[-0.089,43.372],[-0.093,43.373],[-0.097,43.374],[-0.101,43.373],[-0.107,43.370],[-0.106,43.367],[-0.106,43.366],[-0.106,43.361],[-0.104,43.361],[-0.104,43.358],[-0.103,43.358]],[[-0.103,43.242],[-0.104,43.244],[-0.103,43.249],[-0.101,43.251],[-0.094,43.254],[-0.093,43.252],[-0.092,43.252],[-0.088,43.254],[-0.083,43.257],[-0.079,43.262],[-0.079,43.271],[-0.081,43.275],[-0.084,43.276],[-0.086,43.279],[-0.091,43.280],[-0.096,43.285],[-0.095,43.286],[-0.093,43.293],[-0.089,43.300],[-0.092,43.300],[-0.095,43.302],[-0.099,43.303],[-0.104,43.306],[-0.106,43.307],[-0.111,43.310],[-0.113,43.308],[-0.117,43.307],[-0.119,43.306],[-0.121,43.302],[-0.122,43.301],[-0.125,43.300],[-0.126,43.298],[-0.125,43.294],[-0.128,43.292],[-0.130,43.288],[-0.137,43.285],[-0.137,43.284],[-0.134,43.283],[-0.135,43.282],[-0.137,43.281],[-0.138,43.280],[-0.138,43.274],[-0.140,43.271],[-0.140,43.269],[-0.138,43.265],[-0.136,43.262],[-0.135,43.261],[-0.133,43.258],[-0.129,43.256],[-0.128,43.254],[-0.126,43.252],[-0.126,43.251],[-0.124,43.246],[-0.121,43.243],[-0.121,43.240],[-0.111,43.242],[-0.104,43.242],[-0.103,43.242]]],[[[-1.114,45.951],[-1.116,45.952],[-1.117,45.954],[-1.119,45.957],[-1.120,45.959],[-1.119,45.961],[-1.117,45.961],[-1.113,45.961],[-1.111,45.961],[-1.108,45.958],[-1.107,45.956],[-1.105,45.954],[-1.106,45.953],[-1.108,45.954],[-1.110,45.954],[-1.111,45.952],[-1.114,45.951]]],[[[-1.480,46.210],[-1.482,46.212],[-1.481,46.212],[-1.479,46.215],[-1.476,46.214],[-1.473,46.214],[-1.470,46.214],[-1.469,46.216],[-1.467,46.216],[-1.467,46.217],[-1.465,46.219],[-1.466,46.219],[-1.466,46.222],[-1.465,46.223],[-1.456,46.224],[-1.456,46.225],[-1.459,46.226],[-1.458,46.228],[-1.449,46.228],[-1.445,46.229],[-1.440,46.229],[-1.434,46.229],[-1.430,46.229],[-1.424,46.230],[-1.412,46.230],[-1.410,46.228],[-1.410,46.227],[-1.414,46.227],[-1.417,46.226],[-1.418,46.225],[-1.419,46.223],[-1.417,46.220],[-1.419,46.219],[-1.422,46.218],[-1.429,46.217],[-1.434,46.216],[-1.437,46.217],[-1.439,46.215],[-1.439,46.214],[-1.437,46.212],[-1.439,46.210],[-1.439,46.210],[-1.433,46.210],[-1.431,46.210],[-1.430,46.207],[-1.429,46.205],[-1.427,46.205],[-1.425,46.205],[-1.418,46.204],[-1.412,46.204],[-1.408,46.203],[-1.404,46.203],[-1.391,46.203],[-1.384,46.204],[-1.376,46.205],[-1.369,46.206],[-1.368,46.207],[-1.365,46.208],[-1.362,46.206],[-1.357,46.206],[-1.354,46.206],[-1.353,46.204],[-1.351,46.204],[-1.341,46.199],[-1.337,46.197],[-1.331,46.192],[-1.325,46.189],[-1.321,46.187],[-1.317,46.186],[-1.310,46.189],[-1.307,46.190],[-1.306,46.190],[-1.297,46.188],[-1.292,46.187],[-1.290,46.185],[-1.289,46.183],[-1.286,46.180],[-1.289,46.178],[-1.286,46.176],[-1.283,46.173],[-1.282,46.173],[-1.281,46.170],[-1.283,46.168],[-1.281,46.164],[-1.280,46.163],[-1.274,46.160],[-1.272,46.159],[-1.268,46.159],[-1.258,46.162],[-1.258,46.163],[-1.255,46.164],[-1.254,46.163],[-1.255,46.161],[-1.256,46.160],[-1.262,46.158],[-1.267,46.155],[-1.273,46.151],[-1.274,46.149],[-1.277,46.144],[-1.279,46.143],[-1.282,46.144],[-1.285,46.145],[-1.288,46.144],[-1.292,46.144],[-1.297,46.143],[-1.301,46.143],[-1.304,46.142],[-1.308,46.142],[-1.313,46.143],[-1.316,46.144],[-1.321,46.145],[-1.325,46.146],[-1.328,46.149],[-1.337,46.150],[-1.339,46.150],[-1.342,46.151],[-1.348,46.153],[-1.353,46.154],[-1.356,46.157],[-1.359,46.159],[-1.362,46.160],[-1.364,46.163],[-1.370,46.167],[-1.377,46.170],[-1.380,46.171],[-1.386,46.174],[-1.391,46.177],[-1.401,46.179],[-1.410,46.183],[-1.414,46.185],[-1.420,46.187],[-1.431,46.190],[-1.440,46.194],[-1.446,46.196],[-1.461,46.202],[-1.467,46.203],[-1.471,46.203],[-1.474,46.202],[-1.486,46.200],[-1.490,46.199],[-1.494,46.196],[-1.497,46.195],[-1.501,46.194],[-1.504,46.193],[-1.505,46.194],[-1.507,46.195],[-1.514,46.198],[-1.517,46.199],[-1.522,46.200],[-1.527,46.201],[-1.530,46.202],[-1.533,46.202],[-1.534,46.202],[-1.536,46.205],[-1.537,46.207],[-1.538,46.210],[-1.541,46.213],[-1.542,46.216],[-1.543,46.219],[-1.547,46.223],[-1.548,46.225],[-1.554,46.230],[-1.556,46.230],[-1.560,46.236],[-1.561,46.237],[-1.562,46.243],[-1.561,46.245],[-1.557,46.245],[-1.557,46.244],[-1.550,46.243],[-1.544,46.243],[-1.541,46.243],[-1.534,46.246],[-1.527,46.248],[-1.523,46.251],[-1.521,46.253],[-1.518,46.255],[-1.514,46.257],[-1.512,46.258],[-1.509,46.258],[-1.505,46.257],[-1.500,46.258],[-1.494,46.256],[-1.491,46.254],[-1.490,46.253],[-1.489,46.252],[-1.488,46.250],[-1.484,46.248],[-1.482,46.247],[-1.481,46.245],[-1.482,46.242],[-1.480,46.239],[-1.475,46.235],[-1.474,46.233],[-1.476,46.231],[-1.480,46.230],[-1.482,46.228],[-1.484,46.228],[-1.488,46.228],[-1.491,46.229],[-1.492,46.230],[-1.493,46.231],[-1.495,46.232],[-1.494,46.234],[-1.498,46.234],[-1.501,46.234],[-1.500,46.231],[-1.504,46.229],[-1.504,46.227],[-1.506,46.226],[-1.508,46.226],[-1.509,46.227],[-1.512,46.231],[-1.513,46.232],[-1.514,46.229],[-1.514,46.227],[-1.514,46.226],[-1.513,46.225],[-1.513,46.222],[-1.509,46.218],[-1.506,46.218],[-1.505,46.215],[-1.506,46.214],[-1.502,46.215],[-1.499,46.216],[-1.496,46.215],[-1.496,46.214],[-1.493,46.212],[-1.494,46.212],[-1.493,46.210],[-1.496,46.208],[-1.494,46.207],[-1.494,46.205],[-1.492,46.205],[-1.493,46.207],[-1.491,46.207],[-1.488,46.207],[-1.487,46.206],[-1.487,46.203],[-1.486,46.202],[-1.483,46.202],[-1.483,46.204],[-1.485,46.204],[-1.485,46.206],[-1.485,46.207],[-1.482,46.209],[-1.480,46.210]]],[[[-1.175,46.008],[-1.177,46.008],[-1.178,46.009],[-1.177,46.010],[-1.178,46.012],[-1.177,46.014],[-1.177,46.015],[-1.175,46.019],[-1.176,46.021],[-1.174,46.024],[-1.171,46.023],[-1.168,46.025],[-1.163,46.024],[-1.162,46.024],[-1.160,46.022],[-1.157,46.022],[-1.154,46.019],[-1.154,46.018],[-1.163,46.018],[-1.165,46.019],[-1.167,46.019],[-1.171,46.018],[-1.171,46.017],[-1.171,46.015],[-1.169,46.014],[-1.169,46.013],[-1.174,46.009],[-1.173,46.008],[-1.175,46.008]]],[[[-1.250,45.845],[-1.251,45.850],[-1.253,45.856],[-1.259,45.868],[-1.264,45.875],[-1.266,45.878],[-1.270,45.881],[-1.275,45.884],[-1.278,45.886],[-1.280,45.887],[-1.282,45.890],[-1.286,45.893],[-1.289,45.896],[-1.291,45.898],[-1.293,45.899],[-1.295,45.900],[-1.297,45.900],[-1.300,45.899],[-1.304,45.900],[-1.311,45.905],[-1.314,45.906],[-1.318,45.910],[-1.321,45.911],[-1.324,45.913],[-1.326,45.912],[-1.332,45.915],[-1.335,45.916],[-1.339,45.918],[-1.341,45.918],[-1.343,45.921],[-1.347,45.923],[-1.350,45.925],[-1.353,45.926],[-1.356,45.929],[-1.358,45.931],[-1.361,45.933],[-1.368,45.939],[-1.372,45.941],[-1.375,45.944],[-1.377,45.947],[-1.380,45.950],[-1.382,45.951],[-1.384,45.951],[-1.385,45.952],[-1.387,45.954],[-1.388,45.957],[-1.387,45.959],[-1.386,45.961],[-1.386,45.963],[-1.387,45.965],[-1.390,45.969],[-1.390,45.972],[-1.392,45.974],[-1.395,45.976],[-1.395,45.978],[-1.393,45.981],[-1.391,45.983],[-1.388,45.989],[-1.387,45.993],[-1.387,45.997],[-1.387,46.000],[-1.389,46.002],[-1.390,46.004],[-1.393,46.009],[-1.398,46.014],[-1.400,46.016],[-1.403,46.024],[-1.404,46.027],[-1.406,46.029],[-1.408,46.033],[-1.408,46.035],[-1.409,46.039],[-1.411,46.041],[-1.411,46.045],[-1.413,46.046],[-1.412,46.047],[-1.409,46.047],[-1.407,46.048],[-1.402,46.046],[-1.399,46.044],[-1.395,46.044],[-1.390,46.042],[-1.387,46.041],[-1.382,46.041],[-1.381,46.041],[-1.376,46.040],[-1.370,46.039],[-1.370,46.037],[-1.370,46.035],[-1.372,46.033],[-1.372,46.032],[-1.369,46.029],[-1.365,46.027],[-1.362,46.025],[-1.358,46.024],[-1.355,46.022],[-1.354,46.020],[-1.352,46.019],[-1.349,46.017],[-1.346,46.016],[-1.344,46.015],[-1.340,46.014],[-1.336,46.013],[-1.335,46.011],[-1.334,46.010],[-1.332,46.009],[-1.331,46.008],[-1.328,46.007],[-1.327,46.005],[-1.323,46.003],[-1.321,46.000],[-1.322,45.999],[-1.321,45.997],[-1.319,45.995],[-1.315,45.993],[-1.306,45.991],[-1.300,45.989],[-1.293,45.988],[-1.285,45.988],[-1.281,45.988],[-1.272,45.989],[-1.268,45.990],[-1.256,45.990],[-1.246,45.990],[-1.244,45.989],[-1.240,45.986],[-1.237,45.983],[-1.236,45.981],[-1.235,45.979],[-1.237,45.974],[-1.236,45.972],[-1.232,45.971],[-1.233,45.968],[-1.232,45.967],[-1.233,45.965],[-1.234,45.965],[-1.234,45.967],[-1.236,45.968],[-1.236,45.965],[-1.238,45.963],[-1.240,45.962],[-1.242,45.957],[-1.241,45.955],[-1.240,45.953],[-1.238,45.951],[-1.235,45.947],[-1.229,45.944],[-1.226,45.941],[-1.228,45.940],[-1.229,45.938],[-1.229,45.936],[-1.228,45.933],[-1.231,45.932],[-1.233,45.929],[-1.233,45.927],[-1.231,45.923],[-1.228,45.922],[-1.229,45.920],[-1.225,45.915],[-1.223,45.913],[-1.220,45.910],[-1.215,45.906],[-1.211,45.904],[-1.210,45.903],[-1.205,45.901],[-1.201,45.900],[-1.202,45.897],[-1.201,45.895],[-1.196,45.891],[-1.193,45.889],[-1.191,45.889],[-1.188,45.886],[-1.187,45.886],[-1.188,45.884],[-1.188,45.882],[-1.191,45.882],[-1.193,45.880],[-1.193,45.877],[-1.193,45.875],[-1.193,45.873],[-1.194,45.872],[-1.196,45.870],[-1.198,45.868],[-1.199,45.866],[-1.199,45.865],[-1.197,45.864],[-1.196,45.863],[-1.196,45.862],[-1.200,45.862],[-1.203,45.858],[-1.202,45.855],[-1.203,45.854],[-1.204,45.853],[-1.205,45.852],[-1.207,45.850],[-1.206,45.846],[-1.203,45.845],[-1.203,45.842],[-1.201,45.840],[-1.201,45.838],[-1.199,45.835],[-1.197,45.831],[-1.195,45.829],[-1.196,45.828],[-1.202,45.826],[-1.205,45.824],[-1.209,45.820],[-1.211,45.818],[-1.215,45.815],[-1.216,45.813],[-1.218,45.812],[-1.223,45.811],[-1.225,45.81],[-1.227,45.807],[-1.229,45.806],[-1.229,45.804],[-1.226,45.804],[-1.226,45.803],[-1.229,45.802],[-1.231,45.801],[-1.236,45.804],[-1.239,45.807],[-1.242,45.814],[-1.245,45.821],[-1.248,45.839],[-1.250,45.845]]],[[[-1.239,44.592],[-1.235,44.594],[-1.233,44.593],[-1.231,44.590],[-1.229,44.588],[-1.230,44.588],[-1.234,44.590],[-1.234,44.591],[-1.237,44.591],[-1.239,44.591],[-1.241,44.589],[-1.243,44.588],[-1.244,44.587],[-1.243,44.584],[-1.239,44.584],[-1.235,44.585],[-1.234,44.584],[-1.240,44.583],[-1.246,44.582],[-1.249,44.580],[-1.247,44.578],[-1.248,44.575],[-1.246,44.574],[-1.244,44.574],[-1.243,44.572],[-1.246,44.571],[-1.248,44.573],[-1.250,44.576],[-1.251,44.579],[-1.249,44.584],[-1.247,44.586],[-1.242,44.591],[-1.239,44.592]]],[[[-1.029,44.649],[-1.032,44.651],[-1.030,44.652],[-1.028,44.656],[-1.029,44.661],[-1.026,44.662],[-1.019,44.656],[-1.017,44.655],[-1.013,44.651],[-1.014,44.650],[-1.018,44.650],[-1.020,44.649],[-1.021,44.651],[-1.024,44.652],[-1.026,44.652],[-1.029,44.649]]],[[[-1.023,44.644],[-1.026,44.644],[-1.027,44.646],[-1.027,44.649],[-1.026,44.650],[-1.025,44.650],[-1.021,44.647],[-1.020,44.646],[-1.023,44.644]]],[[[-1.177,44.697],[-1.182,44.699],[-1.185,44.697],[-1.188,44.699],[-1.187,44.702],[-1.185,44.703],[-1.182,44.702],[-1.179,44.703],[-1.177,44.701],[-1.179,44.700],[-1.179,44.699],[-1.177,44.697]]],[[[-1.180,44.692],[-1.181,44.693],[-1.184,44.695],[-1.184,44.696],[-1.181,44.696],[-1.181,44.694],[-1.180,44.692]]]]}},{"properties":{"regionId":"provence","iso":"FR"},"type":"Feature","geometry":{"type":"MultiPolygon","coordinates":[[[[6.948,44.654],[6.947,44.653],[6.948,44.652],[6.951,44.648],[6.951,44.646],[6.953,44.643],[6.953,44.641],[6.953,44.638],[6.953,44.637],[6.955,44.635],[6.960,44.629],[6.962,44.626],[6.968,44.624],[6.967,44.622],[6.968,44.619],[6.965,44.618],[6.963,44.618],[6.959,44.621],[6.954,44.620],[6.952,44.620],[6.949,44.619],[6.948,44.617],[6.948,44.614],[6.950,44.613],[6.950,44.610],[6.945,44.605],[6.943,44.605],[6.941,44.604],[6.937,44.603],[6.936,44.601],[6.938,44.599],[6.937,44.598],[6.933,44.596],[6.932,44.592],[6.933,44.591],[6.933,44.586],[6.934,44.586],[6.932,44.583],[6.931,44.581],[6.931,44.579],[6.933,44.579],[6.932,44.578],[6.933,44.575],[6.932,44.573],[6.932,44.572],[6.927,44.571],[6.922,44.570],[6.920,44.569],[6.916,44.569],[6.913,44.569],[6.913,44.565],[6.914,44.563],[6.915,44.562],[6.916,44.560],[6.914,44.558],[6.913,44.558],[6.907,44.557],[6.904,44.556],[6.901,44.553],[6.898,44.555],[6.894,44.555],[6.891,44.554],[6.890,44.552],[6.883,44.551],[6.881,44.552],[6.880,44.554],[6.878,44.554],[6.876,44.552],[6.876,44.550],[6.877,44.548],[6.876,44.546],[6.874,44.546],[6.872,44.545],[6.871,44.543],[6.869,44.539],[6.869,44.536],[6.865,44.535],[6.864,44.535],[6.862,44.534],[6.859,44.534],[6.857,44.534],[6.855,44.531],[6.855,44.529],[6.853,44.528],[6.855,44.526],[6.857,44.522],[6.857,44.518],[6.856,44.516],[6.857,44.513],[6.858,44.512],[6.859,44.509],[6.858,44.506],[6.859,44.505],[6.861,44.503],[6.859,44.502],[6.861,44.501],[6.861,44.500],[6.864,44.498],[6.865,44.495],[6.868,44.492],[6.870,44.491],[6.871,44.490],[6.876,44.488],[6.877,44.486],[6.876,44.484],[6.875,44.482],[6.877,44.480],[6.880,44.479],[6.882,44.476],[6.886,44.475],[6.891,44.471],[6.894,44.471],[6.897,44.470],[6.900,44.470],[6.906,44.467],[6.907,44.462],[6.907,44.460],[6.909,44.458],[6.911,44.454],[6.911,44.453],[6.911,44.452],[6.912,44.450],[6.915,44.449],[6.917,44.448],[6.920,44.445],[6.925,44.444],[6.925,44.444],[6.928,44.443],[6.932,44.441],[6.933,44.440],[6.936,44.439],[6.938,44.436],[6.939,44.433],[6.941,44.432],[6.944,44.432],[6.944,44.431],[6.948,44.429],[6.946,44.427],[6.943,44.428],[6.939,44.428],[6.937,44.429],[6.933,44.429],[6.932,44.427],[6.933,44.425],[6.931,44.424],[6.928,44.424],[6.926,44.423],[6.924,44.422],[6.922,44.423],[6.920,44.425],[6.917,44.427],[6.915,44.426],[6.902,44.420],[6.899,44.422],[6.897,44.420],[6.892,44.420],[6.892,44.420],[6.893,44.414],[6.894,44.412],[6.894,44.409],[6.897,44.407],[6.897,44.405],[6.897,44.404],[6.894,44.402],[6.894,44.397],[6.896,44.396],[6.896,44.394],[6.895,44.392],[6.895,44.390],[6.894,44.388],[6.895,44.387],[6.895,44.384],[6.894,44.380],[6.895,44.377],[6.896,44.375],[6.896,44.372],[6.895,44.370],[6.892,44.368],[6.890,44.368],[6.888,44.367],[6.886,44.365],[6.887,44.361],[6.898,44.358],[6.899,44.357],[6.904,44.358],[6.906,44.358],[6.909,44.356],[6.910,44.354],[6.912,44.353],[6.914,44.353],[6.918,44.352],[6.922,44.350],[6.922,44.346],[6.920,44.345],[6.922,44.341],[6.924,44.340],[6.924,44.339],[6.925,44.338],[6.926,44.335],[6.926,44.333],[6.927,44.332],[6.930,44.331],[6.933,44.329],[6.935,44.329],[6.936,44.328],[6.938,44.325],[6.938,44.324],[6.941,44.324],[6.943,44.323],[6.946,44.320],[6.952,44.319],[6.953,44.318],[6.953,44.316],[6.954,44.314],[6.957,44.313],[6.960,44.310],[6.960,44.308],[6.959,44.307],[6.957,44.305],[6.958,44.302],[6.957,44.300],[6.956,44.299],[6.955,44.297],[6.957,44.295],[6.959,44.294],[6.962,44.293],[6.966,44.295],[6.970,44.294],[6.971,44.293],[6.971,44.291],[6.969,44.288],[6.968,44.286],[6.971,44.283],[6.975,44.285],[6.976,44.285],[6.979,44.286],[6.981,44.286],[6.983,44.284],[6.986,44.284],[6.990,44.283],[6.994,44.280],[6.995,44.279],[6.994,44.277],[6.995,44.275],[6.997,44.273],[6.996,44.271],[6.995,44.269],[6.996,44.266],[6.995,44.264],[6.996,44.263],[6.998,44.258],[6.997,44.255],[6.996,44.254],[6.996,44.252],[6.998,44.25],[6.998,44.248],[7.001,44.246],[7.000,44.244],[7.000,44.243],[7.004,44.242],[7.004,44.241],[7.006,44.238],[7.008,44.236],[7.008,44.235],[7.011,44.235],[7.013,44.234],[7.014,44.233],[7.016,44.232],[7.019,44.232],[7.022,44.234],[7.025,44.231],[7.027,44.230],[7.030,44.231],[7.031,44.229],[7.031,44.227],[7.033,44.225],[7.036,44.224],[7.038,44.223],[7.044,44.226],[7.048,44.227],[7.051,44.228],[7.055,44.229],[7.057,44.228],[7.061,44.226],[7.065,44.228],[7.065,44.229],[7.068,44.232],[7.070,44.232],[7.076,44.232],[7.079,44.231],[7.080,44.230],[7.083,44.229],[7.086,44.229],[7.086,44.228],[7.088,44.227],[7.090,44.225],[7.091,44.221],[7.092,44.220],[7.094,44.221],[7.096,44.220],[7.099,44.220],[7.100,44.221],[7.101,44.220],[7.107,44.218],[7.112,44.217],[7.113,44.217],[7.117,44.215],[7.118,44.215],[7.119,44.213],[7.121,44.212],[7.125,44.211],[7.127,44.210],[7.130,44.207],[7.136,44.204],[7.138,44.202],[7.141,44.201],[7.143,44.200],[7.148,44.200],[7.148,44.201],[7.152,44.203],[7.154,44.203],[7.156,44.204],[7.158,44.205],[7.162,44.208],[7.165,44.206],[7.166,44.203],[7.167,44.202],[7.172,44.201],[7.175,44.200],[7.177,44.197],[7.179,44.197],[7.180,44.198],[7.183,44.199],[7.186,44.201],[7.188,44.200],[7.189,44.195],[7.190,44.194],[7.193,44.189],[7.193,44.187],[7.196,44.186],[7.200,44.186],[7.203,44.184],[7.204,44.182],[7.204,44.179],[7.210,44.176],[7.213,44.175],[7.215,44.171],[7.218,44.170],[7.219,44.168],[7.220,44.168],[7.224,44.169],[7.228,44.168],[7.230,44.169],[7.233,44.171],[7.233,44.173],[7.235,44.175],[7.237,44.174],[7.240,44.173],[7.243,44.171],[7.243,44.168],[7.244,44.165],[7.245,44.163],[7.247,44.162],[7.248,44.159],[7.251,44.156],[7.253,44.155],[7.256,44.155],[7.258,44.153],[7.260,44.149],[7.262,44.148],[7.271,44.147],[7.276,44.144],[7.278,44.143],[7.279,44.141],[7.281,44.140],[7.283,44.141],[7.285,44.142],[7.286,44.144],[7.287,44.145],[7.292,44.145],[7.295,44.144],[7.298,44.144],[7.301,44.144],[7.303,44.146],[7.308,44.144],[7.310,44.147],[7.313,44.145],[7.315,44.144],[7.317,44.143],[7.321,44.142],[7.328,44.144],[7.332,44.143],[7.334,44.144],[7.337,44.144],[7.341,44.145],[7.344,44.144],[7.345,44.143],[7.346,44.140],[7.346,44.137],[7.345,44.136],[7.347,44.135],[7.348,44.132],[7.351,44.128],[7.351,44.126],[7.354,44.124],[7.355,44.122],[7.356,44.120],[7.357,44.116],[7.358,44.116],[7.361,44.116],[7.364,44.117],[7.367,44.116],[7.374,44.118],[7.376,44.120],[7.381,44.121],[7.383,44.122],[7.385,44.123],[7.388,44.124],[7.390,44.124],[7.392,44.125],[7.396,44.123],[7.402,44.119],[7.406,44.117],[7.409,44.119],[7.410,44.119],[7.414,44.118],[7.417,44.115],[7.420,44.114],[7.422,44.112],[7.424,44.111],[7.426,44.112],[7.426,44.114],[7.427,44.116],[7.426,44.118],[7.426,44.121],[7.429,44.122],[7.429,44.125],[7.430,44.126],[7.429,44.129],[7.432,44.130],[7.435,44.129],[7.443,44.127],[7.446,44.128],[7.448,44.128],[7.452,44.127],[7.454,44.127],[7.457,44.126],[7.460,44.125],[7.464,44.127],[7.466,44.129],[7.472,44.132],[7.474,44.133],[7.477,44.132],[7.482,44.133],[7.484,44.134],[7.490,44.137],[7.492,44.138],[7.493,44.140],[7.498,44.142],[7.500,44.142],[7.502,44.142],[7.505,44.143],[7.507,44.144],[7.509,44.142],[7.511,44.142],[7.512,44.140],[7.515,44.138],[7.517,44.139],[7.520,44.137],[7.522,44.137],[7.522,44.138],[7.525,44.139],[7.527,44.139],[7.527,44.141],[7.529,44.144],[7.530,44.146],[7.534,44.147],[7.535,44.147],[7.538,44.145],[7.543,44.145],[7.546,44.146],[7.548,44.145],[7.552,44.146],[7.554,44.146],[7.558,44.147],[7.559,44.148],[7.561,44.148],[7.565,44.151],[7.565,44.152],[7.564,44.154],[7.564,44.155],[7.567,44.154],[7.568,44.153],[7.572,44.151],[7.575,44.153],[7.576,44.153],[7.578,44.152],[7.582,44.151],[7.585,44.150],[7.589,44.150],[7.594,44.152],[7.598,44.152],[7.598,44.151],[7.603,44.150],[7.609,44.149],[7.611,44.150],[7.618,44.149],[7.620,44.149],[7.621,44.151],[7.621,44.153],[7.624,44.155],[7.627,44.158],[7.627,44.160],[7.626,44.163],[7.629,44.164],[7.631,44.167],[7.631,44.168],[7.630,44.170],[7.632,44.172],[7.632,44.173],[7.636,44.177],[7.642,44.177],[7.644,44.177],[7.646,44.178],[7.649,44.177],[7.650,44.177],[7.652,44.176],[7.654,44.177],[7.661,44.176],[7.664,44.175],[7.668,44.176],[7.669,44.175],[7.672,44.177],[7.677,44.176],[7.680,44.176],[7.682,44.174],[7.684,44.174],[7.683,44.171],[7.681,44.167],[7.680,44.164],[7.679,44.162],[7.675,44.161],[7.672,44.159],[7.671,44.158],[7.670,44.152],[7.675,44.150],[7.676,44.147],[7.679,44.147],[7.677,44.145],[7.676,44.140],[7.673,44.138],[7.670,44.136],[7.667,44.133],[7.666,44.131],[7.667,44.129],[7.670,44.128],[7.671,44.121],[7.674,44.118],[7.676,44.117],[7.679,44.115],[7.682,44.113],[7.685,44.111],[7.687,44.110],[7.689,44.108],[7.691,44.105],[7.693,44.103],[7.696,44.099],[7.696,44.097],[7.701,44.093],[7.705,44.092],[7.708,44.090],[7.709,44.089],[7.711,44.088],[7.715,44.084],[7.718,44.082],[7.716,44.081],[7.715,44.079],[7.715,44.077],[7.712,44.074],[7.714,44.072],[7.713,44.070],[7.714,44.067],[7.714,44.065],[7.712,44.062],[7.714,44.061],[7.711,44.060],[7.707,44.057],[7.705,44.054],[7.705,44.053],[7.704,44.052],[7.703,44.051],[7.702,44.049],[7.703,44.047],[7.702,44.045],[7.702,44.043],[7.700,44.040],[7.697,44.040],[7.695,44.039],[7.690,44.040],[7.686,44.037],[7.683,44.036],[7.679,44.033],[7.676,44.032],[7.675,44.030],[7.675,44.029],[7.672,44.029],[7.670,44.030],[7.667,44.030],[7.665,44.031],[7.664,44.029],[7.662,44.028],[7.661,44.023],[7.661,44.022],[7.663,44.020],[7.661,44.017],[7.663,44.012],[7.665,44.011],[7.665,44.009],[7.666,44.007],[7.667,44.006],[7.667,44.004],[7.668,43.999],[7.670,43.998],[7.666,43.995],[7.666,43.994],[7.663,43.992],[7.663,43.991],[7.663,43.986],[7.662,43.986],[7.659,43.986],[7.658,43.985],[7.655,43.985],[7.655,43.984],[7.655,43.980],[7.655,43.979],[7.655,43.976],[7.652,43.975],[7.652,43.973],[7.646,43.974],[7.643,43.973],[7.640,43.971],[7.640,43.970],[7.636,43.969],[7.633,43.966],[7.632,43.965],[7.631,43.964],[7.626,43.961],[7.621,43.960],[7.620,43.960],[7.614,43.957],[7.611,43.955],[7.610,43.954],[7.608,43.956],[7.606,43.956],[7.601,43.957],[7.598,43.957],[7.597,43.955],[7.593,43.956],[7.592,43.955],[7.587,43.954],[7.583,43.951],[7.581,43.948],[7.578,43.949],[7.576,43.949],[7.574,43.947],[7.574,43.946],[7.572,43.946],[7.569,43.947],[7.569,43.944],[7.566,43.943],[7.567,43.941],[7.569,43.940],[7.570,43.938],[7.572,43.937],[7.573,43.935],[7.571,43.934],[7.570,43.931],[7.571,43.929],[7.570,43.927],[7.568,43.928],[7.567,43.926],[7.568,43.923],[7.566,43.921],[7.561,43.919],[7.557,43.917],[7.558,43.916],[7.559,43.915],[7.561,43.910],[7.562,43.909],[7.561,43.908],[7.561,43.904],[7.562,43.904],[7.562,43.901],[7.561,43.899],[7.559,43.897],[7.556,43.896],[7.553,43.895],[7.550,43.893],[7.545,43.894],[7.542,43.893],[7.538,43.893],[7.535,43.891],[7.534,43.890],[7.530,43.890],[7.530,43.888],[7.526,43.886],[7.521,43.886],[7.519,43.886],[7.519,43.883],[7.517,43.882],[7.515,43.882],[7.512,43.885],[7.511,43.884],[7.512,43.883],[7.509,43.882],[7.510,43.879],[7.507,43.877],[7.506,43.876],[7.503,43.875],[7.501,43.875],[7.500,43.872],[7.497,43.871],[7.497,43.869],[7.500,43.867],[7.500,43.866],[7.498,43.864],[7.495,43.864],[7.495,43.859],[7.494,43.855],[7.495,43.853],[7.496,43.849],[7.498,43.847],[7.499,43.845],[7.503,43.844],[7.507,43.841],[7.506,43.839],[7.507,43.837],[7.508,43.835],[7.509,43.834],[7.510,43.832],[7.510,43.826],[7.511,43.823],[7.513,43.822],[7.514,43.819],[7.514,43.814],[7.517,43.809],[7.517,43.807],[7.517,43.805],[7.518,43.803],[7.518,43.802],[7.520,43.800],[7.521,43.799],[7.523,43.797],[7.526,43.794],[7.527,43.791],[7.529,43.789],[7.530,43.788],[7.529,43.784],[7.527,43.784],[7.524,43.784],[7.521,43.784],[7.514,43.782],[7.515,43.781],[7.520,43.782],[7.520,43.781],[7.513,43.781],[7.512,43.780],[7.510,43.780],[7.508,43.779],[7.508,43.778],[7.509,43.775],[7.506,43.773],[7.504,43.774],[7.502,43.773],[7.497,43.771],[7.492,43.769],[7.490,43.767],[7.488,43.765],[7.488,43.763],[7.486,43.763],[7.484,43.762],[7.482,43.756],[7.485,43.753],[7.487,43.752],[7.488,43.750],[7.486,43.749],[7.483,43.749],[7.482,43.749],[7.479,43.749],[7.474,43.751],[7.469,43.755],[7.467,43.756],[7.465,43.757],[7.462,43.760],[7.457,43.759],[7.453,43.758],[7.447,43.752],[7.446,43.752],[7.444,43.749],[7.443,43.750],[7.441,43.750],[7.439,43.749],[7.438,43.751],[7.435,43.749],[7.430,43.748],[7.428,43.746],[7.427,43.743],[7.424,43.740],[7.422,43.741],[7.420,43.739],[7.412,43.734],[7.413,43.731],[7.411,43.731],[7.409,43.729],[7.415,43.725],[7.410,43.723],[7.410,43.721],[7.407,43.720],[7.405,43.719],[7.400,43.720],[7.399,43.718],[7.397,43.719],[7.395,43.719],[7.393,43.719],[7.388,43.719],[7.390,43.721],[7.389,43.723],[7.386,43.722],[7.384,43.722],[7.381,43.722],[7.374,43.718],[7.372,43.717],[7.369,43.719],[7.366,43.720],[7.364,43.721],[7.362,43.721],[7.360,43.722],[7.358,43.721],[7.355,43.720],[7.351,43.717],[7.350,43.714],[7.348,43.714],[7.344,43.713],[7.341,43.713],[7.340,43.712],[7.337,43.711],[7.339,43.709],[7.336,43.710],[7.335,43.708],[7.337,43.706],[7.334,43.704],[7.334,43.702],[7.332,43.704],[7.329,43.702],[7.330,43.700],[7.329,43.699],[7.331,43.698],[7.331,43.696],[7.333,43.693],[7.333,43.689],[7.338,43.688],[7.339,43.687],[7.340,43.687],[7.341,43.686],[7.343,43.685],[7.344,43.687],[7.347,43.687],[7.349,43.687],[7.348,43.685],[7.345,43.684],[7.341,43.682],[7.339,43.685],[7.338,43.685],[7.338,43.683],[7.337,43.683],[7.337,43.686],[7.335,43.686],[7.334,43.683],[7.335,43.678],[7.333,43.675],[7.331,43.674],[7.329,43.674],[7.326,43.674],[7.324,43.676],[7.324,43.678],[7.323,43.680],[7.324,43.681],[7.324,43.683],[7.322,43.684],[7.323,43.685],[7.322,43.687],[7.320,43.687],[7.319,43.690],[7.320,43.691],[7.324,43.693],[7.324,43.695],[7.325,43.694],[7.326,43.696],[7.325,43.697],[7.325,43.700],[7.323,43.700],[7.321,43.700],[7.320,43.702],[7.320,43.704],[7.317,43.705],[7.314,43.706],[7.312,43.705],[7.311,43.701],[7.308,43.698],[7.306,43.698],[7.307,43.694],[7.308,43.692],[7.307,43.687],[7.305,43.685],[7.304,43.684],[7.303,43.685],[7.299,43.686],[7.294,43.685],[7.293,43.686],[7.294,43.688],[7.293,43.690],[7.291,43.691],[7.289,43.692],[7.285,43.693],[7.285,43.697],[7.284,43.697],[7.284,43.695],[7.283,43.694],[7.284,43.692],[7.280,43.692],[7.278,43.693],[7.276,43.694],[7.272,43.694],[7.268,43.694],[7.262,43.694],[7.256,43.693],[7.247,43.691],[7.243,43.689],[7.240,43.687],[7.237,43.685],[7.232,43.681],[7.230,43.678],[7.231,43.676],[7.231,43.675],[7.229,43.673],[7.229,43.672],[7.228,43.668],[7.230,43.665],[7.225,43.662],[7.225,43.659],[7.222,43.657],[7.221,43.657],[7.218,43.656],[7.218,43.654],[7.213,43.652],[7.211,43.649],[7.213,43.648],[7.211,43.647],[7.208,43.647],[7.206,43.645],[7.200,43.645],[7.199,43.646],[7.199,43.647],[7.202,43.649],[7.202,43.651],[7.200,43.653],[7.198,43.655],[7.194,43.657],[7.186,43.657],[7.179,43.655],[7.175,43.655],[7.171,43.656],[7.170,43.657],[7.167,43.657],[7.161,43.655],[7.156,43.653],[7.151,43.649],[7.146,43.645],[7.145,43.643],[7.146,43.641],[7.144,43.641],[7.142,43.639],[7.140,43.636],[7.140,43.635],[7.137,43.636],[7.137,43.634],[7.139,43.634],[7.139,43.633],[7.137,43.632],[7.135,43.628],[7.130,43.617],[7.127,43.609],[7.126,43.605],[7.125,43.594],[7.126,43.592],[7.129,43.592],[7.130,43.590],[7.129,43.589],[7.126,43.588],[7.123,43.588],[7.121,43.587],[7.122,43.584],[7.126,43.584],[7.127,43.583],[7.129,43.583],[7.129,43.581],[7.128,43.579],[7.127,43.578],[7.125,43.573],[7.127,43.573],[7.129,43.569],[7.131,43.569],[7.133,43.570],[7.134,43.569],[7.139,43.570],[7.140,43.568],[7.138,43.567],[7.139,43.562],[7.138,43.560],[7.136,43.560],[7.135,43.558],[7.135,43.556],[7.134,43.555],[7.137,43.554],[7.140,43.555],[7.142,43.554],[7.144,43.552],[7.145,43.551],[7.141,43.550],[7.140,43.549],[7.138,43.549],[7.137,43.547],[7.138,43.547],[7.136,43.544],[7.132,43.543],[7.129,43.543],[7.129,43.545],[7.127,43.546],[7.123,43.545],[7.120,43.544],[7.123,43.542],[7.121,43.541],[7.119,43.542],[7.119,43.544],[7.120,43.545],[7.118,43.547],[7.116,43.547],[7.119,43.551],[7.121,43.551],[7.122,43.553],[7.121,43.555],[7.121,43.556],[7.121,43.559],[7.119,43.561],[7.117,43.561],[7.115,43.563],[7.114,43.565],[7.112,43.567],[7.104,43.569],[7.099,43.570],[7.096,43.570],[7.093,43.570],[7.084,43.569],[7.082,43.568],[7.078,43.566],[7.074,43.565],[7.069,43.563],[7.065,43.560],[7.063,43.557],[7.062,43.554],[7.059,43.553],[7.057,43.549],[7.054,43.547],[7.051,43.546],[7.048,43.546],[7.043,43.542],[7.040,43.542],[7.040,43.541],[7.039,43.539],[7.038,43.537],[7.039,43.535],[7.037,43.534],[7.035,43.535],[7.036,43.537],[7.035,43.538],[7.032,43.539],[7.034,43.542],[7.032,43.544],[7.032,43.545],[7.026,43.548],[7.023,43.549],[7.018,43.549],[7.016,43.548],[7.016,43.550],[7.012,43.550],[7.012,43.548],[7.012,43.547],[7.008,43.548],[7.004,43.548],[6.993,43.548],[6.987,43.548],[6.984,43.547],[6.982,43.547],[6.977,43.546],[6.971,43.545],[6.963,43.542],[6.959,43.539],[6.955,43.537],[6.948,43.531],[6.950,43.529],[6.950,43.527],[6.945,43.526],[6.943,43.523],[6.941,43.521],[6.941,43.519],[6.940,43.517],[6.938,43.516],[6.937,43.512],[6.937,43.509],[6.939,43.508],[6.941,43.508],[6.942,43.507],[6.946,43.505],[6.950,43.505],[6.952,43.506],[6.954,43.505],[6.954,43.502],[6.957,43.500],[6.955,43.499],[6.954,43.498],[6.956,43.496],[6.954,43.496],[6.951,43.496],[6.949,43.494],[6.949,43.492],[6.947,43.491],[6.947,43.488],[6.948,43.487],[6.948,43.485],[6.946,43.484],[6.945,43.482],[6.942,43.484],[6.941,43.484],[6.938,43.484],[6.936,43.484],[6.932,43.484],[6.931,43.483],[6.931,43.481],[6.933,43.480],[6.931,43.480],[6.931,43.479],[6.933,43.477],[6.932,43.476],[6.929,43.476],[6.931,43.475],[6.930,43.474],[6.927,43.474],[6.924,43.472],[6.923,43.469],[6.924,43.468],[6.924,43.466],[6.924,43.463],[6.923,43.461],[6.923,43.460],[6.922,43.459],[6.922,43.456],[6.923,43.456],[6.922,43.454],[6.920,43.453],[6.921,43.452],[6.922,43.452],[6.923,43.450],[6.919,43.450],[6.920,43.449],[6.918,43.447],[6.915,43.448],[6.914,43.447],[6.910,43.446],[6.909,43.444],[6.904,43.444],[6.905,43.443],[6.901,43.443],[6.899,43.441],[6.899,43.440],[6.896,43.438],[6.896,43.437],[6.892,43.437],[6.893,43.435],[6.896,43.434],[6.891,43.428],[6.888,43.428],[6.887,43.428],[6.884,43.427],[6.882,43.428],[6.878,43.427],[6.879,43.426],[6.875,43.426],[6.870,43.425],[6.869,43.426],[6.871,43.427],[6.871,43.428],[6.868,43.429],[6.867,43.432],[6.865,43.433],[6.862,43.434],[6.859,43.433],[6.857,43.431],[6.857,43.430],[6.857,43.429],[6.859,43.428],[6.858,43.426],[6.856,43.425],[6.858,43.424],[6.858,43.422],[6.860,43.421],[6.859,43.419],[6.859,43.417],[6.860,43.417],[6.859,43.415],[6.856,43.414],[6.856,43.411],[6.854,43.411],[6.852,43.410],[6.850,43.411],[6.847,43.414],[6.845,43.415],[6.842,43.416],[6.838,43.416],[6.834,43.415],[6.833,43.417],[6.830,43.417],[6.829,43.418],[6.827,43.417],[6.822,43.416],[6.820,43.415],[6.818,43.415],[6.814,43.415],[6.809,43.413],[6.807,43.413],[6.806,43.414],[6.802,43.413],[6.799,43.412],[6.797,43.413],[6.794,43.412],[6.794,43.410],[6.788,43.408],[6.787,43.409],[6.784,43.409],[6.782,43.410],[6.782,43.412],[6.780,43.412],[6.778,43.414],[6.775,43.416],[6.774,43.417],[6.769,43.419],[6.769,43.420],[6.765,43.421],[6.766,43.423],[6.763,43.424],[6.759,43.423],[6.753,43.422],[6.748,43.419],[6.745,43.417],[6.739,43.412],[6.735,43.408],[6.733,43.405],[6.733,43.404],[6.729,43.397],[6.728,43.393],[6.730,43.391],[6.731,43.391],[6.732,43.390],[6.730,43.387],[6.728,43.386],[6.728,43.385],[6.725,43.383],[6.726,43.381],[6.724,43.381],[6.723,43.380],[6.721,43.380],[6.720,43.378],[6.721,43.377],[6.720,43.375],[6.717,43.374],[6.717,43.372],[6.714,43.371],[6.714,43.370],[6.714,43.368],[6.713,43.367],[6.714,43.365],[6.713,43.364],[6.715,43.363],[6.717,43.362],[6.717,43.361],[6.718,43.356],[6.714,43.353],[6.712,43.352],[6.715,43.351],[6.715,43.348],[6.716,43.347],[6.711,43.344],[6.705,43.343],[6.702,43.344],[6.698,43.342],[6.695,43.341],[6.693,43.341],[6.690,43.341],[6.688,43.342],[6.685,43.340],[6.681,43.340],[6.680,43.340],[6.677,43.338],[6.675,43.337],[6.671,43.335],[6.671,43.334],[6.668,43.332],[6.667,43.328],[6.668,43.327],[6.666,43.325],[6.665,43.325],[6.665,43.323],[6.665,43.319],[6.665,43.318],[6.670,43.314],[6.672,43.314],[6.671,43.312],[6.668,43.312],[6.662,43.313],[6.661,43.314],[6.659,43.313],[6.655,43.312],[6.654,43.311],[6.650,43.309],[6.649,43.307],[6.644,43.306],[6.642,43.305],[6.639,43.306],[6.638,43.307],[6.636,43.307],[6.635,43.307],[6.631,43.304],[6.629,43.304],[6.626,43.303],[6.625,43.299],[6.625,43.296],[6.624,43.296],[6.622,43.296],[6.619,43.295],[6.618,43.294],[6.614,43.293],[6.612,43.291],[6.610,43.291],[6.608,43.289],[6.604,43.287],[6.601,43.286],[6.601,43.285],[6.598,43.284],[6.595,43.284],[6.593,43.283],[6.589,43.282],[6.585,43.279],[6.583,43.277],[6.584,43.273],[6.585,43.272],[6.585,43.270],[6.586,43.268],[6.586,43.267],[6.583,43.268],[6.582,43.267],[6.585,43.265],[6.586,43.263],[6.588,43.263],[6.589,43.264],[6.593,43.262],[6.596,43.262],[6.597,43.263],[6.600,43.263],[6.603,43.262],[6.606,43.263],[6.609,43.263],[6.612,43.264],[6.615,43.263],[6.620,43.264],[6.622,43.264],[6.625,43.267],[6.627,43.266],[6.629,43.267],[6.629,43.268],[6.632,43.269],[6.635,43.272],[6.637,43.271],[6.638,43.271],[6.637,43.273],[6.640,43.274],[6.641,43.273],[6.644,43.274],[6.646,43.273],[6.647,43.272],[6.647,43.270],[6.651,43.270],[6.653,43.270],[6.656,43.267],[6.660,43.265],[6.662,43.264],[6.665,43.264],[6.668,43.266],[6.669,43.268],[6.669,43.271],[6.669,43.275],[6.669,43.276],[6.671,43.276],[6.674,43.277],[6.675,43.278],[6.678,43.278],[6.682,43.274],[6.685,43.273],[6.687,43.273],[6.689,43.272],[6.689,43.271],[6.691,43.270],[6.695,43.266],[6.697,43.266],[6.696,43.263],[6.695,43.261],[6.693,43.261],[6.692,43.259],[6.691,43.256],[6.690,43.255],[6.691,43.252],[6.689,43.251],[6.684,43.251],[6.683,43.250],[6.681,43.248],[6.680,43.248],[6.676,43.244],[6.675,43.244],[6.670,43.245],[6.668,43.245],[6.665,43.243],[6.664,43.241],[6.663,43.238],[6.663,43.232],[6.662,43.225],[6.662,43.223],[6.662,43.217],[6.664,43.211],[6.665,43.210],[6.668,43.210],[6.669,43.209],[6.667,43.207],[6.669,43.205],[6.675,43.204],[6.676,43.203],[6.678,43.201],[6.681,43.199],[6.676,43.197],[6.676,43.196],[6.675,43.195],[6.674,43.196],[6.670,43.196],[6.669,43.195],[6.664,43.194],[6.659,43.196],[6.658,43.195],[6.656,43.195],[6.654,43.193],[6.652,43.192],[6.651,43.190],[6.649,43.189],[6.646,43.187],[6.645,43.187],[6.643,43.187],[6.641,43.186],[6.643,43.183],[6.642,43.182],[6.640,43.181],[6.640,43.179],[6.640,43.175],[6.639,43.173],[6.639,43.172],[6.644,43.171],[6.646,43.169],[6.646,43.167],[6.644,43.167],[6.643,43.168],[6.642,43.169],[6.641,43.171],[6.638,43.172],[6.634,43.172],[6.630,43.170],[6.629,43.169],[6.627,43.168],[6.626,43.166],[6.622,43.164],[6.621,43.162],[6.622,43.160],[6.620,43.159],[6.618,43.159],[6.617,43.161],[6.614,43.165],[6.609,43.166],[6.610,43.167],[6.608,43.170],[6.608,43.171],[6.606,43.173],[6.603,43.173],[6.602,43.174],[6.604,43.175],[6.602,43.178],[6.602,43.180],[6.601,43.182],[6.597,43.184],[6.590,43.185],[6.584,43.185],[6.580,43.186],[6.577,43.185],[6.575,43.186],[6.575,43.187],[6.569,43.186],[6.567,43.187],[6.565,43.187],[6.562,43.189],[6.552,43.187],[6.548,43.186],[6.544,43.184],[6.541,43.182],[6.536,43.178],[6.534,43.175],[6.534,43.172],[6.535,43.171],[6.54,43.170],[6.539,43.168],[6.537,43.167],[6.535,43.167],[6.535,43.166],[6.536,43.164],[6.534,43.163],[6.529,43.165],[6.527,43.164],[6.524,43.165],[6.520,43.164],[6.519,43.163],[6.518,43.162],[6.515,43.161],[6.512,43.158],[6.509,43.158],[6.508,43.155],[6.503,43.155],[6.501,43.155],[6.500,43.154],[6.498,43.153],[6.496,43.153],[6.496,43.151],[6.491,43.151],[6.490,43.152],[6.489,43.152],[6.486,43.152],[6.486,43.151],[6.481,43.153],[6.479,43.154],[6.477,43.156],[6.474,43.155],[6.472,43.154],[6.468,43.154],[6.467,43.156],[6.464,43.157],[6.461,43.157],[6.455,43.154],[6.453,43.155],[6.450,43.153],[6.449,43.153],[6.447,43.151],[6.448,43.149],[6.446,43.147],[6.444,43.145],[6.441,43.143],[6.438,43.142],[6.439,43.144],[6.440,43.145],[6.439,43.147],[6.435,43.149],[6.432,43.150],[6.429,43.151],[6.425,43.151],[6.422,43.149],[6.420,43.148],[6.420,43.146],[6.416,43.148],[6.413,43.149],[6.411,43.149],[6.409,43.147],[6.408,43.148],[6.403,43.149],[6.402,43.148],[6.399,43.146],[6.397,43.144],[6.395,43.143],[6.395,43.145],[6.394,43.145],[6.391,43.144],[6.388,43.143],[6.387,43.144],[6.384,43.144],[6.382,43.142],[6.381,43.140],[6.381,43.138],[6.379,43.137],[6.374,43.136],[6.373,43.137],[6.368,43.136],[6.365,43.133],[6.363,43.127],[6.364,43.123],[6.363,43.122],[6.366,43.121],[6.365,43.120],[6.363,43.119],[6.362,43.121],[6.360,43.120],[6.359,43.119],[6.359,43.115],[6.361,43.112],[6.364,43.111],[6.360,43.109],[6.358,43.108],[6.358,43.106],[6.359,43.105],[6.361,43.104],[6.366,43.103],[6.367,43.102],[6.367,43.099],[6.366,43.096],[6.364,43.095],[6.363,43.093],[6.365,43.093],[6.366,43.091],[6.368,43.092],[6.370,43.091],[6.367,43.090],[6.365,43.090],[6.364,43.086],[6.362,43.087],[6.361,43.088],[6.359,43.089],[6.357,43.088],[6.355,43.089],[6.353,43.088],[6.350,43.088],[6.349,43.088],[6.347,43.088],[6.345,43.090],[6.343,43.090],[6.341,43.088],[6.339,43.089],[6.336,43.089],[6.335,43.090],[6.332,43.089],[6.332,43.091],[6.330,43.091],[6.329,43.093],[6.325,43.092],[6.321,43.091],[6.320,43.092],[6.321,43.093],[6.324,43.094],[6.325,43.095],[6.324,43.099],[6.322,43.100],[6.320,43.100],[6.318,43.102],[6.319,43.103],[6.317,43.104],[6.316,43.106],[6.312,43.107],[6.309,43.108],[6.302,43.107],[6.299,43.106],[6.299,43.108],[6.297,43.110],[6.295,43.109],[6.293,43.107],[6.292,43.109],[6.289,43.106],[6.288,43.109],[6.287,43.109],[6.286,43.111],[6.288,43.111],[6.288,43.114],[6.285,43.115],[6.283,43.115],[6.282,43.116],[6.278,43.116],[6.277,43.118],[6.277,43.119],[6.274,43.120],[6.271,43.120],[6.266,43.120],[6.265,43.120],[6.262,43.121],[6.259,43.120],[6.256,43.118],[6.253,43.118],[6.250,43.117],[6.247,43.115],[6.241,43.114],[6.239,43.113],[6.234,43.113],[6.230,43.113],[6.227,43.113],[6.224,43.113],[6.222,43.114],[6.218,43.114],[6.211,43.116],[6.208,43.116],[6.202,43.115],[6.201,43.116],[6.195,43.113],[6.192,43.109],[6.183,43.108],[6.181,43.107],[6.178,43.105],[6.176,43.103],[6.173,43.100],[6.172,43.100],[6.170,43.099],[6.168,43.097],[6.165,43.094],[6.160,43.089],[6.159,43.086],[6.160,43.085],[6.158,43.084],[6.158,43.082],[6.156,43.082],[6.156,43.080],[6.154,43.079],[6.154,43.076],[6.153,43.075],[6.153,43.071],[6.151,43.067],[6.151,43.065],[6.150,43.064],[6.149,43.056],[6.149,43.051],[6.149,43.045],[6.152,43.037],[6.153,43.035],[6.156,43.034],[6.157,43.034],[6.161,43.033],[6.169,43.034],[6.169,43.034],[6.172,43.032],[6.171,43.032],[6.169,43.032],[6.165,43.031],[6.165,43.031],[6.160,43.030],[6.158,43.029],[6.154,43.027],[6.153,43.028],[6.150,43.027],[6.148,43.025],[6.146,43.027],[6.144,43.028],[6.142,43.029],[6.136,43.030],[6.137,43.031],[6.135,43.032],[6.136,43.034],[6.136,43.035],[6.134,43.036],[6.132,43.035],[6.131,43.034],[6.129,43.034],[6.126,43.035],[6.126,43.034],[6.125,43.033],[6.125,43.031],[6.123,43.031],[6.122,43.032],[6.120,43.032],[6.116,43.034],[6.112,43.035],[6.111,43.033],[6.110,43.032],[6.108,43.032],[6.107,43.030],[6.105,43.030],[6.103,43.030],[6.103,43.028],[6.103,43.027],[6.101,43.027],[6.100,43.029],[6.097,43.027],[6.095,43.029],[6.095,43.030],[6.097,43.032],[6.096,43.033],[6.093,43.033],[6.092,43.034],[6.091,43.035],[6.091,43.036],[6.093,43.037],[6.092,43.038],[6.093,43.040],[6.095,43.039],[6.100,43.040],[6.101,43.040],[6.104,43.042],[6.106,43.040],[6.110,43.039],[6.114,43.039],[6.117,43.038],[6.119,43.039],[6.122,43.040],[6.124,43.040],[6.128,43.042],[6.131,43.048],[6.133,43.054],[6.132,43.059],[6.131,43.062],[6.130,43.063],[6.130,43.065],[6.127,43.073],[6.125,43.078],[6.124,43.079],[6.118,43.080],[6.117,43.081],[6.113,43.083],[6.109,43.083],[6.104,43.083],[6.099,43.083],[6.095,43.084],[6.092,43.085],[6.086,43.087],[6.085,43.086],[6.082,43.087],[6.079,43.087],[6.078,43.087],[6.076,43.086],[6.074,43.084],[6.070,43.085],[6.068,43.083],[6.063,43.082],[6.061,43.082],[6.057,43.082],[6.056,43.081],[6.052,43.080],[6.051,43.078],[6.043,43.079],[6.043,43.078],[6.037,43.078],[6.032,43.077],[6.027,43.078],[6.027,43.078],[6.021,43.078],[6.019,43.080],[6.017,43.081],[6.016,43.083],[6.021,43.085],[6.021,43.087],[6.024,43.090],[6.024,43.091],[6.023,43.094],[6.019,43.096],[6.019,43.098],[6.014,43.098],[6.013,43.100],[6.011,43.101],[6.005,43.103],[6.001,43.103],[5.999,43.104],[5.993,43.104],[5.992,43.103],[5.990,43.104],[5.989,43.104],[5.985,43.106],[5.981,43.106],[5.979,43.106],[5.977,43.105],[5.976,43.107],[5.974,43.107],[5.971,43.106],[5.972,43.104],[5.970,43.104],[5.968,43.103],[5.967,43.104],[5.963,43.106],[5.958,43.107],[5.955,43.108],[5.954,43.106],[5.950,43.106],[5.948,43.107],[5.947,43.106],[5.944,43.107],[5.944,43.106],[5.941,43.106],[5.940,43.107],[5.937,43.106],[5.933,43.104],[5.932,43.103],[5.930,43.102],[5.928,43.102],[5.925,43.102],[5.925,43.103],[5.930,43.111],[5.930,43.113],[5.931,43.113],[5.934,43.113],[5.933,43.116],[5.932,43.117],[5.934,43.118],[5.929,43.120],[5.928,43.120],[5.927,43.118],[5.926,43.115],[5.922,43.115],[5.922,43.118],[5.922,43.119],[5.927,43.119],[5.927,43.121],[5.923,43.123],[5.921,43.121],[5.920,43.123],[5.917,43.121],[5.919,43.121],[5.919,43.120],[5.913,43.119],[5.913,43.120],[5.914,43.122],[5.912,43.122],[5.910,43.119],[5.907,43.118],[5.907,43.116],[5.911,43.116],[5.910,43.115],[5.900,43.113],[5.899,43.113],[5.895,43.114],[5.897,43.116],[5.896,43.116],[5.894,43.114],[5.893,43.115],[5.885,43.116],[5.884,43.113],[5.886,43.112],[5.885,43.110],[5.887,43.110],[5.891,43.109],[5.891,43.107],[5.881,43.109],[5.881,43.107],[5.886,43.107],[5.885,43.105],[5.883,43.107],[5.880,43.105],[5.882,43.104],[5.883,43.102],[5.888,43.103],[5.895,43.102],[5.896,43.103],[5.901,43.104],[5.904,43.102],[5.906,43.101],[5.909,43.100],[5.909,43.099],[5.907,43.098],[5.908,43.095],[5.911,43.094],[5.910,43.093],[5.907,43.092],[5.905,43.093],[5.901,43.091],[5.899,43.089],[5.899,43.087],[5.894,43.081],[5.896,43.080],[5.900,43.081],[5.900,43.079],[5.906,43.078],[5.909,43.079],[5.912,43.083],[5.914,43.083],[5.917,43.085],[5.921,43.084],[5.921,43.083],[5.922,43.081],[5.924,43.078],[5.927,43.077],[5.928,43.078],[5.926,43.080],[5.928,43.082],[5.930,43.081],[5.931,43.082],[5.938,43.084],[5.944,43.081],[5.946,43.079],[5.949,43.078],[5.950,43.076],[5.951,43.073],[5.951,43.072],[5.947,43.069],[5.947,43.067],[5.943,43.066],[5.942,43.067],[5.941,43.068],[5.939,43.070],[5.937,43.070],[5.936,43.071],[5.932,43.071],[5.930,43.071],[5.928,43.071],[5.926,43.069],[5.922,43.069],[5.921,43.068],[5.919,43.068],[5.916,43.067],[5.914,43.067],[5.912,43.065],[5.909,43.067],[5.907,43.070],[5.906,43.072],[5.903,43.073],[5.901,43.073],[5.899,43.074],[5.899,43.076],[5.898,43.077],[5.896,43.078],[5.892,43.078],[5.890,43.078],[5.886,43.076],[5.885,43.074],[5.882,43.072],[5.880,43.072],[5.878,43.070],[5.875,43.068],[5.872,43.069],[5.872,43.065],[5.870,43.065],[5.868,43.063],[5.867,43.061],[5.865,43.059],[5.863,43.057],[5.862,43.055],[5.862,43.053],[5.862,43.051],[5.860,43.049],[5.859,43.048],[5.853,43.048],[5.849,43.049],[5.847,43.049],[5.846,43.048],[5.843,43.047],[5.839,43.048],[5.838,43.049],[5.834,43.049],[5.831,43.048],[5.828,43.049],[5.827,43.050],[5.826,43.052],[5.824,43.053],[5.821,43.053],[5.819,43.057],[5.819,43.059],[5.816,43.061],[5.816,43.062],[5.815,43.063],[5.812,43.063],[5.806,43.067],[5.804,43.067],[5.801,43.068],[5.798,43.068],[5.795,43.069],[5.793,43.068],[5.792,43.068],[5.794,43.071],[5.794,43.072],[5.796,43.074],[5.799,43.074],[5.803,43.076],[5.803,43.078],[5.806,43.080],[5.806,43.081],[5.804,43.082],[5.805,43.083],[5.805,43.084],[5.805,43.086],[5.808,43.087],[5.807,43.089],[5.808,43.091],[5.808,43.092],[5.811,43.092],[5.812,43.095],[5.811,43.098],[5.808,43.098],[5.805,43.099],[5.805,43.101],[5.809,43.101],[5.813,43.105],[5.813,43.106],[5.811,43.110],[5.811,43.112],[5.808,43.115],[5.804,43.114],[5.802,43.116],[5.803,43.117],[5.800,43.117],[5.799,43.115],[5.798,43.114],[5.791,43.112],[5.788,43.113],[5.790,43.114],[5.788,43.116],[5.785,43.115],[5.783,43.116],[5.777,43.116],[5.777,43.116],[5.770,43.116],[5.767,43.115],[5.766,43.116],[5.769,43.117],[5.773,43.120],[5.775,43.120],[5.777,43.122],[5.773,43.123],[5.774,43.125],[5.773,43.125],[5.776,43.127],[5.778,43.128],[5.780,43.130],[5.781,43.130],[5.779,43.134],[5.775,43.137],[5.771,43.138],[5.766,43.139],[5.762,43.137],[5.761,43.136],[5.759,43.136],[5.757,43.135],[5.756,43.136],[5.754,43.135],[5.752,43.133],[5.752,43.130],[5.749,43.130],[5.748,43.132],[5.749,43.132],[5.750,43.134],[5.749,43.135],[5.747,43.134],[5.741,43.134],[5.740,43.133],[5.738,43.134],[5.737,43.135],[5.734,43.136],[5.732,43.135],[5.728,43.135],[5.726,43.136],[5.724,43.136],[5.723,43.137],[5.721,43.140],[5.720,43.141],[5.720,43.144],[5.719,43.146],[5.717,43.147],[5.716,43.148],[5.714,43.146],[5.712,43.145],[5.712,43.144],[5.709,43.145],[5.709,43.146],[5.707,43.146],[5.707,43.144],[5.704,43.145],[5.701,43.143],[5.698,43.143],[5.696,43.143],[5.694,43.143],[5.693,43.147],[5.694,43.148],[5.691,43.152],[5.687,43.153],[5.685,43.154],[5.683,43.154],[5.682,43.155],[5.683,43.157],[5.683,43.159],[5.682,43.160],[5.685,43.162],[5.690,43.163],[5.690,43.164],[5.692,43.164],[5.694,43.166],[5.694,43.168],[5.695,43.169],[5.694,43.171],[5.692,43.174],[5.689,43.177],[5.686,43.179],[5.684,43.180],[5.681,43.179],[5.679,43.178],[5.676,43.178],[5.676,43.178],[5.674,43.177],[5.671,43.179],[5.668,43.179],[5.666,43.182],[5.663,43.181],[5.662,43.182],[5.660,43.181],[5.657,43.184],[5.653,43.186],[5.651,43.188],[5.647,43.188],[5.646,43.187],[5.644,43.187],[5.642,43.189],[5.638,43.189],[5.633,43.188],[5.630,43.186],[5.628,43.186],[5.627,43.186],[5.624,43.186],[5.621,43.186],[5.615,43.182],[5.614,43.180],[5.613,43.181],[5.611,43.178],[5.610,43.172],[5.608,43.173],[5.607,43.174],[5.606,43.172],[5.607,43.171],[5.610,43.171],[5.608,43.169],[5.610,43.167],[5.613,43.170],[5.614,43.169],[5.610,43.165],[5.608,43.166],[5.605,43.165],[5.607,43.163],[5.607,43.160],[5.604,43.160],[5.598,43.164],[5.596,43.164],[5.594,43.164],[5.592,43.165],[5.589,43.166],[5.588,43.166],[5.588,43.168],[5.585,43.168],[5.581,43.169],[5.579,43.171],[5.575,43.172],[5.571,43.173],[5.569,43.174],[5.569,43.176],[5.567,43.178],[5.564,43.179],[5.564,43.180],[5.558,43.184],[5.556,43.186],[5.556,43.187],[5.552,43.189],[5.550,43.192],[5.547,43.196],[5.547,43.198],[5.547,43.200],[5.548,43.202],[5.548,43.205],[5.549,43.206],[5.549,43.208],[5.545,43.208],[5.545,43.210],[5.541,43.209],[5.539,43.208],[5.539,43.210],[5.538,43.212],[5.535,43.212],[5.535,43.214],[5.531,43.212],[5.530,43.210],[5.524,43.208],[5.523,43.206],[5.520,43.204],[5.518,43.204],[5.515,43.203],[5.513,43.204],[5.515,43.204],[5.515,43.205],[5.512,43.204],[5.512,43.202],[5.513,43.201],[5.509,43.197],[5.508,43.201],[5.505,43.199],[5.502,43.200],[5.502,43.199],[5.504,43.198],[5.499,43.196],[5.496,43.198],[5.494,43.200],[5.494,43.202],[5.492,43.203],[5.491,43.202],[5.489,43.203],[5.484,43.204],[5.483,43.205],[5.480,43.205],[5.478,43.203],[5.473,43.205],[5.470,43.205],[5.470,43.207],[5.468,43.208],[5.464,43.208],[5.462,43.209],[5.460,43.209],[5.458,43.211],[5.457,43.211],[5.453,43.209],[5.448,43.210],[5.447,43.211],[5.445,43.211],[5.447,43.208],[5.446,43.207],[5.448,43.206],[5.450,43.205],[5.452,43.203],[5.454,43.203],[5.454,43.202],[5.450,43.202],[5.448,43.202],[5.446,43.205],[5.444,43.204],[5.439,43.206],[5.438,43.207],[5.436,43.206],[5.432,43.207],[5.431,43.208],[5.429,43.209],[5.427,43.210],[5.426,43.209],[5.424,43.210],[5.420,43.210],[5.420,43.209],[5.423,43.208],[5.426,43.205],[5.426,43.203],[5.422,43.204],[5.417,43.207],[5.416,43.207],[5.411,43.208],[5.408,43.210],[5.408,43.211],[5.405,43.211],[5.404,43.212],[5.398,43.212],[5.397,43.212],[5.393,43.212],[5.389,43.212],[5.387,43.210],[5.382,43.209],[5.379,43.210],[5.375,43.209],[5.373,43.208],[5.372,43.208],[5.368,43.207],[5.363,43.207],[5.360,43.209],[5.356,43.208],[5.353,43.21],[5.352,43.211],[5.350,43.211],[5.347,43.212],[5.345,43.212],[5.341,43.212],[5.340,43.213],[5.342,43.216],[5.345,43.216],[5.344,43.218],[5.344,43.221],[5.346,43.225],[5.347,43.227],[5.347,43.229],[5.350,43.232],[5.352,43.233],[5.355,43.232],[5.359,43.235],[5.360,43.237],[5.361,43.237],[5.362,43.239],[5.362,43.243],[5.365,43.242],[5.366,43.242],[5.368,43.244],[5.367,43.245],[5.369,43.245],[5.370,43.244],[5.372,43.245],[5.373,43.246],[5.373,43.247],[5.374,43.248],[5.375,43.251],[5.373,43.252],[5.374,43.253],[5.374,43.255],[5.376,43.255],[5.375,43.258],[5.374,43.259],[5.372,43.259],[5.371,43.259],[5.372,43.261],[5.370,43.263],[5.367,43.264],[5.368,43.266],[5.370,43.265],[5.370,43.267],[5.367,43.268],[5.363,43.270],[5.361,43.274],[5.360,43.274],[5.358,43.276],[5.353,43.278],[5.353,43.279],[5.350,43.279],[5.347,43.280],[5.345,43.281],[5.346,43.282],[5.347,43.282],[5.349,43.283],[5.349,43.285],[5.352,43.288],[5.354,43.289],[5.354,43.291],[5.353,43.292],[5.354,43.293],[5.357,43.295],[5.358,43.294],[5.361,43.292],[5.364,43.292],[5.368,43.293],[5.373,43.294],[5.372,43.296],[5.366,43.295],[5.363,43.294],[5.360,43.295],[5.359,43.297],[5.362,43.299],[5.362,43.301],[5.360,43.301],[5.361,43.303],[5.364,43.304],[5.362,43.305],[5.364,43.312],[5.361,43.311],[5.360,43.312],[5.364,43.314],[5.363,43.315],[5.361,43.315],[5.360,43.316],[5.358,43.315],[5.358,43.316],[5.361,43.317],[5.360,43.318],[5.357,43.318],[5.356,43.319],[5.359,43.320],[5.362,43.320],[5.362,43.321],[5.358,43.325],[5.357,43.325],[5.358,43.323],[5.357,43.322],[5.355,43.320],[5.354,43.321],[5.356,43.322],[5.355,43.324],[5.352,43.323],[5.351,43.324],[5.353,43.325],[5.349,43.329],[5.348,43.328],[5.347,43.329],[5.350,43.331],[5.349,43.331],[5.345,43.331],[5.345,43.333],[5.352,43.332],[5.351,43.334],[5.342,43.335],[5.341,43.336],[5.345,43.336],[5.343,43.339],[5.337,43.339],[5.328,43.344],[5.329,43.345],[5.331,43.344],[5.336,43.342],[5.339,43.341],[5.340,43.342],[5.339,43.343],[5.341,43.344],[5.331,43.350],[5.330,43.350],[5.326,43.352],[5.326,43.353],[5.324,43.354],[5.321,43.352],[5.317,43.355],[5.316,43.354],[5.321,43.351],[5.320,43.351],[5.316,43.353],[5.315,43.352],[5.314,43.354],[5.316,43.356],[5.322,43.354],[5.324,43.355],[5.322,43.357],[5.322,43.355],[5.318,43.357],[5.317,43.358],[5.314,43.360],[5.308,43.361],[5.296,43.359],[5.295,43.358],[5.293,43.358],[5.288,43.356],[5.286,43.354],[5.285,43.355],[5.282,43.353],[5.278,43.351],[5.278,43.350],[5.275,43.348],[5.271,43.345],[5.268,43.343],[5.265,43.343],[5.265,43.341],[5.262,43.341],[5.261,43.341],[5.259,43.339],[5.257,43.339],[5.258,43.337],[5.255,43.337],[5.255,43.338],[5.251,43.335],[5.246,43.333],[5.243,43.332],[5.243,43.331],[5.241,43.331],[5.239,43.331],[5.237,43.331],[5.236,43.330],[5.233,43.330],[5.230,43.329],[5.229,43.328],[5.226,43.328],[5.224,43.328],[5.219,43.328],[5.220,43.330],[5.218,43.331],[5.217,43.330],[5.217,43.329],[5.214,43.329],[5.207,43.329],[5.206,43.330],[5.201,43.331],[5.198,43.331],[5.197,43.331],[5.194,43.330],[5.194,43.330],[5.191,43.329],[5.185,43.331],[5.184,43.332],[5.181,43.331],[5.178,43.331],[5.177,43.333],[5.175,43.334],[5.173,43.334],[5.171,43.332],[5.170,43.329],[5.168,43.328],[5.165,43.328],[5.165,43.327],[5.162,43.326],[5.159,43.328],[5.159,43.327],[5.156,43.327],[5.153,43.329],[5.153,43.330],[5.151,43.330],[5.150,43.326],[5.144,43.326],[5.141,43.329],[5.140,43.329],[5.137,43.327],[5.134,43.329],[5.132,43.327],[5.128,43.328],[5.126,43.329],[5.125,43.328],[5.123,43.329],[5.122,43.328],[5.117,43.328],[5.115,43.328],[5.110,43.328],[5.109,43.330],[5.107,43.330],[5.107,43.329],[5.099,43.329],[5.098,43.328],[5.095,43.328],[5.093,43.331],[5.092,43.332],[5.087,43.332],[5.087,43.331],[5.084,43.330],[5.084,43.329],[5.081,43.327],[5.078,43.328],[5.075,43.328],[5.072,43.328],[5.070,43.328],[5.071,43.330],[5.069,43.331],[5.065,43.331],[5.063,43.330],[5.062,43.331],[5.060,43.330],[5.060,43.328],[5.060,43.326],[5.058,43.327],[5.054,43.325],[5.053,43.324],[5.050,43.324],[5.048,43.326],[5.050,43.328],[5.050,43.330],[5.05,43.331],[5.048,43.331],[5.047,43.329],[5.046,43.328],[5.044,43.328],[5.042,43.331],[5.041,43.329],[5.042,43.327],[5.041,43.327],[5.039,43.328],[5.037,43.329],[5.034,43.332],[5.032,43.332],[5.029,43.335],[5.027,43.338],[5.023,43.339],[5.019,43.342],[5.019,43.344],[5.018,43.346],[5.021,43.346],[5.023,43.345],[5.024,43.345],[5.025,43.347],[5.023,43.347],[5.021,43.349],[5.023,43.353],[5.023,43.352],[5.025,43.352],[5.025,43.355],[5.022,43.355],[5.018,43.357],[5.017,43.357],[5.017,43.359],[5.012,43.362],[5.013,43.364],[5.011,43.364],[5.012,43.366],[5.011,43.368],[5.014,43.369],[5.008,43.369],[5.006,43.372],[5.002,43.374],[5.000,43.376],[5.000,43.378],[5.001,43.379],[4.997,43.380],[4.996,43.383],[4.993,43.384],[4.992,43.386],[4.991,43.385],[4.989,43.386],[4.990,43.387],[4.992,43.387],[4.988,43.391],[4.986,43.392],[4.988,43.393],[4.989,43.392],[4.991,43.395],[4.993,43.395],[4.994,43.394],[5.001,43.398],[4.997,43.401],[4.995,43.403],[4.991,43.403],[4.989,43.404],[4.988,43.402],[4.987,43.402],[4.987,43.406],[4.986,43.405],[4.986,43.403],[4.983,43.403],[4.982,43.396],[4.980,43.397],[4.978,43.400],[4.974,43.401],[4.973,43.402],[4.974,43.403],[4.976,43.404],[4.977,43.405],[4.977,43.407],[4.976,43.408],[4.975,43.410],[4.972,43.413],[4.971,43.415],[4.973,43.416],[4.973,43.420],[4.97,43.424],[4.967,43.426],[4.962,43.427],[4.959,43.427],[4.949,43.429],[4.943,43.428],[4.941,43.428],[4.941,43.426],[4.938,43.426],[4.938,43.428],[4.940,43.429],[4.938,43.431],[4.931,43.433],[4.927,43.432],[4.919,43.430],[4.913,43.428],[4.910,43.427],[4.909,43.424],[4.908,43.422],[4.906,43.421],[4.906,43.419],[4.902,43.418],[4.899,43.417],[4.895,43.416],[4.892,43.415],[4.890,43.414],[4.888,43.412],[4.894,43.404],[4.893,43.404],[4.886,43.412],[4.884,43.413],[4.886,43.414],[4.888,43.416],[4.888,43.420],[4.892,43.423],[4.896,43.426],[4.903,43.427],[4.903,43.429],[4.901,43.429],[4.895,43.427],[4.892,43.428],[4.891,43.427],[4.888,43.426],[4.886,43.424],[4.883,43.419],[4.882,43.419],[4.878,43.424],[4.877,43.425],[4.875,43.426],[4.872,43.430],[4.872,43.432],[4.869,43.432],[4.867,43.432],[4.866,43.435],[4.865,43.439],[4.864,43.441],[4.862,43.448],[4.860,43.450],[4.862,43.451],[4.860,43.453],[4.850,43.450],[4.853,43.445],[4.858,43.441],[4.871,43.421],[4.873,43.417],[4.877,43.410],[4.871,43.408],[4.866,43.404],[4.865,43.404],[4.864,43.406],[4.852,43.413],[4.851,43.415],[4.850,43.417],[4.847,43.417],[4.846,43.417],[4.830,43.427],[4.829,43.429],[4.828,43.429],[4.828,43.427],[4.824,43.424],[4.824,43.423],[4.839,43.415],[4.839,43.414],[4.842,43.413],[4.861,43.400],[4.858,43.401],[4.856,43.400],[4.854,43.398],[4.850,43.398],[4.850,43.398],[4.843,43.402],[4.841,43.403],[4.839,43.401],[4.835,43.398],[4.836,43.397],[4.838,43.394],[4.841,43.394],[4.842,43.395],[4.844,43.393],[4.848,43.391],[4.851,43.393],[4.852,43.394],[4.853,43.391],[4.854,43.390],[4.851,43.390],[4.853,43.388],[4.871,43.390],[4.871,43.390],[4.854,43.388],[4.855,43.387],[4.852,43.383],[4.850,43.383],[4.849,43.383],[4.849,43.380],[4.850,43.377],[4.848,43.378],[4.843,43.378],[4.841,43.376],[4.834,43.376],[4.828,43.375],[4.830,43.375],[4.834,43.375],[4.842,43.375],[4.843,43.374],[4.846,43.373],[4.847,43.371],[4.849,43.371],[4.849,43.372],[4.850,43.373],[4.850,43.374],[4.851,43.376],[4.854,43.371],[4.856,43.370],[4.857,43.368],[4.859,43.367],[4.860,43.370],[4.862,43.368],[4.864,43.365],[4.866,43.367],[4.864,43.368],[4.866,43.369],[4.867,43.368],[4.868,43.366],[4.870,43.365],[4.870,43.364],[4.872,43.362],[4.873,43.361],[4.879,43.358],[4.879,43.356],[4.883,43.356],[4.884,43.358],[4.882,43.362],[4.882,43.363],[4.890,43.365],[4.891,43.367],[4.894,43.369],[4.897,43.369],[4.902,43.370],[4.903,43.372],[4.907,43.373],[4.908,43.374],[4.909,43.377],[4.912,43.379],[4.913,43.382],[4.912,43.384],[4.911,43.387],[4.911,43.387],[4.916,43.383],[4.916,43.381],[4.917,43.379],[4.916,43.376],[4.912,43.374],[4.908,43.371],[4.896,43.362],[4.892,43.360],[4.888,43.357],[4.880,43.351],[4.877,43.348],[4.870,43.344],[4.868,43.343],[4.861,43.338],[4.860,43.336],[4.855,43.332],[4.851,43.332],[4.848,43.333],[4.841,43.330],[4.838,43.329],[4.835,43.328],[4.833,43.329],[4.832,43.330],[4.829,43.332],[4.823,43.335],[4.813,43.339],[4.801,43.343],[4.795,43.345],[4.783,43.347],[4.773,43.348],[4.765,43.349],[4.758,43.350],[4.753,43.350],[4.737,43.350],[4.730,43.350],[4.717,43.350],[4.713,43.348],[4.712,43.349],[4.705,43.347],[4.702,43.348],[4.692,43.348],[4.686,43.347],[4.680,43.345],[4.676,43.346],[4.671,43.346],[4.664,43.346],[4.661,43.346],[4.659,43.346],[4.652,43.348],[4.648,43.348],[4.644,43.349],[4.643,43.349],[4.642,43.350],[4.637,43.350],[4.638,43.351],[4.627,43.351],[4.624,43.352],[4.613,43.353],[4.604,43.355],[4.595,43.357],[4.585,43.360],[4.577,43.363],[4.572,43.365],[4.567,43.368],[4.562,43.372],[4.560,43.373],[4.558,43.376],[4.556,43.38],[4.555,43.382],[4.556,43.385],[4.557,43.388],[4.559,43.389],[4.562,43.392],[4.565,43.393],[4.567,43.390],[4.574,43.393],[4.580,43.397],[4.582,43.397],[4.587,43.400],[4.592,43.405],[4.592,43.409],[4.592,43.413],[4.590,43.417],[4.588,43.422],[4.585,43.427],[4.582,43.430],[4.577,43.434],[4.573,43.437],[4.568,43.440],[4.562,43.443],[4.554,43.446],[4.547,43.448],[4.530,43.452],[4.527,43.452],[4.519,43.454],[4.513,43.455],[4.502,43.455],[4.490,43.456],[4.471,43.456],[4.465,43.457],[4.457,43.456],[4.450,43.456],[4.446,43.455],[4.445,43.454],[4.440,43.454],[4.435,43.452],[4.437,43.451],[4.435,43.450],[4.433,43.450],[4.431,43.449],[4.428,43.449],[4.423,43.448],[4.422,43.449],[4.421,43.447],[4.417,43.448],[4.410,43.448],[4.404,43.448],[4.401,43.446],[4.398,43.447],[4.393,43.449],[4.387,43.451],[4.382,43.452],[4.374,43.452],[4.359,43.453],[4.353,43.453],[4.349,43.454],[4.340,43.454],[4.339,43.454],[4.326,43.455],[4.316,43.455],[4.309,43.456],[4.299,43.456],[4.296,43.457],[4.288,43.457],[4.286,43.456],[4.283,43.457],[4.278,43.457],[4.274,43.457],[4.261,43.458],[4.254,43.458],[4.251,43.458],[4.235,43.46],[4.230,43.460],[4.231,43.472],[4.232,43.474],[4.230,43.478],[4.232,43.481],[4.235,43.487],[4.239,43.493],[4.237,43.496],[4.239,43.499],[4.243,43.500],[4.254,43.504],[4.258,43.507],[4.263,43.508],[4.271,43.508],[4.277,43.509],[4.288,43.513],[4.295,43.514],[4.297,43.515],[4.302,43.518],[4.306,43.521],[4.308,43.524],[4.310,43.525],[4.314,43.524],[4.316,43.524],[4.320,43.525],[4.324,43.528],[4.322,43.530],[4.318,43.532],[4.316,43.534],[4.313,43.538],[4.307,43.545],[4.308,43.548],[4.311,43.551],[4.315,43.551],[4.317,43.552],[4.317,43.553],[4.313,43.555],[4.319,43.557],[4.320,43.556],[4.322,43.554],[4.322,43.551],[4.316,43.548],[4.315,43.546],[4.316,43.544],[4.317,43.543],[4.321,43.541],[4.325,43.539],[4.330,43.536],[4.334,43.535],[4.338,43.537],[4.344,43.540],[4.347,43.542],[4.349,43.542],[4.349,43.544],[4.350,43.546],[4.353,43.547],[4.359,43.547],[4.365,43.547],[4.368,43.548],[4.372,43.549],[4.381,43.553],[4.384,43.554],[4.385,43.557],[4.386,43.559],[4.387,43.562],[4.389,43.562],[4.393,43.561],[4.397,43.560],[4.400,43.559],[4.403,43.559],[4.405,43.559],[4.409,43.561],[4.413,43.564],[4.415,43.566],[4.416,43.569],[4.416,43.571],[4.415,43.572],[4.412,43.572],[4.408,43.572],[4.406,43.572],[4.404,43.572],[4.402,43.572],[4.404,43.574],[4.408,43.576],[4.414,43.579],[4.42,43.582],[4.425,43.585],[4.428,43.585],[4.433,43.585],[4.443,43.583],[4.447,43.583],[4.450,43.583],[4.455,43.585],[4.460,43.589],[4.462,43.592],[4.466,43.599],[4.469,43.600],[4.472,43.602],[4.474,43.603],[4.475,43.606],[4.475,43.608],[4.472,43.612],[4.469,43.614],[4.466,43.615],[4.462,43.614],[4.459,43.613],[4.454,43.611],[4.448,43.610],[4.443,43.609],[4.439,43.610],[4.436,43.612],[4.431,43.616],[4.427,43.620],[4.426,43.622],[4.426,43.624],[4.428,43.627],[4.431,43.630],[4.434,43.633],[4.438,43.644],[4.440,43.649],[4.444,43.654],[4.447,43.658],[4.451,43.664],[4.454,43.666],[4.457,43.668],[4.464,43.669],[4.470,43.669],[4.475,43.671],[4.477,43.672],[4.478,43.674],[4.478,43.676],[4.476,43.681],[4.475,43.684],[4.477,43.689],[4.478,43.691],[4.481,43.694],[4.484,43.697],[4.487,43.699],[4.491,43.700],[4.496,43.701],[4.503,43.702],[4.515,43.702],[4.524,43.702],[4.527,43.702],[4.531,43.705],[4.533,43.706],[4.536,43.707],[4.539,43.707],[4.545,43.705],[4.547,43.703],[4.552,43.701],[4.558,43.699],[4.563,43.698],[4.576,43.697],[4.578,43.697],[4.581,43.696],[4.584,43.694],[4.586,43.691],[4.589,43.689],[4.593,43.687],[4.597,43.686],[4.601,43.685],[4.605,43.686],[4.613,43.688],[4.616,43.688],[4.618,43.688],[4.622,43.687],[4.625,43.685],[4.627,43.685],[4.627,43.688],[4.627,43.690],[4.625,43.695],[4.623,43.699],[4.616,43.706],[4.614,43.709],[4.613,43.714],[4.612,43.718],[4.612,43.724],[4.613,43.729],[4.616,43.734],[4.622,43.743],[4.625,43.749],[4.627,43.756],[4.629,43.761],[4.632,43.764],[4.632,43.765],[4.639,43.771],[4.639,43.772],[4.642,43.773],[4.643,43.774],[4.648,43.779],[4.651,43.782],[4.651,43.784],[4.652,43.788],[4.652,43.789],[4.653,43.796],[4.654,43.798],[4.654,43.803],[4.654,43.804],[4.655,43.807],[4.653,43.811],[4.652,43.816],[4.651,43.818],[4.647,43.822],[4.646,43.825],[4.644,43.825],[4.642,43.828],[4.642,43.831],[4.643,43.833],[4.646,43.835],[4.651,43.838],[4.650,43.839],[4.653,43.840],[4.657,43.841],[4.663,43.842],[4.666,43.844],[4.666,43.846],[4.665,43.850],[4.665,43.850],[4.662,43.852],[4.660,43.853],[4.656,43.852],[4.654,43.852],[4.651,43.852],[4.648,43.851],[4.645,43.849],[4.641,43.851],[4.642,43.854],[4.644,43.854],[4.647,43.856],[4.648,43.858],[4.647,43.860],[4.644,43.861],[4.642,43.863],[4.641,43.867],[4.643,43.868],[4.648,43.869],[4.650,43.869],[4.654,43.872],[4.656,43.873],[4.656,43.874],[4.659,43.875],[4.660,43.875],[4.662,43.870],[4.665,43.872],[4.665,43.875],[4.670,43.877],[4.676,43.879],[4.682,43.881],[4.688,43.883],[4.689,43.883],[4.692,43.884],[4.695,43.886],[4.698,43.888],[4.699,43.888],[4.701,43.891],[4.704,43.894],[4.707,43.895],[4.709,43.898],[4.706,43.897],[4.699,43.896],[4.700,43.898],[4.705,43.899],[4.713,43.901],[4.720,43.904],[4.723,43.905],[4.727,43.910],[4.730,43.913],[4.740,43.919],[4.740,43.921],[4.739,43.924],[4.742,43.927],[4.744,43.929],[4.75,43.932],[4.759,43.934],[4.761,43.934],[4.768,43.933],[4.773,43.935],[4.774,43.935],[4.779,43.937],[4.782,43.941],[4.786,43.944],[4.788,43.947],[4.792,43.953],[4.797,43.956],[4.808,43.960],[4.811,43.961],[4.814,43.964],[4.815,43.967],[4.813,43.970],[4.811,43.974],[4.810,43.977],[4.810,43.979],[4.811,43.985],[4.812,43.987],[4.815,43.988],[4.819,43.988],[4.829,43.985],[4.831,43.985],[4.837,43.985],[4.842,43.986],[4.844,43.989],[4.844,43.991],[4.844,43.993],[4.845,43.996],[4.844,44.000],[4.844,44.005],[4.843,44.009],[4.840,44.012],[4.837,44.014],[4.831,44.015],[4.823,44.016],[4.821,44.016],[4.818,44.019],[4.817,44.025],[4.817,44.028],[4.816,44.032],[4.813,44.035],[4.809,44.037],[4.808,44.039],[4.798,44.046],[4.792,44.049],[4.789,44.052],[4.787,44.054],[4.787,44.055],[4.788,44.060],[4.788,44.063],[4.787,44.065],[4.785,44.067],[4.781,44.068],[4.769,44.071],[4.767,44.072],[4.763,44.074],[4.761,44.075],[4.759,44.075],[4.757,44.077],[4.760,44.078],[4.759,44.081],[4.760,44.086],[4.758,44.087],[4.754,44.088],[4.748,44.087],[4.738,44.083],[4.735,44.082],[4.730,44.079],[4.725,44.078],[4.722,44.079],[4.720,44.081],[4.719,44.083],[4.719,44.090],[4.718,44.092],[4.714,44.096],[4.707,44.103],[4.706,44.107],[4.706,44.109],[4.707,44.113],[4.710,44.118],[4.711,44.122],[4.711,44.129],[4.711,44.134],[4.717,44.141],[4.718,44.144],[4.719,44.148],[4.718,44.152],[4.717,44.158],[4.717,44.161],[4.716,44.165],[4.717,44.171],[4.718,44.173],[4.716,44.176],[4.719,44.177],[4.720,44.179],[4.721,44.183],[4.722,44.187],[4.719,44.189],[4.714,44.191],[4.713,44.191],[4.709,44.191],[4.705,44.192],[4.703,44.197],[4.704,44.200],[4.708,44.204],[4.709,44.208],[4.708,44.211],[4.706,44.214],[4.701,44.216],[4.694,44.215],[4.683,44.212],[4.680,44.212],[4.676,44.212],[4.674,44.214],[4.672,44.216],[4.672,44.218],[4.673,44.221],[4.678,44.229],[4.678,44.231],[4.677,44.234],[4.674,44.238],[4.673,44.239],[4.666,44.243],[4.661,44.247],[4.654,44.254],[4.653,44.256],[4.650,44.261],[4.649,44.263],[4.649,44.270],[4.650,44.274],[4.651,44.277],[4.651,44.282],[4.651,44.286],[4.652,44.290],[4.653,44.297],[4.653,44.302],[4.651,44.306],[4.649,44.309],[4.649,44.311],[4.651,44.322],[4.651,44.326],[4.650,44.329],[4.659,44.326],[4.669,44.322],[4.671,44.323],[4.671,44.324],[4.675,44.323],[4.679,44.320],[4.686,44.320],[4.695,44.320],[4.701,44.320],[4.707,44.320],[4.713,44.320],[4.712,44.323],[4.713,44.325],[4.718,44.325],[4.717,44.326],[4.724,44.326],[4.733,44.326],[4.741,44.325],[4.742,44.325],[4.749,44.325],[4.755,44.325],[4.762,44.325],[4.763,44.324],[4.765,44.322],[4.768,44.321],[4.768,44.319],[4.771,44.317],[4.775,44.317],[4.776,44.319],[4.779,44.319],[4.782,44.315],[4.785,44.313],[4.787,44.313],[4.790,44.307],[4.793,44.306],[4.796,44.304],[4.799,44.303],[4.804,44.303],[4.803,44.300],[4.802,44.296],[4.804,44.293],[4.805,44.291],[4.804,44.287],[4.803,44.285],[4.803,44.279],[4.803,44.278],[4.804,44.277],[4.806,44.273],[4.804,44.269],[4.805,44.268],[4.806,44.267],[4.809,44.263],[4.812,44.257],[4.812,44.255],[4.813,44.252],[4.812,44.251],[4.813,44.247],[4.812,44.242],[4.813,44.237],[4.814,44.232],[4.815,44.231],[4.817,44.229],[4.821,44.228],[4.826,44.228],[4.827,44.230],[4.829,44.230],[4.832,44.231],[4.837,44.236],[4.840,44.235],[4.841,44.239],[4.843,44.241],[4.846,44.240],[4.846,44.241],[4.854,44.245],[4.857,44.245],[4.856,44.247],[4.858,44.248],[4.864,44.249],[4.865,44.249],[4.866,44.252],[4.867,44.255],[4.870,44.256],[4.875,44.260],[4.879,44.261],[4.881,44.261],[4.885,44.261],[4.890,44.262],[4.896,44.264],[4.901,44.264],[4.899,44.262],[4.897,44.259],[4.895,44.257],[4.899,44.256],[4.901,44.259],[4.901,44.260],[4.912,44.260],[4.922,44.259],[4.923,44.261],[4.928,44.262],[4.932,44.262],[4.937,44.266],[4.942,44.269],[4.950,44.271],[4.959,44.274],[4.968,44.277],[4.970,44.279],[4.974,44.280],[4.975,44.282],[4.977,44.282],[4.981,44.284],[4.984,44.285],[4.993,44.285],[4.997,44.285],[4.999,44.286],[5.003,44.286],[5.005,44.286],[5.010,44.290],[5.017,44.292],[5.021,44.294],[5.022,44.295],[5.025,44.296],[5.040,44.300],[5.042,44.301],[5.045,44.301],[5.048,44.303],[5.049,44.303],[5.052,44.304],[5.055,44.305],[5.060,44.308],[5.068,44.299],[5.068,44.295],[5.070,44.289],[5.075,44.286],[5.076,44.284],[5.081,44.283],[5.084,44.282],[5.086,44.283],[5.094,44.282],[5.098,44.281],[5.104,44.279],[5.105,44.277],[5.107,44.277],[5.107,44.280],[5.113,44.283],[5.115,44.284],[5.119,44.286],[5.121,44.288],[5.123,44.288],[5.127,44.290],[5.131,44.292],[5.137,44.294],[5.139,44.296],[5.142,44.296],[5.146,44.299],[5.149,44.301],[5.151,44.302],[5.154,44.301],[5.154,44.303],[5.153,44.305],[5.150,44.309],[5.154,44.311],[5.156,44.311],[5.160,44.312],[5.166,44.314],[5.167,44.314],[5.169,44.313],[5.170,44.309],[5.173,44.309],[5.173,44.308],[5.172,44.305],[5.170,44.303],[5.169,44.301],[5.170,44.299],[5.169,44.297],[5.168,44.295],[5.168,44.293],[5.168,44.289],[5.161,44.289],[5.161,44.287],[5.158,44.286],[5.154,44.285],[5.153,44.283],[5.149,44.282],[5.148,44.279],[5.147,44.275],[5.146,44.271],[5.148,44.269],[5.151,44.268],[5.154,44.267],[5.160,44.266],[5.160,44.266],[5.159,44.262],[5.160,44.258],[5.159,44.257],[5.162,44.254],[5.161,44.253],[5.162,44.250],[5.161,44.245],[5.158,44.242],[5.154,44.239],[5.149,44.235],[5.153,44.232],[5.155,44.233],[5.154,44.230],[5.158,44.228],[5.160,44.229],[5.161,44.227],[5.163,44.226],[5.165,44.224],[5.166,44.225],[5.167,44.225],[5.170,44.223],[5.172,44.222],[5.174,44.220],[5.176,44.220],[5.179,44.220],[5.181,44.218],[5.182,44.219],[5.184,44.219],[5.184,44.218],[5.188,44.220],[5.191,44.218],[5.192,44.219],[5.194,44.218],[5.198,44.216],[5.202,44.216],[5.206,44.213],[5.209,44.213],[5.213,44.215],[5.216,44.215],[5.217,44.214],[5.222,44.213],[5.223,44.214],[5.225,44.215],[5.226,44.214],[5.228,44.213],[5.228,44.212],[5.230,44.211],[5.233,44.213],[5.235,44.212],[5.238,44.213],[5.239,44.220],[5.240,44.230],[5.246,44.230],[5.249,44.231],[5.252,44.231],[5.256,44.230],[5.258,44.228],[5.262,44.227],[5.265,44.226],[5.268,44.225],[5.277,44.220],[5.280,44.219],[5.283,44.218],[5.285,44.217],[5.292,44.214],[5.294,44.212],[5.296,44.209],[5.297,44.207],[5.303,44.205],[5.303,44.206],[5.302,44.208],[5.303,44.209],[5.306,44.208],[5.309,44.209],[5.312,44.208],[5.315,44.208],[5.318,44.209],[5.325,44.207],[5.330,44.204],[5.331,44.203],[5.336,44.203],[5.336,44.204],[5.341,44.206],[5.344,44.208],[5.347,44.210],[5.351,44.211],[5.355,44.214],[5.359,44.211],[5.365,44.209],[5.374,44.205],[5.377,44.204],[5.380,44.203],[5.384,44.201],[5.381,44.195],[5.381,44.191],[5.385,44.187],[5.386,44.185],[5.386,44.181],[5.386,44.176],[5.383,44.172],[5.384,44.165],[5.383,44.163],[5.382,44.160],[5.383,44.156],[5.383,44.155],[5.385,44.155],[5.388,44.153],[5.390,44.153],[5.392,44.152],[5.394,44.152],[5.396,44.151],[5.400,44.152],[5.401,44.153],[5.405,44.153],[5.408,44.153],[5.410,44.153],[5.412,44.154],[5.416,44.155],[5.421,44.150],[5.423,44.149],[5.428,44.149],[5.429,44.150],[5.432,44.152],[5.435,44.152],[5.435,44.150],[5.437,44.149],[5.436,44.148],[5.437,44.146],[5.437,44.144],[5.436,44.139],[5.439,44.137],[5.443,44.138],[5.444,44.137],[5.447,44.136],[5.447,44.136],[5.449,44.128],[5.448,44.125],[5.450,44.121],[5.454,44.120],[5.454,44.119],[5.461,44.118],[5.465,44.118],[5.473,44.118],[5.482,44.117],[5.484,44.117],[5.494,44.115],[5.498,44.115],[5.502,44.115],[5.504,44.116],[5.508,44.118],[5.511,44.121],[5.511,44.124],[5.518,44.126],[5.521,44.126],[5.523,44.127],[5.527,44.128],[5.529,44.129],[5.534,44.130],[5.537,44.131],[5.541,44.132],[5.542,44.133],[5.543,44.136],[5.550,44.145],[5.551,44.149],[5.556,44.149],[5.568,44.148],[5.569,44.148],[5.577,44.151],[5.578,44.152],[5.582,44.157],[5.577,44.159],[5.573,44.162],[5.569,44.166],[5.567,44.169],[5.564,44.170],[5.568,44.179],[5.570,44.180],[5.571,44.181],[5.572,44.181],[5.575,44.185],[5.574,44.186],[5.576,44.188],[5.581,44.188],[5.583,44.188],[5.587,44.187],[5.590,44.187],[5.596,44.187],[5.600,44.189],[5.602,44.191],[5.609,44.190],[5.609,44.187],[5.611,44.186],[5.613,44.186],[5.614,44.183],[5.615,44.182],[5.616,44.180],[5.616,44.177],[5.620,44.177],[5.623,44.176],[5.626,44.175],[5.628,44.174],[5.631,44.173],[5.632,44.171],[5.633,44.169],[5.636,44.169],[5.639,44.167],[5.638,44.164],[5.637,44.162],[5.631,44.158],[5.632,44.152],[5.631,44.150],[5.635,44.150],[5.639,44.149],[5.643,44.149],[5.646,44.148],[5.653,44.148],[5.655,44.147],[5.657,44.147],[5.663,44.148],[5.667,44.149],[5.677,44.146],[5.677,44.149],[5.678,44.151],[5.679,44.155],[5.682,44.163],[5.682,44.163],[5.675,44.164],[5.672,44.164],[5.669,44.165],[5.662,44.166],[5.651,44.167],[5.650,44.166],[5.646,44.166],[5.645,44.168],[5.643,44.168],[5.643,44.170],[5.643,44.173],[5.645,44.174],[5.647,44.175],[5.647,44.176],[5.647,44.179],[5.652,44.185],[5.651,44.189],[5.657,44.188],[5.660,44.189],[5.668,44.189],[5.672,44.189],[5.675,44.188],[5.675,44.190],[5.676,44.191],[5.679,44.191],[5.684,44.192],[5.686,44.194],[5.686,44.197],[5.683,44.200],[5.683,44.203],[5.682,44.204],[5.678,44.208],[5.678,44.209],[5.676,44.210],[5.676,44.212],[5.676,44.213],[5.677,44.217],[5.677,44.219],[5.679,44.220],[5.680,44.225],[5.680,44.227],[5.679,44.228],[5.681,44.230],[5.681,44.232],[5.682,44.234],[5.677,44.236],[5.675,44.237],[5.673,44.239],[5.675,44.244],[5.672,44.246],[5.673,44.248],[5.674,44.249],[5.673,44.253],[5.674,44.256],[5.675,44.258],[5.677,44.258],[5.679,44.261],[5.684,44.263],[5.685,44.263],[5.686,44.266],[5.683,44.269],[5.680,44.271],[5.675,44.275],[5.672,44.274],[5.659,44.271],[5.657,44.272],[5.651,44.268],[5.646,44.267],[5.645,44.269],[5.647,44.272],[5.645,44.274],[5.642,44.276],[5.638,44.277],[5.636,44.278],[5.635,44.280],[5.633,44.282],[5.632,44.283],[5.631,44.286],[5.632,44.290],[5.636,44.292],[5.639,44.293],[5.643,44.293],[5.641,44.295],[5.639,44.295],[5.638,44.299],[5.636,44.300],[5.631,44.300],[5.627,44.301],[5.624,44.303],[5.623,44.304],[5.620,44.306],[5.619,44.307],[5.616,44.309],[5.613,44.308],[5.609,44.306],[5.607,44.306],[5.608,44.308],[5.611,44.310],[5.610,44.313],[5.611,44.315],[5.616,44.316],[5.618,44.318],[5.618,44.319],[5.62,44.320],[5.623,44.323],[5.624,44.323],[5.628,44.327],[5.632,44.328],[5.631,44.331],[5.630,44.332],[5.626,44.334],[5.623,44.335],[5.623,44.333],[5.617,44.332],[5.613,44.332],[5.610,44.332],[5.606,44.332],[5.603,44.334],[5.598,44.333],[5.595,44.331],[5.591,44.332],[5.591,44.333],[5.587,44.332],[5.583,44.332],[5.574,44.332],[5.573,44.333],[5.571,44.333],[5.568,44.332],[5.564,44.334],[5.560,44.335],[5.557,44.333],[5.556,44.332],[5.555,44.331],[5.553,44.331],[5.552,44.330],[5.547,44.33],[5.544,44.331],[5.541,44.331],[5.537,44.333],[5.538,44.336],[5.539,44.342],[5.537,44.342],[5.533,44.343],[5.531,44.342],[5.528,44.343],[5.522,44.347],[5.521,44.351],[5.510,44.346],[5.508,44.346],[5.504,44.344],[5.502,44.344],[5.499,44.341],[5.498,44.339],[5.493,44.337],[5.491,44.337],[5.490,44.339],[5.489,44.339],[5.487,44.341],[5.484,44.344],[5.482,44.347],[5.482,44.349],[5.479,44.351],[5.475,44.351],[5.471,44.350],[5.467,44.352],[5.466,44.354],[5.466,44.356],[5.467,44.360],[5.465,44.364],[5.464,44.365],[5.462,44.367],[5.460,44.368],[5.458,44.368],[5.451,44.367],[5.448,44.369],[5.445,44.368],[5.443,44.367],[5.439,44.368],[5.438,44.367],[5.431,44.370],[5.431,44.373],[5.430,44.375],[5.430,44.376],[5.433,44.376],[5.436,44.377],[5.438,44.377],[5.441,44.377],[5.444,44.379],[5.443,44.380],[5.440,44.384],[5.440,44.387],[5.443,44.391],[5.436,44.402],[5.435,44.406],[5.434,44.407],[5.434,44.410],[5.431,44.414],[5.428,44.415],[5.426,44.415],[5.422,44.415],[5.422,44.419],[5.418,44.424],[5.423,44.427],[5.427,44.429],[5.430,44.431],[5.434,44.433],[5.436,44.433],[5.442,44.433],[5.446,44.431],[5.449,44.431],[5.453,44.429],[5.455,44.428],[5.458,44.427],[5.460,44.426],[5.462,44.426],[5.466,44.424],[5.470,44.422],[5.470,44.421],[5.472,44.420],[5.476,44.419],[5.483,44.424],[5.483,44.425],[5.484,44.428],[5.486,44.429],[5.492,44.428],[5.493,44.428],[5.498,44.437],[5.497,44.438],[5.493,44.439],[5.487,44.440],[5.485,44.441],[5.481,44.441],[5.474,44.444],[5.473,44.445],[5.470,44.445],[5.464,44.447],[5.464,44.450],[5.463,44.452],[5.464,44.455],[5.464,44.457],[5.460,44.459],[5.461,44.463],[5.458,44.466],[5.459,44.466],[5.459,44.469],[5.461,44.470],[5.467,44.472],[5.467,44.473],[5.466,44.475],[5.465,44.480],[5.462,44.481],[5.461,44.483],[5.460,44.485],[5.458,44.488],[5.458,44.490],[5.457,44.495],[5.456,44.496],[5.458,44.499],[5.461,44.499],[5.464,44.500],[5.468,44.500],[5.471,44.499],[5.472,44.498],[5.473,44.498],[5.474,44.497],[5.474,44.494],[5.475,44.493],[5.479,44.491],[5.487,44.491],[5.492,44.491],[5.495,44.491],[5.496,44.491],[5.506,44.492],[5.510,44.491],[5.512,44.491],[5.516,44.491],[5.516,44.491],[5.519,44.490],[5.523,44.488],[5.525,44.488],[5.531,44.485],[5.536,44.484],[5.545,44.482],[5.551,44.479],[5.555,44.476],[5.556,44.475],[5.558,44.473],[5.561,44.474],[5.564,44.475],[5.570,44.476],[5.575,44.473],[5.579,44.471],[5.584,44.469],[5.589,44.468],[5.595,44.466],[5.598,44.466],[5.603,44.465],[5.606,44.467],[5.609,44.468],[5.611,44.469],[5.616,44.472],[5.618,44.474],[5.621,44.482],[5.624,44.483],[5.625,44.484],[5.624,44.487],[5.623,44.489],[5.624,44.492],[5.625,44.494],[5.626,44.498],[5.629,44.501],[5.633,44.502],[5.635,44.502],[5.639,44.501],[5.641,44.502],[5.644,44.501],[5.650,44.499],[5.651,44.499],[5.656,44.502],[5.661,44.501],[5.662,44.501],[5.664,44.501],[5.662,44.505],[5.659,44.507],[5.658,44.509],[5.653,44.514],[5.647,44.518],[5.647,44.519],[5.643,44.521],[5.636,44.527],[5.631,44.531],[5.629,44.532],[5.627,44.534],[5.624,44.535],[5.621,44.535],[5.614,44.532],[5.611,44.536],[5.608,44.538],[5.604,44.540],[5.597,44.543],[5.598,44.546],[5.598,44.549],[5.599,44.552],[5.600,44.555],[5.602,44.556],[5.602,44.559],[5.604,44.563],[5.606,44.565],[5.607,44.568],[5.609,44.570],[5.612,44.571],[5.615,44.573],[5.615,44.575],[5.615,44.579],[5.617,44.583],[5.620,44.584],[5.621,44.585],[5.625,44.585],[5.626,44.586],[5.626,44.588],[5.625,44.589],[5.627,44.591],[5.627,44.594],[5.629,44.595],[5.631,44.597],[5.632,44.599],[5.634,44.601],[5.635,44.602],[5.636,44.604],[5.635,44.608],[5.635,44.609],[5.641,44.609],[5.641,44.609],[5.646,44.609],[5.647,44.611],[5.647,44.615],[5.649,44.618],[5.649,44.619],[5.646,44.621],[5.643,44.622],[5.642,44.626],[5.641,44.627],[5.641,44.631],[5.639,44.635],[5.641,44.638],[5.641,44.642],[5.640,44.644],[5.640,44.647],[5.641,44.651],[5.644,44.652],[5.648,44.652],[5.650,44.653],[5.651,44.655],[5.654,44.655],[5.656,44.653],[5.655,44.651],[5.658,44.650],[5.661,44.650],[5.664,44.649],[5.668,44.648],[5.671,44.649],[5.679,44.652],[5.683,44.650],[5.686,44.648],[5.689,44.647],[5.695,44.645],[5.701,44.645],[5.703,44.644],[5.705,44.643],[5.706,44.642],[5.710,44.643],[5.714,44.643],[5.715,44.642],[5.719,44.640],[5.721,44.639],[5.728,44.639],[5.734,44.640],[5.738,44.640],[5.736,44.643],[5.734,44.646],[5.736,44.649],[5.739,44.648],[5.742,44.649],[5.743,44.647],[5.749,44.648],[5.753,44.648],[5.752,44.650],[5.750,44.651],[5.747,44.654],[5.750,44.656],[5.750,44.659],[5.749,44.660],[5.751,44.661],[5.753,44.660],[5.753,44.662],[5.755,44.662],[5.756,44.661],[5.761,44.658],[5.763,44.655],[5.767,44.654],[5.769,44.654],[5.772,44.653],[5.776,44.653],[5.780,44.652],[5.782,44.653],[5.787,44.653],[5.790,44.653],[5.792,44.655],[5.791,44.658],[5.792,44.660],[5.795,44.661],[5.797,44.663],[5.800,44.669],[5.799,44.670],[5.800,44.671],[5.799,44.672],[5.799,44.674],[5.801,44.675],[5.806,44.677],[5.807,44.677],[5.811,44.678],[5.815,44.681],[5.817,44.682],[5.821,44.684],[5.825,44.685],[5.827,44.686],[5.829,44.688],[5.830,44.690],[5.827,44.696],[5.827,44.700],[5.825,44.701],[5.820,44.703],[5.814,44.703],[5.811,44.705],[5.808,44.705],[5.803,44.705],[5.801,44.706],[5.801,44.708],[5.803,44.710],[5.807,44.711],[5.810,44.712],[5.811,44.712],[5.811,44.715],[5.811,44.717],[5.814,44.721],[5.814,44.722],[5.816,44.727],[5.818,44.729],[5.817,44.730],[5.821,44.733],[5.822,44.735],[5.825,44.736],[5.827,44.739],[5.829,44.741],[5.829,44.743],[5.827,44.745],[5.827,44.747],[5.828,44.750],[5.827,44.751],[5.826,44.754],[5.826,44.756],[5.827,44.759],[5.835,44.757],[5.838,44.757],[5.840,44.756],[5.844,44.752],[5.846,44.751],[5.850,44.750],[5.851,44.751],[5.856,44.750],[5.860,44.751],[5.866,44.751],[5.868,44.750],[5.871,44.749],[5.871,44.748],[5.873,44.748],[5.875,44.749],[5.878,44.748],[5.879,44.747],[5.881,44.746],[5.885,44.747],[5.888,44.748],[5.889,44.750],[5.889,44.752],[5.892,44.755],[5.894,44.754],[5.897,44.756],[5.900,44.758],[5.902,44.758],[5.905,44.758],[5.910,44.757],[5.913,44.755],[5.916,44.753],[5.917,44.752],[5.919,44.751],[5.920,44.751],[5.922,44.754],[5.924,44.755],[5.924,44.756],[5.926,44.757],[5.930,44.758],[5.931,44.759],[5.933,44.759],[5.936,44.759],[5.938,44.762],[5.937,44.763],[5.945,44.761],[5.951,44.759],[5.952,44.762],[5.952,44.767],[5.951,44.769],[5.953,44.771],[5.957,44.773],[5.971,44.778],[5.980,44.781],[5.979,44.785],[5.977,44.790],[5.973,44.792],[5.969,44.794],[5.966,44.794],[5.963,44.795],[5.961,44.795],[5.960,44.796],[5.960,44.798],[5.959,44.799],[5.953,44.799],[5.951,44.800],[5.949,44.804],[5.953,44.806],[5.955,44.807],[5.957,44.808],[5.960,44.811],[5.964,44.811],[5.969,44.813],[5.972,44.814],[5.979,44.818],[5.984,44.818],[5.988,44.817],[5.992,44.817],[5.996,44.817],[5.998,44.818],[6.002,44.819],[6.005,44.820],[6.007,44.823],[6.007,44.825],[6.009,44.827],[6.009,44.830],[6.011,44.831],[6.013,44.833],[6.015,44.835],[6.021,44.837],[6.025,44.836],[6.027,44.837],[6.030,44.838],[6.030,44.836],[6.034,44.835],[6.035,44.831],[6.037,44.829],[6.040,44.827],[6.047,44.823],[6.047,44.821],[6.050,44.818],[6.052,44.816],[6.054,44.816],[6.056,44.815],[6.058,44.819],[6.061,44.820],[6.066,44.821],[6.068,44.823],[6.069,44.825],[6.071,44.825],[6.073,44.827],[6.078,44.828],[6.080,44.829],[6.085,44.832],[6.087,44.832],[6.089,44.835],[6.093,44.836],[6.096,44.837],[6.099,44.839],[6.100,44.842],[6.106,44.843],[6.110,44.843],[6.112,44.844],[6.114,44.846],[6.116,44.849],[6.117,44.851],[6.118,44.852],[6.121,44.853],[6.122,44.855],[6.124,44.857],[6.126,44.860],[6.128,44.861],[6.129,44.862],[6.132,44.864],[6.136,44.864],[6.138,44.863],[6.139,44.861],[6.142,44.860],[6.143,44.858],[6.151,44.858],[6.153,44.859],[6.155,44.859],[6.158,44.858],[6.160,44.855],[6.162,44.854],[6.168,44.852],[6.170,44.854],[6.176,44.854],[6.181,44.854],[6.187,44.853],[6.189,44.854],[6.190,44.856],[6.191,44.856],[6.194,44.857],[6.196,44.858],[6.202,44.858],[6.206,44.857],[6.206,44.856],[6.208,44.855],[6.210,44.855],[6.215,44.854],[6.217,44.854],[6.221,44.853],[6.222,44.853],[6.225,44.852],[6.229,44.851],[6.230,44.852],[6.235,44.851],[6.237,44.851],[6.246,44.851],[6.248,44.852],[6.249,44.851],[6.251,44.853],[6.253,44.855],[6.253,44.856],[6.255,44.858],[6.256,44.859],[6.256,44.860],[6.257,44.861],[6.258,44.863],[6.261,44.865],[6.263,44.866],[6.269,44.870],[6.270,44.870],[6.274,44.870],[6.277,44.871],[6.281,44.869],[6.285,44.871],[6.286,44.873],[6.288,44.874],[6.292,44.873],[6.295,44.874],[6.298,44.873],[6.303,44.873],[6.307,44.869],[6.308,44.865],[6.312,44.862],[6.317,44.861],[6.317,44.860],[6.320,44.857],[6.319,44.854],[6.320,44.853],[6.321,44.853],[6.324,44.852],[6.326,44.852],[6.330,44.851],[6.336,44.848],[6.339,44.848],[6.344,44.849],[6.344,44.850],[6.348,44.851],[6.353,44.853],[6.355,44.854],[6.353,44.856],[6.352,44.859],[6.351,44.862],[6.353,44.864],[6.353,44.868],[6.352,44.871],[6.350,44.872],[6.350,44.873],[6.350,44.875],[6.350,44.881],[6.353,44.883],[6.355,44.884],[6.356,44.885],[6.359,44.888],[6.358,44.889],[6.358,44.892],[6.358,44.893],[6.356,44.895],[6.353,44.897],[6.356,44.900],[6.357,44.902],[6.357,44.904],[6.358,44.907],[6.357,44.908],[6.356,44.910],[6.357,44.913],[6.356,44.915],[6.356,44.918],[6.356,44.921],[6.357,44.922],[6.352,44.924],[6.353,44.926],[6.356,44.928],[6.355,44.929],[6.356,44.930],[6.356,44.933],[6.358,44.936],[6.358,44.938],[6.358,44.941],[6.355,44.942],[6.352,44.942],[6.350,44.943],[6.347,44.944],[6.343,44.944],[6.340,44.946],[6.339,44.947],[6.336,44.946],[6.333,44.946],[6.331,44.946],[6.330,44.946],[6.329,44.947],[6.322,44.953],[6.322,44.954],[6.323,44.961],[6.322,44.961],[6.325,44.963],[6.327,44.964],[6.329,44.969],[6.325,44.970],[6.322,44.972],[6.322,44.974],[6.318,44.975],[6.318,44.977],[6.315,44.979],[6.314,44.980],[6.315,44.982],[6.316,44.984],[6.316,44.986],[6.317,44.988],[6.315,44.989],[6.318,44.992],[6.318,44.993],[6.320,44.995],[6.321,44.997],[6.323,44.998],[6.323,44.999],[6.321,45.000],[6.318,45.003],[6.313,45.003],[6.306,45.004],[6.303,45.003],[6.301,45.004],[6.296,45.003],[6.293,45.002],[6.290,45.001],[6.285,45.000],[6.278,45.000],[6.275,45.000],[6.271,44.998],[6.269,44.998],[6.266,44.998],[6.263,44.997],[6.260,44.997],[6.256,44.996],[6.255,44.995],[6.253,44.995],[6.251,44.996],[6.230,45.003],[6.211,45.009],[6.209,45.010],[6.204,45.012],[6.203,45.012],[6.202,45.021],[6.202,45.022],[6.204,45.026],[6.207,45.026],[6.209,45.029],[6.208,45.032],[6.209,45.035],[6.208,45.040],[6.210,45.043],[6.210,45.045],[6.214,45.047],[6.215,45.048],[6.215,45.053],[6.216,45.055],[6.216,45.057],[6.217,45.059],[6.219,45.061],[6.220,45.065],[6.224,45.066],[6.229,45.067],[6.232,45.066],[6.240,45.067],[6.243,45.069],[6.244,45.071],[6.240,45.073],[6.239,45.075],[6.239,45.077],[6.238,45.078],[6.237,45.082],[6.238,45.082],[6.237,45.085],[6.235,45.087],[6.234,45.092],[6.233,45.092],[6.232,45.094],[6.230,45.096],[6.230,45.098],[6.229,45.099],[6.229,45.101],[6.229,45.105],[6.228,45.108],[6.231,45.110],[6.233,45.111],[6.239,45.112],[6.240,45.112],[6.245,45.119],[6.246,45.120],[6.254,45.120],[6.257,45.122],[6.259,45.124],[6.260,45.126],[6.264,45.126],[6.266,45.124],[6.267,45.122],[6.269,45.121],[6.269,45.119],[6.273,45.117],[6.274,45.115],[6.276,45.114],[6.282,45.114],[6.284,45.111],[6.286,45.110],[6.289,45.109],[6.293,45.108],[6.296,45.108],[6.299,45.108],[6.301,45.108],[6.310,45.111],[6.312,45.111],[6.317,45.111],[6.318,45.113],[6.322,45.114],[6.324,45.114],[6.326,45.115],[6.328,45.117],[6.332,45.118],[6.334,45.122],[6.337,45.120],[6.339,45.117],[6.339,45.116],[6.343,45.115],[6.345,45.115],[6.347,45.114],[6.348,45.112],[6.351,45.110],[6.355,45.108],[6.358,45.106],[6.362,45.105],[6.363,45.103],[6.365,45.100],[6.366,45.096],[6.371,45.090],[6.371,45.089],[6.372,45.085],[6.374,45.083],[6.374,45.081],[6.372,45.080],[6.372,45.078],[6.370,45.077],[6.367,45.073],[6.365,45.071],[6.364,45.070],[6.371,45.068],[6.374,45.067],[6.377,45.067],[6.379,45.067],[6.382,45.065],[6.384,45.063],[6.388,45.063],[6.394,45.061],[6.396,45.061],[6.397,45.062],[6.403,45.064],[6.408,45.064],[6.410,45.064],[6.413,45.063],[6.418,45.061],[6.422,45.060],[6.424,45.060],[6.429,45.062],[6.431,45.063],[6.434,45.063],[6.436,45.062],[6.438,45.062],[6.439,45.061],[6.441,45.058],[6.444,45.056],[6.443,45.055],[6.447,45.052],[6.451,45.051],[6.453,45.051],[6.457,45.053],[6.462,45.054],[6.466,45.054],[6.468,45.055],[6.474,45.056],[6.479,45.055],[6.481,45.056],[6.486,45.056],[6.487,45.056],[6.486,45.059],[6.487,45.059],[6.486,45.062],[6.486,45.065],[6.489,45.065],[6.489,45.067],[6.488,45.069],[6.488,45.072],[6.486,45.074],[6.484,45.075],[6.483,45.077],[6.484,45.078],[6.486,45.079],[6.486,45.081],[6.485,45.085],[6.481,45.088],[6.480,45.090],[6.480,45.094],[6.484,45.094],[6.486,45.095],[6.487,45.096],[6.490,45.097],[6.493,45.099],[6.499,45.101],[6.504,45.103],[6.507,45.105],[6.510,45.109],[6.513,45.107],[6.516,45.105],[6.519,45.105],[6.521,45.104],[6.525,45.100],[6.527,45.099],[6.529,45.098],[6.534,45.099],[6.539,45.099],[6.541,45.1],[6.545,45.100],[6.548,45.101],[6.551,45.103],[6.554,45.104],[6.558,45.103],[6.561,45.105],[6.561,45.110],[6.561,45.111],[6.563,45.113],[6.568,45.115],[6.570,45.116],[6.572,45.119],[6.574,45.121],[6.576,45.123],[6.581,45.121],[6.584,45.120],[6.587,45.119],[6.588,45.119],[6.592,45.118],[6.595,45.119],[6.601,45.121],[6.602,45.119],[6.606,45.119],[6.608,45.120],[6.612,45.120],[6.615,45.121],[6.618,45.119],[6.620,45.116],[6.624,45.115],[6.627,45.110],[6.629,45.109],[6.626,45.103],[6.627,45.101],[6.629,45.100],[6.631,45.099],[6.633,45.094],[6.636,45.094],[6.638,45.091],[6.641,45.089],[6.641,45.087],[6.644,45.085],[6.646,45.084],[6.646,45.080],[6.645,45.075],[6.647,45.074],[6.649,45.073],[6.652,45.072],[6.654,45.070],[6.658,45.071],[6.662,45.071],[6.662,45.069],[6.662,45.068],[6.663,45.063],[6.662,45.061],[6.663,45.059],[6.663,45.056],[6.661,45.054],[6.658,45.052],[6.661,45.05],[6.665,45.048],[6.666,45.046],[6.668,45.045],[6.669,45.044],[6.670,45.041],[6.666,45.040],[6.664,45.039],[6.665,45.037],[6.664,45.035],[6.664,45.033],[6.665,45.032],[6.666,45.030],[6.669,45.028],[6.670,45.029],[6.671,45.022],[6.673,45.019],[6.675,45.019],[6.677,45.020],[6.679,45.020],[6.683,45.022],[6.684,45.022],[6.687,45.020],[6.691,45.020],[6.703,45.021],[6.707,45.021],[6.710,45.020],[6.717,45.020],[6.721,45.022],[6.725,45.021],[6.727,45.020],[6.729,45.020],[6.733,45.018],[6.740,45.016],[6.743,45.016],[6.745,45.014],[6.744,45.011],[6.747,45.007],[6.748,45.005],[6.749,45.003],[6.750,44.998],[6.751,44.996],[6.749,44.995],[6.742,44.994],[6.741,44.993],[6.737,44.993],[6.737,44.989],[6.742,44.988],[6.749,44.984],[6.749,44.982],[6.749,44.979],[6.749,44.977],[6.751,44.977],[6.755,44.975],[6.756,44.974],[6.761,44.972],[6.763,44.971],[6.765,44.961],[6.764,44.959],[6.758,44.949],[6.758,44.947],[6.756,44.946],[6.756,44.945],[6.753,44.945],[6.752,44.943],[6.753,44.942],[6.750,44.940],[6.746,44.939],[6.746,44.937],[6.744,44.937],[6.744,44.935],[6.750,44.936],[6.753,44.937],[6.757,44.937],[6.760,44.933],[6.760,44.931],[6.761,44.930],[6.757,44.931],[6.754,44.931],[6.753,44.928],[6.748,44.922],[6.750,44.920],[6.751,44.919],[6.751,44.917],[6.750,44.914],[6.750,44.909],[6.749,44.907],[6.750,44.905],[6.754,44.904],[6.758,44.903],[6.761,44.902],[6.766,44.902],[6.771,44.903],[6.776,44.900],[6.776,44.899],[6.778,44.898],[6.778,44.895],[6.780,44.893],[6.782,44.893],[6.784,44.893],[6.783,44.891],[6.784,44.889],[6.791,44.889],[6.801,44.891],[6.799,44.887],[6.800,44.884],[6.803,44.879],[6.803,44.878],[6.807,44.875],[6.811,44.875],[6.815,44.873],[6.816,44.872],[6.819,44.871],[6.821,44.870],[6.823,44.869],[6.827,44.868],[6.830,44.867],[6.832,44.865],[6.833,44.863],[6.838,44.861],[6.839,44.860],[6.841,44.859],[6.844,44.859],[6.847,44.858],[6.851,44.857],[6.854,44.857],[6.856,44.856],[6.857,44.855],[6.859,44.852],[6.863,44.850],[6.870,44.849],[6.873,44.850],[6.877,44.851],[6.879,44.849],[6.881,44.849],[6.883,44.848],[6.887,44.847],[6.892,44.848],[6.896,44.847],[6.898,44.848],[6.900,44.847],[6.903,44.847],[6.904,44.847],[6.905,44.845],[6.907,44.844],[6.913,44.844],[6.915,44.847],[6.920,44.849],[6.922,44.851],[6.924,44.854],[6.926,44.856],[6.926,44.857],[6.926,44.859],[6.929,44.861],[6.931,44.863],[6.932,44.862],[6.935,44.861],[6.937,44.860],[6.942,44.859],[6.944,44.859],[6.945,44.857],[6.950,44.855],[6.952,44.855],[6.954,44.855],[6.957,44.852],[6.961,44.850],[6.964,44.849],[6.969,44.848],[6.971,44.846],[6.975,44.846],[6.977,44.845],[6.981,44.846],[6.985,44.845],[6.990,44.843],[6.993,44.842],[6.996,44.841],[7.001,44.842],[7.006,44.839],[7.006,44.835],[7.008,44.831],[7.009,44.828],[7.009,44.826],[7.009,44.825],[7.012,44.825],[7.019,44.824],[7.021,44.823],[7.023,44.823],[7.022,44.821],[7.020,44.821],[7.020,44.819],[7.019,44.817],[7.020,44.816],[7.019,44.813],[7.014,44.809],[7.013,44.806],[7.012,44.803],[7.010,44.802],[7.009,44.800],[7.009,44.798],[7.008,44.797],[7.005,44.795],[7.003,44.792],[7.001,44.791],[6.999,44.789],[7.000,44.788],[7.005,44.785],[7.009,44.784],[7.011,44.783],[7.013,44.781],[7.014,44.780],[7.015,44.779],[7.018,44.776],[7.019,44.773],[7.019,44.772],[7.022,44.770],[7.021,44.769],[7.020,44.767],[7.021,44.765],[7.023,44.764],[7.024,44.762],[7.025,44.760],[7.024,44.755],[7.021,44.754],[7.021,44.751],[7.023,44.749],[7.023,44.747],[7.026,44.744],[7.025,44.742],[7.023,44.740],[7.026,44.737],[7.027,44.735],[7.028,44.735],[7.030,44.731],[7.029,44.729],[7.031,44.728],[7.032,44.727],[7.035,44.725],[7.036,44.723],[7.038,44.722],[7.040,44.720],[7.042,44.718],[7.044,44.718],[7.049,44.716],[7.054,44.714],[7.062,44.714],[7.066,44.713],[7.066,44.710],[7.065,44.708],[7.067,44.704],[7.067,44.702],[7.070,44.700],[7.070,44.698],[7.073,44.695],[7.073,44.693],[7.075,44.690],[7.074,44.687],[7.075,44.684],[7.077,44.680],[7.073,44.680],[7.071,44.679],[7.063,44.680],[7.059,44.679],[7.056,44.680],[7.053,44.682],[7.049,44.682],[7.047,44.683],[7.046,44.684],[7.044,44.684],[7.040,44.686],[7.039,44.688],[7.036,44.689],[7.035,44.689],[7.033,44.690],[7.030,44.691],[7.026,44.691],[7.023,44.691],[7.020,44.690],[7.017,44.688],[7.013,44.689],[7.009,44.688],[7.006,44.688],[7.004,44.687],[7.001,44.687],[6.999,44.690],[6.990,44.690],[6.987,44.690],[6.986,44.688],[6.984,44.686],[6.979,44.683],[6.977,44.683],[6.976,44.680],[6.971,44.678],[6.971,44.677],[6.965,44.677],[6.963,44.678],[6.961,44.676],[6.958,44.673],[6.957,44.671],[6.957,44.669],[6.958,44.668],[6.958,44.666],[6.959,44.664],[6.958,44.662],[6.956,44.661],[6.951,44.658],[6.948,44.654]],[[5.118,43.513],[5.118,43.518],[5.117,43.520],[5.115,43.521],[5.113,43.523],[5.108,43.525],[5.102,43.526],[5.093,43.525],[5.091,43.525],[5.084,43.526],[5.081,43.526],[5.079,43.526],[5.075,43.526],[5.070,43.526],[5.064,43.527],[5.058,43.527],[5.055,43.526],[5.048,43.522],[5.045,43.521],[5.045,43.523],[5.043,43.525],[5.043,43.527],[5.041,43.529],[5.037,43.532],[5.033,43.535],[5.031,43.539],[5.033,43.542],[5.033,43.545],[5.031,43.546],[5.029,43.548],[5.026,43.548],[5.025,43.549],[5.024,43.550],[5.025,43.552],[5.022,43.556],[5.019,43.555],[5.016,43.556],[5.014,43.555],[5.013,43.554],[5.012,43.549],[5.013,43.548],[5.012,43.547],[5.012,43.544],[5.014,43.538],[5.014,43.535],[5.013,43.533],[5.014,43.531],[5.015,43.529],[5.015,43.527],[5.014,43.526],[5.014,43.523],[5.012,43.523],[5.008,43.520],[5.008,43.519],[5.005,43.517],[5.005,43.515],[5.002,43.512],[4.999,43.508],[5.000,43.505],[4.998,43.503],[4.998,43.500],[4.998,43.497],[5.000,43.496],[5.000,43.493],[5.001,43.488],[5.003,43.485],[5.003,43.483],[5.003,43.480],[5.002,43.479],[5.001,43.478],[5.000,43.476],[5.000,43.474],[5.002,43.472],[5.002,43.471],[5.006,43.469],[5.008,43.469],[5.012,43.470],[5.014,43.470],[5.017,43.470],[5.017,43.469],[5.021,43.468],[5.022,43.469],[5.024,43.470],[5.026,43.469],[5.037,43.470],[5.040,43.470],[5.048,43.466],[5.050,43.465],[5.051,43.463],[5.053,43.458],[5.054,43.456],[5.054,43.453],[5.055,43.451],[5.055,43.446],[5.054,43.443],[5.054,43.440],[5.056,43.437],[5.057,43.434],[5.058,43.428],[5.059,43.426],[5.060,43.421],[5.060,43.417],[5.059,43.416],[5.059,43.413],[5.058,43.412],[5.057,43.407],[5.059,43.406],[5.059,43.403],[5.060,43.402],[5.063,43.401],[5.070,43.400],[5.081,43.399],[5.086,43.399],[5.092,43.400],[5.102,43.402],[5.110,43.404],[5.117,43.404],[5.121,43.404],[5.121,43.402],[5.123,43.400],[5.125,43.400],[5.137,43.400],[5.139,43.401],[5.144,43.403],[5.153,43.408],[5.154,43.407],[5.160,43.411],[5.168,43.416],[5.173,43.419],[5.176,43.421],[5.182,43.426],[5.190,43.434],[5.193,43.436],[5.198,43.438],[5.204,43.442],[5.195,43.448],[5.198,43.450],[5.201,43.448],[5.208,43.443],[5.211,43.444],[5.212,43.446],[5.216,43.447],[5.223,43.450],[5.226,43.453],[5.227,43.457],[5.228,43.460],[5.227,43.462],[5.230,43.465],[5.229,43.467],[5.227,43.470],[5.227,43.472],[5.226,43.474],[5.224,43.475],[5.224,43.478],[5.224,43.481],[5.223,43.483],[5.219,43.484],[5.220,43.486],[5.218,43.487],[5.215,43.488],[5.211,43.489],[5.209,43.490],[5.208,43.491],[5.205,43.492],[5.202,43.491],[5.200,43.489],[5.199,43.489],[5.196,43.488],[5.192,43.487],[5.188,43.484],[5.187,43.484],[5.186,43.482],[5.184,43.481],[5.181,43.478],[5.180,43.478],[5.174,43.475],[5.169,43.472],[5.167,43.470],[5.165,43.471],[5.163,43.470],[5.160,43.468],[5.159,43.464],[5.153,43.459],[5.155,43.459],[5.154,43.455],[5.151,43.455],[5.151,43.456],[5.149,43.457],[5.148,43.458],[5.145,43.458],[5.142,43.460],[5.142,43.463],[5.141,43.465],[5.138,43.467],[5.137,43.469],[5.133,43.471],[5.132,43.471],[5.132,43.473],[5.130,43.475],[5.130,43.477],[5.127,43.479],[5.125,43.483],[5.124,43.483],[5.123,43.486],[5.122,43.487],[5.122,43.489],[5.120,43.494],[5.119,43.497],[5.117,43.500],[5.115,43.501],[5.115,43.503],[5.113,43.504],[5.113,43.506],[5.114,43.509],[5.113,43.510],[5.117,43.511],[5.118,43.513]]],[[[7.067,43.513],[7.066,43.514],[7.061,43.515],[7.060,43.515],[7.056,43.515],[7.049,43.515],[7.048,43.515],[7.043,43.515],[7.035,43.517],[7.031,43.521],[7.032,43.523],[7.034,43.522],[7.037,43.521],[7.039,43.522],[7.042,43.523],[7.044,43.524],[7.048,43.523],[7.053,43.520],[7.055,43.520],[7.057,43.520],[7.061,43.519],[7.063,43.520],[7.065,43.518],[7.070,43.517],[7.069,43.515],[7.068,43.515],[7.067,43.513]]],[[[7.047,43.504],[7.047,43.505],[7.043,43.505],[7.040,43.505],[7.037,43.506],[7.037,43.508],[7.039,43.509],[7.047,43.509],[7.048,43.509],[7.051,43.508],[7.055,43.507],[7.054,43.506],[7.050,43.506],[7.048,43.505],[7.047,43.504]]],[[[5.396,43.173],[5.393,43.173],[5.388,43.172],[5.386,43.173],[5.384,43.174],[5.381,43.174],[5.380,43.175],[5.377,43.175],[5.375,43.176],[5.372,43.177],[5.371,43.179],[5.373,43.179],[5.377,43.179],[5.380,43.180],[5.383,43.178],[5.389,43.177],[5.392,43.176],[5.396,43.176],[5.398,43.174],[5.396,43.173]]],[[[5.388,43.185],[5.383,43.187],[5.380,43.189],[5.382,43.190],[5.384,43.189],[5.385,43.189],[5.387,43.187],[5.391,43.186],[5.388,43.185]]],[[[5.619,43.157],[5.615,43.159],[5.614,43.162],[5.618,43.162],[5.619,43.161],[5.619,43.159],[5.620,43.159],[5.619,43.157]]],[[[5.305,43.276],[5.308,43.277],[5.311,43.275],[5.311,43.274],[5.308,43.272],[5.304,43.272],[5.301,43.271],[5.299,43.269],[5.299,43.267],[5.296,43.266],[5.295,43.265],[5.292,43.263],[5.291,43.262],[5.287,43.261],[5.287,43.262],[5.286,43.264],[5.285,43.265],[5.288,43.266],[5.290,43.268],[5.292,43.268],[5.296,43.270],[5.297,43.271],[5.301,43.273],[5.301,43.275],[5.303,43.276],[5.302,43.278],[5.300,43.279],[5.298,43.278],[5.296,43.279],[5.292,43.279],[5.291,43.280],[5.294,43.281],[5.297,43.280],[5.297,43.281],[5.302,43.281],[5.303,43.281],[5.305,43.282],[5.300,43.283],[5.300,43.284],[5.302,43.285],[5.305,43.284],[5.305,43.285],[5.31,43.285],[5.311,43.284],[5.312,43.285],[5.312,43.287],[5.316,43.286],[5.317,43.285],[5.323,43.286],[5.323,43.285],[5.321,43.285],[5.320,43.283],[5.319,43.282],[5.317,43.282],[5.315,43.281],[5.313,43.280],[5.308,43.281],[5.306,43.279],[5.303,43.278],[5.304,43.276],[5.305,43.276]]],[[[5.338,43.207],[5.334,43.209],[5.333,43.209],[5.332,43.210],[5.329,43.211],[5.328,43.212],[5.332,43.212],[5.335,43.212],[5.337,43.212],[5.339,43.211],[5.339,43.210],[5.339,43.208],[5.338,43.207]]],[[[5.362,43.200],[5.363,43.198],[5.366,43.197],[5.368,43.196],[5.370,43.195],[5.370,43.193],[5.365,43.196],[5.361,43.196],[5.362,43.200]]],[[[5.324,43.278],[5.324,43.280],[5.327,43.280],[5.326,43.279],[5.324,43.278]]],[[[5.335,43.337],[5.340,43.334],[5.345,43.328],[5.346,43.327],[5.350,43.322],[5.357,43.314],[5.359,43.311],[5.361,43.308],[5.357,43.299],[5.360,43.308],[5.353,43.318],[5.339,43.334],[5.334,43.337],[5.328,43.341],[5.318,43.347],[5.319,43.347],[5.328,43.342],[5.333,43.337],[5.335,43.337]]],[[[4.877,43.364],[4.876,43.362],[4.874,43.362],[4.874,43.366],[4.873,43.367],[4.874,43.368],[4.876,43.367],[4.877,43.366],[4.877,43.364]]],[[[6.394,42.986],[6.393,42.988],[6.395,42.989],[6.396,42.989],[6.395,42.987],[6.394,42.986]]],[[[6.434,43.015],[6.433,43.017],[6.433,43.019],[6.434,43.020],[6.437,43.021],[6.437,43.023],[6.440,43.025],[6.445,43.024],[6.448,43.025],[6.451,43.027],[6.452,43.027],[6.453,43.025],[6.456,43.027],[6.457,43.027],[6.459,43.029],[6.460,43.030],[6.461,43.033],[6.460,43.035],[6.462,43.036],[6.462,43.037],[6.466,43.041],[6.467,43.044],[6.470,43.045],[6.472,43.045],[6.473,43.046],[6.475,43.047],[6.478,43.047],[6.480,43.048],[6.483,43.047],[6.485,43.047],[6.487,43.049],[6.489,43.048],[6.492,43.049],[6.492,43.049],[6.495,43.050],[6.496,43.050],[6.498,43.051],[6.501,43.051],[6.504,43.053],[6.508,43.052],[6.507,43.048],[6.507,43.047],[6.510,43.047],[6.511,43.046],[6.509,43.045],[6.508,43.045],[6.503,43.042],[6.503,43.041],[6.500,43.043],[6.499,43.042],[6.495,43.042],[6.494,43.043],[6.491,43.041],[6.489,43.042],[6.487,43.042],[6.487,43.040],[6.484,43.040],[6.484,43.036],[6.482,43.035],[6.482,43.035],[6.480,43.032],[6.480,43.030],[6.479,43.029],[6.477,43.027],[6.472,43.025],[6.472,43.020],[6.470,43.016],[6.467,43.017],[6.464,43.015],[6.460,43.013],[6.458,43.013],[6.454,43.015],[6.452,43.017],[6.450,43.017],[6.448,43.013],[6.445,43.010],[6.445,43.008],[6.440,43.005],[6.438,43.003],[6.435,43.005],[6.433,43.006],[6.433,43.009],[6.432,43.010],[6.434,43.012],[6.434,43.014],[6.434,43.015]]],[[[6.145,43.020],[6.146,43.019],[6.144,43.017],[6.144,43.016],[6.140,43.018],[6.139,43.019],[6.139,43.020],[6.142,43.020],[6.145,43.020]]],[[[5.749,43.126],[5.748,43.127],[5.749,43.128],[5.752,43.127],[5.749,43.126]]],[[[6.397,42.992],[6.394,42.993],[6.394,42.995],[6.390,42.995],[6.389,42.997],[6.387,42.998],[6.385,42.998],[6.381,42.997],[6.380,42.997],[6.374,42.996],[6.373,42.995],[6.371,42.998],[6.370,42.998],[6.370,43.000],[6.372,43.001],[6.372,43.003],[6.374,43.004],[6.374,43.005],[6.376,43.005],[6.377,43.007],[6.380,43.007],[6.382,43.006],[6.383,43.007],[6.382,43.009],[6.380,43.009],[6.382,43.012],[6.383,43.013],[6.384,43.012],[6.387,43.013],[6.391,43.011],[6.392,43.012],[6.392,43.013],[6.393,43.014],[6.395,43.013],[6.398,43.015],[6.400,43.014],[6.401,43.016],[6.402,43.015],[6.405,43.017],[6.407,43.017],[6.408,43.019],[6.410,43.018],[6.409,43.016],[6.412,43.017],[6.414,43.015],[6.412,43.013],[6.411,43.011],[6.411,43.009],[6.412,43.008],[6.414,43.009],[6.416,43.011],[6.417,43.011],[6.419,43.013],[6.420,43.011],[6.417,43.007],[6.415,43.005],[6.413,43.003],[6.409,43.001],[6.409,42.999],[6.406,42.997],[6.406,42.995],[6.405,42.996],[6.402,42.994],[6.400,42.994],[6.398,42.994],[6.397,42.992]]],[[[6.363,43.003],[6.362,43.004],[6.361,43.006],[6.359,43.008],[6.360,43.011],[6.359,43.015],[6.361,43.016],[6.361,43.017],[6.368,43.018],[6.367,43.015],[6.364,43.013],[6.363,43.009],[6.364,43.006],[6.363,43.003]]],[[[5.767,43.078],[5.765,43.080],[5.767,43.081],[5.769,43.080],[5.769,43.079],[5.767,43.078]]],[[[6.244,43.020],[6.247,43.018],[6.248,43.016],[6.248,43.013],[6.249,43.012],[6.248,43.008],[6.250,43.007],[6.250,43.005],[6.251,43.005],[6.252,43.003],[6.249,43.002],[6.250,42.999],[6.247,42.997],[6.245,42.997],[6.243,42.998],[6.240,42.997],[6.238,42.996],[6.237,42.997],[6.234,42.995],[6.233,42.996],[6.232,42.996],[6.231,42.995],[6.230,42.993],[6.229,42.993],[6.227,42.992],[6.225,42.992],[6.223,42.991],[6.220,42.991],[6.220,42.990],[6.219,42.989],[6.216,42.991],[6.214,42.989],[6.212,42.986],[6.208,42.985],[6.209,42.984],[6.205,42.981],[6.204,42.982],[6.199,42.982],[6.195,42.983],[6.195,42.985],[6.197,42.986],[6.197,42.987],[6.194,42.988],[6.194,42.989],[6.192,42.990],[6.190,42.990],[6.188,42.991],[6.182,42.993],[6.180,42.993],[6.178,42.993],[6.178,42.994],[6.177,42.995],[6.174,42.996],[6.173,42.995],[6.170,42.996],[6.169,42.996],[6.169,42.999],[6.167,42.999],[6.166,42.998],[6.164,42.997],[6.162,42.997],[6.161,42.998],[6.162,42.999],[6.160,43.001],[6.162,43.001],[6.164,43.001],[6.165,43.000],[6.169,43.001],[6.168,43.003],[6.170,43.006],[6.171,43.006],[6.174,43.007],[6.176,43.006],[6.177,43.008],[6.179,43.008],[6.181,43.007],[6.184,43.008],[6.185,43.005],[6.188,43.003],[6.193,43.004],[6.193,43.003],[6.197,43.003],[6.197,43.001],[6.200,43.000],[6.202,43.001],[6.203,43.003],[6.206,43.002],[6.207,43.001],[6.211,43.002],[6.213,43.003],[6.216,43.007],[6.217,43.008],[6.217,43.010],[6.216,43.012],[6.217,43.013],[6.218,43.012],[6.220,43.012],[6.222,43.012],[6.222,43.010],[6.224,43.011],[6.227,43.011],[6.228,43.009],[6.230,43.010],[6.234,43.011],[6.236,43.014],[6.236,43.016],[6.236,43.018],[6.238,43.021],[6.239,43.024],[6.242,43.025],[6.241,43.022],[6.244,43.020]]],[[[5.780,43.069],[5.778,43.070],[5.779,43.073],[5.777,43.073],[5.777,43.074],[5.778,43.077],[5.777,43.079],[5.778,43.080],[5.781,43.082],[5.783,43.081],[5.783,43.079],[5.781,43.079],[5.781,43.078],[5.786,43.076],[5.787,43.077],[5.786,43.078],[5.790,43.079],[5.792,43.077],[5.791,43.076],[5.789,43.074],[5.787,43.074],[5.783,43.071],[5.780,43.069]]],[[[5.913,43.116],[5.913,43.118],[5.920,43.119],[5.919,43.118],[5.915,43.117],[5.915,43.117],[5.913,43.116]]],[[[5.790,43.068],[5.787,43.072],[5.790,43.072],[5.792,43.069],[5.790,43.068]]],[[[4.892,44.364],[4.893,44.367],[4.894,44.369],[4.899,44.369],[4.902,44.371],[4.902,44.372],[4.904,44.373],[4.906,44.374],[4.908,44.377],[4.910,44.383],[4.911,44.387],[4.909,44.396],[4.914,44.401],[4.918,44.407],[4.921,44.409],[4.923,44.408],[4.925,44.408],[4.926,44.409],[4.928,44.411],[4.930,44.412],[4.932,44.411],[4.935,44.412],[4.939,44.414],[4.943,44.414],[4.946,44.414],[4.947,44.416],[4.951,44.418],[4.951,44.420],[4.955,44.420],[4.959,44.419],[4.960,44.420],[4.963,44.421],[4.964,44.423],[4.964,44.424],[4.968,44.427],[4.969,44.429],[4.970,44.431],[4.973,44.431],[4.976,44.428],[4.977,44.427],[4.977,44.424],[4.978,44.423],[4.984,44.423],[4.988,44.423],[4.990,44.420],[4.995,44.416],[5.001,44.412],[5.006,44.411],[5.009,44.410],[5.010,44.411],[5.012,44.415],[5.017,44.416],[5.018,44.415],[5.020,44.410],[5.017,44.408],[5.017,44.407],[5.013,44.405],[5.014,44.400],[5.015,44.393],[5.018,44.393],[5.020,44.391],[5.022,44.391],[5.026,44.392],[5.028,44.391],[5.031,44.390],[5.032,44.391],[5.034,44.390],[5.036,44.389],[5.038,44.387],[5.042,44.387],[5.044,44.385],[5.044,44.383],[5.045,44.382],[5.047,44.381],[5.051,44.381],[5.054,44.381],[5.055,44.382],[5.057,44.383],[5.059,44.384],[5.062,44.384],[5.064,44.383],[5.064,44.382],[5.065,44.381],[5.067,44.382],[5.068,44.383],[5.071,44.383],[5.072,44.380],[5.071,44.377],[5.068,44.375],[5.067,44.374],[5.063,44.373],[5.062,44.372],[5.059,44.371],[5.057,44.370],[5.056,44.367],[5.055,44.365],[5.047,44.363],[5.042,44.362],[5.040,44.364],[5.036,44.364],[5.034,44.363],[5.032,44.361],[5.027,44.362],[5.025,44.362],[5.023,44.360],[5.022,44.358],[5.021,44.353],[5.022,44.349],[5.023,44.347],[5.023,44.345],[5.020,44.342],[5.019,44.341],[5.017,44.341],[5.014,44.338],[5.014,44.337],[5.011,44.336],[5.009,44.333],[5.009,44.331],[5.010,44.327],[5.013,44.325],[5.011,44.324],[5.008,44.323],[5.000,44.319],[4.996,44.319],[4.998,44.317],[4.995,44.316],[4.993,44.314],[4.990,44.311],[4.990,44.310],[4.989,44.308],[4.989,44.306],[4.988,44.303],[4.987,44.301],[4.987,44.299],[4.988,44.297],[4.987,44.293],[4.987,44.292],[4.979,44.297],[4.976,44.297],[4.971,44.298],[4.968,44.299],[4.962,44.299],[4.959,44.298],[4.959,44.300],[4.956,44.302],[4.955,44.301],[4.950,44.300],[4.949,44.303],[4.947,44.303],[4.944,44.305],[4.942,44.306],[4.937,44.306],[4.933,44.307],[4.922,44.308],[4.917,44.308],[4.912,44.307],[4.908,44.306],[4.901,44.305],[4.897,44.305],[4.891,44.304],[4.890,44.305],[4.891,44.310],[4.891,44.313],[4.887,44.316],[4.884,44.320],[4.881,44.324],[4.882,44.326],[4.884,44.329],[4.886,44.329],[4.887,44.331],[4.889,44.333],[4.894,44.332],[4.895,44.338],[4.885,44.342],[4.879,44.345],[4.878,44.345],[4.869,44.345],[4.870,44.348],[4.872,44.350],[4.877,44.352],[4.880,44.353],[4.880,44.355],[4.883,44.355],[4.884,44.357],[4.887,44.358],[4.890,44.359],[4.892,44.361],[4.892,44.364]]]]}},{"properties":{"regionId":"estambul","iso":"TR"},"type":"Feature","geometry":{"type":"MultiPolygon","coordinates":[[[[29.863,41.142],[29.880,41.112],[29.881,41.086],[29.848,41.069],[29.793,41.064],[29.715,41.040],[29.652,41.010],[29.598,41.011],[29.565,41.029],[29.496,41.035],[29.487,41.007],[29.468,40.990],[29.431,40.974],[29.421,40.952],[29.423,40.924],[29.348,40.891],[29.322,40.858],[29.287,40.849],[29.237,40.874],[29.227,40.870],[29.144,40.900],[29.097,40.950],[29.021,40.978],[29.006,41.023],[29.051,41.048],[29.064,41.098],[29.095,41.117],[29.071,41.142],[29.074,41.166],[29.106,41.180],[29.129,41.208],[29.164,41.224],[29.213,41.220],[29.258,41.230],[29.353,41.212],[29.389,41.215],[29.505,41.184],[29.588,41.169],[29.624,41.180],[29.674,41.161],[29.702,41.163],[29.732,41.155],[29.765,41.160],[29.851,41.137],[29.863,41.142]]],[[[28.123,41.059],[28.057,41.150],[28.082,41.204],[28.097,41.217],[28.142,41.234],[28.153,41.246],[28.174,41.311],[28.199,41.363],[28.204,41.428],[28.219,41.481],[28.231,41.499],[28.177,41.534],[28.199,41.548],[28.219,41.523],[28.261,41.502],[28.389,41.447],[28.542,41.388],[28.638,41.348],[28.742,41.326],[28.811,41.305],[28.838,41.286],[28.915,41.272],[28.965,41.253],[29.029,41.245],[29.048,41.257],[29.090,41.247],[29.116,41.234],[29.105,41.205],[29.072,41.174],[29.037,41.154],[29.072,41.122],[29.057,41.106],[29.057,41.081],[29.033,41.049],[28.998,41.038],[28.979,41.001],[28.936,41.001],[28.924,40.987],[28.873,40.968],[28.849,40.974],[28.840,40.958],[28.809,40.955],[28.767,40.981],[28.739,40.970],[28.697,40.973],[28.685,40.963],[28.619,40.960],[28.595,40.973],[28.599,41.009],[28.572,41.019],[28.552,41.007],[28.544,40.985],[28.510,40.997],[28.459,41.027],[28.425,41.039],[28.349,41.056],[28.259,41.062],[28.233,41.077],[28.213,41.070],[28.163,41.072],[28.123,41.059]]]]}},{"properties":{"regionId":"capadocia","iso":"TR"},"type":"Feature","geometry":{"type":"Polygon","coordinates":[[[34.262,38.793],[34.244,38.748],[34.206,38.690],[34.219,38.654],[34.273,38.620],[34.289,38.594],[34.348,38.473],[34.386,38.452],[34.394,38.438],[34.384,38.417],[34.366,38.352],[34.363,38.290],[34.396,38.233],[34.395,38.171],[34.325,38.131],[34.297,38.089],[34.268,38.056],[34.254,38.053],[34.211,38.070],[34.180,38.067],[34.143,38.047],[34.125,38.013],[34.063,38.010],[34.022,37.994],[33.959,37.981],[33.886,37.976],[33.766,37.955],[33.708,37.956],[33.654,37.946],[33.581,37.945],[33.507,37.933],[33.454,37.935],[33.413,37.951],[33.362,38.003],[33.289,38.117],[33.282,38.138],[33.243,38.201],[33.240,38.247],[33.280,38.304],[33.301,38.347],[33.303,38.385],[33.320,38.434],[33.380,38.562],[33.407,38.576],[33.465,38.636],[33.632,38.698],[33.681,38.711],[33.803,38.712],[33.828,38.716],[33.903,38.771],[33.923,38.780],[33.942,38.803],[33.946,38.829],[33.890,38.946],[33.890,38.967],[33.926,39.008],[34.005,38.948],[34.040,38.930],[34.077,38.903],[34.144,38.895],[34.185,38.874],[34.221,38.815],[34.262,38.793]]]}},{"properties":{"regionId":"capadocia","iso":"TR"},"type":"Feature","geometry":{"type":"Polygon","coordinates":[[[36.732,38.591],[36.705,38.578],[36.693,38.533],[36.675,38.499],[36.648,38.476],[36.607,38.430],[36.584,38.394],[36.535,38.343],[36.491,38.316],[36.443,38.383],[36.436,38.418],[36.408,38.455],[36.377,38.466],[36.320,38.466],[36.271,38.452],[36.224,38.432],[36.169,38.417],[36.146,38.402],[36.111,38.349],[36.091,38.306],[36.013,38.185],[35.944,38.161],[35.887,38.137],[35.863,38.120],[35.761,38.085],[35.734,38.079],[35.680,38.059],[35.660,38.034],[35.636,37.973],[35.604,37.948],[35.472,37.921],[35.437,37.919],[35.329,37.942],[35.302,37.944],[35.265,37.959],[35.310,38.031],[35.312,38.153],[35.308,38.177],[35.279,38.221],[35.236,38.254],[35.115,38.260],[35.063,38.282],[35.048,38.300],[35.009,38.396],[34.989,38.425],[34.973,38.431],[34.922,38.432],[34.908,38.461],[34.908,38.504],[34.924,38.536],[34.939,38.546],[35.018,38.565],[35.070,38.613],[35.074,38.723],[35.064,38.753],[35.034,38.769],[34.996,38.773],[34.953,38.798],[34.956,38.850],[34.981,38.925],[34.987,38.966],[35.002,39.013],[35.037,39.038],[35.105,39.034],[35.150,39.016],[35.231,39.003],[35.478,39.096],[35.486,39.114],[35.467,39.142],[35.465,39.180],[35.481,39.188],[35.518,39.187],[35.550,39.202],[35.654,39.199],[35.677,39.203],[35.723,39.225],[35.789,39.276],[35.812,39.299],[35.848,39.282],[35.885,39.276],[35.904,39.245],[35.960,39.187],[36.021,39.143],[36.067,39.129],[36.286,39.129],[36.323,39.133],[36.374,39.153],[36.441,39.131],[36.469,39.131],[36.514,39.143],[36.589,39.172],[36.615,39.176],[36.777,39.175],[36.881,39.136],[36.917,39.107],[36.945,39.059],[36.917,38.990],[36.894,38.953],[36.857,38.862],[36.833,38.825],[36.798,38.737],[36.758,38.674],[36.750,38.627],[36.732,38.591]]]}},{"properties":{"regionId":"capadocia","iso":"TR"},"type":"Feature","geometry":{"type":"Polygon","coordinates":[[[35.037,39.038],[35.002,39.013],[34.987,38.966],[34.981,38.925],[34.956,38.850],[34.953,38.798],[34.996,38.773],[35.034,38.769],[35.064,38.753],[35.074,38.723],[35.070,38.613],[35.018,38.565],[34.939,38.546],[34.924,38.536],[34.908,38.504],[34.908,38.461],[34.922,38.432],[34.919,38.398],[34.882,38.366],[34.831,38.353],[34.785,38.353],[34.755,38.365],[34.714,38.394],[34.684,38.406],[34.656,38.407],[34.608,38.389],[34.545,38.376],[34.488,38.388],[34.458,38.399],[34.394,38.438],[34.386,38.452],[34.348,38.473],[34.289,38.594],[34.273,38.620],[34.219,38.654],[34.206,38.690],[34.244,38.748],[34.262,38.793],[34.302,38.815],[34.310,38.862],[34.339,38.885],[34.396,38.883],[34.435,38.876],[34.473,38.886],[34.476,38.920],[34.499,38.946],[34.520,38.990],[34.573,39.025],[34.578,39.038],[34.567,39.072],[34.577,39.084],[34.624,39.087],[34.638,39.105],[34.627,39.132],[34.628,39.178],[34.666,39.198],[34.696,39.226],[34.685,39.265],[34.701,39.293],[34.740,39.327],[34.754,39.351],[34.735,39.363],[34.671,39.320],[34.638,39.317],[34.609,39.327],[34.613,39.388],[34.635,39.423],[34.656,39.486],[34.677,39.474],[34.791,39.430],[34.800,39.420],[34.794,39.389],[34.915,39.340],[34.923,39.330],[34.897,39.246],[34.898,39.222],[34.945,39.184],[35.001,39.129],[35.002,39.096],[35.017,39.061],[35.037,39.038]]]}},{"properties":{"regionId":"costa-egeo","iso":"TR"},"type":"Feature","geometry":{"type":"Polygon","coordinates":[[[28.604,37.477],[28.540,37.493],[28.461,37.497],[28.419,37.516],[28.365,37.557],[28.308,37.585],[28.242,37.574],[28.212,37.553],[28.186,37.521],[28.176,37.497],[28.156,37.477],[28.127,37.470],[28.059,37.468],[28.005,37.459],[27.884,37.457],[27.849,37.467],[27.792,37.473],[27.698,37.497],[27.617,37.524],[27.513,37.574],[27.474,37.552],[27.444,37.505],[27.438,37.460],[27.414,37.415],[27.368,37.399],[27.354,37.370],[27.330,37.371],[27.310,37.343],[27.287,37.356],[27.261,37.336],[27.235,37.338],[27.192,37.353],[27.219,37.412],[27.223,37.484],[27.197,37.496],[27.192,37.573],[27.213,37.575],[27.216,37.591],[27.173,37.611],[27.098,37.637],[27.014,37.647],[27.002,37.661],[27.014,37.684],[27.100,37.680],[27.154,37.697],[27.206,37.708],[27.237,37.726],[27.263,37.772],[27.269,37.802],[27.258,37.824],[27.235,37.839],[27.244,37.858],[27.260,37.862],[27.267,37.892],[27.366,37.893],[27.441,37.916],[27.498,37.947],[27.508,37.972],[27.548,37.984],[27.680,37.983],[27.720,37.985],[27.752,37.972],[27.804,37.980],[27.873,37.985],[27.923,37.995],[27.938,38.018],[27.953,38.006],[27.993,38.008],[28.059,38.027],[28.165,38.029],[28.220,38.019],[28.257,38.020],[28.315,38.038],[28.447,38.067],[28.559,38.108],[28.682,38.114],[28.719,38.099],[28.711,38.077],[28.805,38.044],[28.858,38.002],[28.869,37.982],[28.843,37.968],[28.807,37.917],[28.793,37.906],[28.767,37.865],[28.764,37.843],[28.778,37.833],[28.800,37.795],[28.852,37.757],[28.879,37.697],[28.855,37.671],[28.756,37.615],[28.740,37.600],[28.687,37.598],[28.621,37.610],[28.596,37.606],[28.550,37.570],[28.556,37.544],[28.604,37.477]]]}},{"properties":{"regionId":"costa-egeo","iso":"TR"},"type":"Feature","geometry":{"type":"MultiPolygon","coordinates":[[[[26.359,38.456],[26.354,38.425],[26.327,38.427],[26.325,38.441],[26.359,38.456]]],[[[26.698,38.547],[26.727,38.532],[26.731,38.495],[26.749,38.481],[26.727,38.471],[26.693,38.483],[26.698,38.547]]],[[[28.559,38.108],[28.447,38.067],[28.315,38.038],[28.257,38.020],[28.220,38.019],[28.165,38.029],[28.059,38.027],[27.993,38.008],[27.953,38.006],[27.938,38.018],[27.923,37.995],[27.873,37.985],[27.804,37.980],[27.752,37.972],[27.720,37.985],[27.680,37.983],[27.548,37.984],[27.508,37.972],[27.498,37.947],[27.441,37.916],[27.366,37.893],[27.267,37.892],[27.260,37.913],[27.277,37.926],[27.271,37.951],[27.253,37.977],[27.205,37.992],[27.167,37.980],[27.119,37.994],[27.099,38.015],[27.072,38.025],[27.048,38.050],[27.014,38.055],[26.980,38.074],[26.947,38.075],[26.897,38.061],[26.872,38.029],[26.844,38.072],[26.851,38.102],[26.820,38.141],[26.824,38.158],[26.793,38.173],[26.769,38.173],[26.777,38.202],[26.751,38.222],[26.732,38.206],[26.659,38.209],[26.634,38.198],[26.633,38.168],[26.623,38.137],[26.612,38.135],[26.605,38.103],[26.581,38.109],[26.583,38.125],[26.543,38.119],[26.492,38.191],[26.469,38.190],[26.438,38.217],[26.409,38.213],[26.389,38.222],[26.386,38.246],[26.360,38.229],[26.334,38.225],[26.306,38.240],[26.297,38.259],[26.252,38.284],[26.275,38.291],[26.279,38.319],[26.294,38.322],[26.282,38.350],[26.317,38.357],[26.318,38.330],[26.360,38.309],[26.378,38.309],[26.401,38.332],[26.451,38.348],[26.516,38.430],[26.494,38.448],[26.442,38.475],[26.419,38.476],[26.412,38.456],[26.392,38.465],[26.409,38.494],[26.376,38.524],[26.380,38.544],[26.360,38.566],[26.361,38.593],[26.352,38.637],[26.369,38.664],[26.396,38.667],[26.414,38.680],[26.432,38.672],[26.477,38.673],[26.521,38.638],[26.551,38.601],[26.562,38.602],[26.569,38.559],[26.629,38.517],[26.641,38.469],[26.597,38.467],[26.603,38.441],[26.584,38.428],[26.615,38.416],[26.629,38.381],[26.645,38.370],[26.641,38.348],[26.658,38.324],[26.680,38.310],[26.701,38.315],[26.675,38.381],[26.682,38.408],[26.706,38.434],[26.735,38.429],[26.734,38.418],[26.762,38.370],[26.809,38.355],[26.837,38.371],[26.937,38.384],[27.019,38.415],[27.059,38.415],[27.086,38.398],[27.118,38.410],[27.142,38.442],[27.170,38.441],[27.159,38.466],[27.134,38.464],[27.110,38.449],[27.079,38.467],[27.026,38.467],[26.975,38.455],[26.951,38.443],[26.923,38.456],[26.912,38.481],[26.883,38.503],[26.882,38.534],[26.845,38.545],[26.836,38.588],[26.817,38.587],[26.801,38.609],[26.760,38.614],[26.732,38.649],[26.752,38.674],[26.731,38.697],[26.728,38.727],[26.740,38.741],[26.780,38.737],[26.790,38.748],[26.830,38.761],[26.840,38.742],[26.858,38.753],[26.875,38.735],[26.896,38.734],[26.905,38.764],[26.932,38.756],[26.938,38.767],[26.903,38.807],[26.925,38.829],[26.950,38.804],[26.976,38.808],[26.984,38.825],[26.962,38.830],[26.971,38.845],[27.020,38.866],[27.034,38.855],[27.065,38.879],[27.043,38.909],[27.057,38.913],[27.037,38.940],[27.008,38.912],[26.957,38.937],[26.925,38.938],[26.865,38.914],[26.853,38.930],[26.817,38.937],[26.797,38.955],[26.797,38.996],[26.804,39.038],[26.838,39.045],[26.850,39.057],[26.885,39.067],[26.877,39.100],[26.835,39.142],[26.812,39.156],[26.767,39.166],[26.764,39.173],[26.784,39.171],[26.900,39.236],[26.970,39.268],[27.106,39.374],[27.162,39.406],[27.176,39.421],[27.260,39.414],[27.309,39.396],[27.407,39.381],[27.443,39.330],[27.458,39.295],[27.464,39.230],[27.475,39.195],[27.470,39.171],[27.500,39.126],[27.505,39.098],[27.505,39.019],[27.462,38.998],[27.425,38.963],[27.395,38.956],[27.370,38.926],[27.289,38.905],[27.221,38.900],[27.168,38.891],[27.148,38.856],[27.124,38.779],[27.161,38.772],[27.218,38.750],[27.233,38.733],[27.250,38.669],[27.276,38.597],[27.279,38.572],[27.341,38.587],[27.354,38.577],[27.406,38.576],[27.461,38.562],[27.559,38.489],[27.637,38.463],[27.698,38.458],[27.742,38.446],[27.784,38.403],[27.821,38.350],[27.853,38.333],[27.887,38.339],[27.928,38.367],[28.016,38.402],[28.105,38.403],[28.145,38.392],[28.156,38.363],[28.229,38.333],[28.315,38.311],[28.385,38.307],[28.440,38.292],[28.476,38.249],[28.497,38.181],[28.527,38.135],[28.559,38.108]]]]}},{"properties":{"regionId":"costa-egeo","iso":"TR"},"type":"Feature","geometry":{"type":"MultiPolygon","coordinates":[[[[27.428,36.997],[27.484,36.977],[27.487,36.960],[27.457,36.964],[27.425,36.989],[27.428,36.997]]],[[[28.604,37.477],[28.613,37.452],[28.614,37.393],[28.626,37.380],[28.683,37.375],[28.744,37.355],[28.760,37.330],[28.766,37.271],[28.781,37.248],[28.836,37.235],[28.928,37.206],[28.956,37.182],[28.973,37.179],[29.002,37.156],[29.032,37.144],[29.063,37.104],[29.056,37.074],[29.074,37.050],[29.081,36.991],[29.108,36.957],[29.158,36.918],[29.190,36.887],[29.235,36.877],[29.262,36.881],[29.330,36.961],[29.333,37.027],[29.337,37.040],[29.387,37.076],[29.406,37.035],[29.406,36.999],[29.392,36.956],[29.411,36.948],[29.436,36.959],[29.484,36.993],[29.502,37.017],[29.525,37.027],[29.557,37.025],[29.616,37.002],[29.658,36.959],[29.684,36.919],[29.676,36.882],[29.641,36.825],[29.607,36.784],[29.591,36.735],[29.584,36.632],[29.561,36.600],[29.502,36.565],[29.429,36.510],[29.405,36.500],[29.336,36.450],[29.319,36.426],[29.328,36.401],[29.297,36.316],[29.262,36.300],[29.249,36.317],[29.216,36.325],[29.159,36.354],[29.139,36.358],[29.146,36.375],[29.122,36.376],[29.102,36.404],[29.128,36.414],[29.128,36.445],[29.100,36.475],[29.110,36.484],[29.127,36.528],[29.125,36.542],[29.097,36.545],[29.081,36.558],[29.045,36.558],[29.022,36.581],[29.040,36.619],[29.079,36.620],[29.077,36.645],[29.091,36.644],[29.087,36.621],[29.121,36.635],[29.091,36.679],[29.055,36.680],[29.010,36.710],[28.991,36.710],[28.970,36.730],[28.914,36.729],[28.898,36.698],[28.867,36.694],[28.869,36.604],[28.851,36.590],[28.829,36.605],[28.830,36.647],[28.790,36.685],[28.751,36.700],[28.673,36.705],[28.650,36.720],[28.626,36.698],[28.617,36.703],[28.625,36.752],[28.612,36.764],[28.629,36.773],[28.620,36.794],[28.584,36.816],[28.549,36.816],[28.529,36.807],[28.537,36.785],[28.502,36.790],[28.495,36.818],[28.463,36.811],[28.451,36.825],[28.454,36.852],[28.439,36.866],[28.420,36.855],[28.388,36.852],[28.388,36.836],[28.423,36.838],[28.427,36.828],[28.407,36.788],[28.381,36.787],[28.353,36.806],[28.306,36.815],[28.301,36.796],[28.270,36.797],[28.304,36.828],[28.268,36.852],[28.244,36.830],[28.232,36.806],[28.256,36.791],[28.249,36.772],[28.267,36.766],[28.274,36.735],[28.253,36.729],[28.216,36.691],[28.203,36.691],[28.163,36.669],[28.106,36.592],[28.090,36.584],[28.066,36.595],[28.035,36.562],[28.013,36.574],[27.983,36.554],[27.957,36.599],[27.982,36.611],[28.030,36.602],[28.068,36.613],[28.095,36.641],[28.068,36.673],[28.025,36.668],[27.963,36.675],[27.963,36.684],[28.001,36.704],[28.036,36.708],[28.050,36.720],[28.088,36.727],[28.102,36.705],[28.126,36.731],[28.084,36.743],[28.099,36.768],[28.122,36.773],[28.131,36.793],[28.118,36.803],[28.084,36.796],[28.078,36.775],[28.062,36.764],[28.041,36.768],[28.010,36.759],[27.951,36.759],[27.932,36.742],[27.910,36.755],[27.884,36.757],[27.859,36.744],[27.821,36.762],[27.795,36.755],[27.750,36.765],[27.720,36.759],[27.689,36.729],[27.679,36.704],[27.672,36.658],[27.639,36.675],[27.606,36.682],[27.533,36.671],[27.514,36.677],[27.479,36.651],[27.439,36.661],[27.402,36.679],[27.372,36.684],[27.366,36.699],[27.396,36.700],[27.422,36.714],[27.416,36.730],[27.427,36.748],[27.444,36.745],[27.465,36.762],[27.479,36.749],[27.528,36.752],[27.579,36.768],[27.600,36.763],[27.629,36.783],[27.622,36.794],[27.647,36.806],[27.681,36.798],[27.692,36.785],[27.774,36.789],[27.784,36.803],[27.815,36.812],[27.853,36.804],[27.901,36.807],[27.919,36.797],[27.982,36.799],[28.027,36.791],[28.060,36.800],[28.040,36.832],[28.017,36.827],[28.016,36.857],[28.034,36.857],[28.042,36.882],[28.032,36.906],[28.056,36.935],[28.096,36.940],[28.159,36.926],[28.168,36.941],[28.202,36.949],[28.200,36.968],[28.268,37.016],[28.319,37.022],[28.326,37.049],[28.274,37.049],[28.243,37.038],[28.195,37.039],[28.164,37.028],[28.122,37.034],[28.113,37.014],[28.065,37.024],[28.004,37.023],[27.980,37.031],[27.943,37.016],[27.924,37.030],[27.894,37.028],[27.787,37.004],[27.779,36.992],[27.721,37.002],[27.647,36.997],[27.634,36.977],[27.594,36.994],[27.562,36.987],[27.515,36.995],[27.508,36.985],[27.464,36.997],[27.437,37.031],[27.419,37.021],[27.395,37.029],[27.329,37.012],[27.332,36.989],[27.289,36.965],[27.263,36.964],[27.254,36.976],[27.258,37.003],[27.249,37.032],[27.229,37.039],[27.239,37.083],[27.318,37.119],[27.311,37.138],[27.368,37.151],[27.399,37.130],[27.435,37.124],[27.457,37.082],[27.474,37.082],[27.503,37.108],[27.555,37.133],[27.541,37.154],[27.540,37.178],[27.587,37.222],[27.589,37.237],[27.611,37.257],[27.612,37.279],[27.589,37.285],[27.581,37.271],[27.556,37.277],[27.540,37.251],[27.498,37.276],[27.475,37.254],[27.454,37.256],[27.485,37.291],[27.497,37.315],[27.493,37.331],[27.443,37.302],[27.411,37.304],[27.389,37.322],[27.382,37.353],[27.412,37.382],[27.432,37.381],[27.430,37.402],[27.414,37.415],[27.438,37.460],[27.444,37.505],[27.474,37.552],[27.513,37.574],[27.617,37.524],[27.698,37.497],[27.792,37.473],[27.849,37.467],[27.884,37.457],[28.005,37.459],[28.059,37.468],[28.127,37.470],[28.156,37.477],[28.176,37.497],[28.186,37.521],[28.212,37.553],[28.242,37.574],[28.308,37.585],[28.365,37.557],[28.419,37.516],[28.461,37.497],[28.540,37.493],[28.604,37.477]]]]}},{"properties":{"regionId":"antalya","iso":"TR"},"type":"Feature","geometry":{"type":"MultiPolygon","coordinates":[[[[29.592,36.166],[29.604,36.141],[29.559,36.120],[29.571,36.152],[29.592,36.166]]],[[[29.914,36.197],[29.880,36.169],[29.868,36.184],[29.914,36.197]]],[[[32.470,36.751],[32.459,36.721],[32.458,36.665],[32.507,36.556],[32.530,36.541],[32.548,36.514],[32.658,36.446],[32.638,36.395],[32.635,36.325],[32.646,36.283],[32.632,36.225],[32.608,36.174],[32.603,36.147],[32.587,36.118],[32.566,36.099],[32.520,36.095],[32.481,36.114],[32.461,36.133],[32.440,36.137],[32.414,36.161],[32.381,36.171],[32.342,36.213],[32.295,36.234],[32.277,36.260],[32.275,36.287],[32.210,36.342],[32.194,36.376],[32.165,36.417],[32.134,36.437],[32.115,36.469],[32.074,36.506],[32.029,36.538],[31.987,36.542],[31.960,36.558],[31.937,36.558],[31.832,36.595],[31.816,36.593],[31.775,36.611],[31.745,36.638],[31.725,36.637],[31.662,36.651],[31.635,36.672],[31.580,36.703],[31.495,36.737],[31.390,36.765],[31.387,36.780],[31.358,36.799],[31.309,36.814],[31.135,36.833],[31.006,36.858],[30.863,36.852],[30.757,36.844],[30.730,36.857],[30.700,36.884],[30.679,36.883],[30.615,36.844],[30.577,36.800],[30.563,36.722],[30.574,36.704],[30.571,36.674],[30.554,36.649],[30.559,36.611],[30.587,36.577],[30.541,36.522],[30.539,36.509],[30.507,36.468],[30.509,36.439],[30.483,36.436],[30.476,36.397],[30.497,36.367],[30.508,36.331],[30.489,36.317],[30.467,36.314],[30.470,36.297],[30.488,36.299],[30.487,36.279],[30.444,36.250],[30.435,36.232],[30.404,36.225],[30.399,36.251],[30.408,36.275],[30.361,36.274],[30.334,36.293],[30.274,36.315],[30.198,36.315],[30.149,36.300],[30.152,36.274],[30.096,36.246],[30.070,36.260],[29.991,36.224],[29.944,36.219],[29.924,36.233],[29.891,36.211],[29.887,36.194],[29.835,36.185],[29.809,36.170],[29.822,36.161],[29.777,36.136],[29.756,36.154],[29.728,36.163],[29.710,36.148],[29.654,36.147],[29.630,36.169],[29.650,36.191],[29.566,36.209],[29.476,36.211],[29.449,36.228],[29.406,36.233],[29.416,36.261],[29.374,36.261],[29.358,36.230],[29.306,36.258],[29.260,36.293],[29.262,36.300],[29.297,36.316],[29.328,36.401],[29.319,36.426],[29.336,36.450],[29.405,36.500],[29.429,36.510],[29.502,36.565],[29.561,36.600],[29.584,36.632],[29.591,36.735],[29.607,36.784],[29.641,36.825],[29.676,36.882],[29.684,36.919],[29.737,36.927],[29.761,36.942],[29.809,36.990],[29.828,37.028],[29.832,37.072],[29.848,37.121],[29.877,37.161],[29.911,37.183],[30.047,37.237],[30.068,37.239],[30.115,37.257],[30.188,37.274],[30.239,37.293],[30.295,37.306],[30.353,37.304],[30.369,37.291],[30.398,37.239],[30.444,37.223],[30.673,37.224],[30.728,37.235],[30.790,37.236],[30.805,37.224],[30.831,37.260],[30.871,37.355],[30.915,37.372],[30.942,37.371],[30.977,37.347],[31.003,37.344],[31.047,37.361],[31.179,37.389],[31.231,37.420],[31.323,37.424],[31.358,37.397],[31.374,37.370],[31.449,37.344],[31.539,37.337],[31.561,37.330],[31.712,37.328],[31.795,37.314],[31.866,37.274],[31.996,37.173],[32.067,37.135],[32.092,37.094],[32.139,37.061],[32.183,37.039],[32.239,36.994],[32.260,36.943],[32.264,36.910],[32.279,36.863],[32.291,36.850],[32.329,36.840],[32.395,36.837],[32.417,36.827],[32.437,36.805],[32.470,36.751]]]]}},{"properties":{"regionId":"nara","iso":"JP"},"type":"Feature","geometry":{"type":"MultiPolygon","coordinates":[[[[135.714,34.778],[135.731,34.775],[135.734,34.759],[135.739,34.749],[135.748,34.743],[135.756,34.735],[135.758,34.724],[135.770,34.722],[135.780,34.720],[135.796,34.720],[135.806,34.718],[135.814,34.712],[135.835,34.709],[135.846,34.705],[135.855,34.702],[135.875,34.708],[135.893,34.706],[135.899,34.726],[135.907,34.733],[135.914,34.740],[135.919,34.750],[135.930,34.753],[135.926,34.738],[135.935,34.734],[135.946,34.735],[135.953,34.742],[135.962,34.736],[135.976,34.737],[135.985,34.731],[135.988,34.721],[135.989,34.711],[136.001,34.710],[136.011,34.713],[136.031,34.706],[136.037,34.715],[136.043,34.722],[136.048,34.737],[136.066,34.723],[136.071,34.714],[136.067,34.705],[136.078,34.692],[136.082,34.680],[136.088,34.672],[136.079,34.655],[136.069,34.650],[136.073,34.635],[136.072,34.625],[136.065,34.616],[136.055,34.604],[136.050,34.594],[136.050,34.583],[136.056,34.574],[136.063,34.566],[136.074,34.564],[136.083,34.559],[136.092,34.555],[136.102,34.552],[136.116,34.544],[136.136,34.551],[136.148,34.553],[136.157,34.556],[136.163,34.546],[136.171,34.536],[136.173,34.525],[136.181,34.514],[136.190,34.519],[136.201,34.521],[136.214,34.525],[136.221,34.516],[136.221,34.506],[136.222,34.493],[136.229,34.484],[136.218,34.477],[136.214,34.466],[136.210,34.456],[136.209,34.445],[136.190,34.446],[136.178,34.442],[136.166,34.445],[136.155,34.441],[136.145,34.438],[136.135,34.440],[136.124,34.439],[136.108,34.432],[136.098,34.431],[136.092,34.416],[136.088,34.407],[136.079,34.401],[136.073,34.391],[136.079,34.383],[136.088,34.376],[136.094,34.365],[136.100,34.350],[136.104,34.339],[136.111,34.326],[136.121,34.322],[136.131,34.313],[136.124,34.307],[136.108,34.301],[136.097,34.298],[136.100,34.288],[136.107,34.280],[136.116,34.274],[136.123,34.266],[136.124,34.255],[136.133,34.249],[136.124,34.235],[136.116,34.220],[136.121,34.211],[136.110,34.207],[136.103,34.199],[136.096,34.192],[136.101,34.183],[136.111,34.181],[136.108,34.171],[136.115,34.163],[136.114,34.152],[136.109,34.143],[136.107,34.132],[136.110,34.122],[136.107,34.110],[136.110,34.099],[136.108,34.089],[136.096,34.078],[136.097,34.067],[136.096,34.053],[136.098,34.043],[136.103,34.033],[136.103,34.022],[136.090,34.024],[136.080,34.027],[136.069,34.030],[136.049,34.031],[136.040,34.037],[136.032,34.029],[136.021,34.033],[136.018,34.023],[136.010,34.015],[136.006,34.006],[135.993,33.999],[135.979,33.985],[135.969,33.982],[135.959,33.977],[135.948,33.976],[135.937,33.976],[135.927,33.975],[135.918,33.969],[135.910,33.957],[135.902,33.950],[135.895,33.942],[135.899,33.931],[135.902,33.922],[135.887,33.920],[135.872,33.916],[135.867,33.906],[135.862,33.896],[135.849,33.893],[135.838,33.892],[135.828,33.897],[135.819,33.902],[135.809,33.901],[135.804,33.892],[135.791,33.889],[135.780,33.884],[135.769,33.887],[135.760,33.882],[135.744,33.887],[135.735,33.892],[135.727,33.899],[135.716,33.899],[135.705,33.900],[135.693,33.899],[135.684,33.895],[135.673,33.897],[135.665,33.889],[135.659,33.880],[135.646,33.873],[135.635,33.871],[135.625,33.874],[135.628,33.884],[135.624,33.895],[135.605,33.901],[135.614,33.916],[135.615,33.926],[135.619,33.935],[135.624,33.949],[135.634,33.946],[135.639,33.956],[135.642,33.967],[135.641,33.978],[135.637,33.988],[135.627,33.999],[135.618,34.006],[135.608,34.009],[135.597,34.008],[135.597,34.020],[135.600,34.030],[135.597,34.041],[135.587,34.046],[135.582,34.054],[135.572,34.054],[135.563,34.060],[135.553,34.065],[135.542,34.071],[135.552,34.083],[135.549,34.094],[135.558,34.099],[135.565,34.106],[135.574,34.110],[135.583,34.119],[135.587,34.129],[135.590,34.139],[135.607,34.150],[135.625,34.155],[135.626,34.166],[135.635,34.174],[135.644,34.179],[135.641,34.190],[135.637,34.201],[135.643,34.209],[135.652,34.215],[135.662,34.214],[135.671,34.221],[135.681,34.219],[135.691,34.214],[135.700,34.208],[135.712,34.205],[135.720,34.212],[135.730,34.218],[135.732,34.230],[135.726,34.240],[135.721,34.258],[135.712,34.265],[135.703,34.272],[135.693,34.273],[135.681,34.270],[135.676,34.279],[135.676,34.289],[135.671,34.298],[135.671,34.313],[135.663,34.323],[135.663,34.340],[135.666,34.351],[135.660,34.360],[135.656,34.370],[135.645,34.380],[135.666,34.393],[135.676,34.395],[135.677,34.409],[135.669,34.416],[135.676,34.424],[135.683,34.432],[135.686,34.442],[135.685,34.452],[135.686,34.466],[135.683,34.476],[135.682,34.491],[135.676,34.499],[135.679,34.510],[135.679,34.522],[135.664,34.527],[135.655,34.543],[135.660,34.553],[135.665,34.562],[135.675,34.567],[135.684,34.581],[135.679,34.591],[135.673,34.600],[135.663,34.598],[135.654,34.603],[135.661,34.611],[135.663,34.621],[135.666,34.640],[135.669,34.649],[135.676,34.667],[135.680,34.677],[135.675,34.687],[135.680,34.702],[135.689,34.708],[135.697,34.714],[135.706,34.721],[135.702,34.731],[135.702,34.746],[135.712,34.749],[135.711,34.760],[135.714,34.778]]]]}},{"properties":{"regionId":"osaka","iso":"JP"},"type":"Feature","geometry":{"type":"MultiPolygon","coordinates":[[[[135.714,34.778],[135.711,34.760],[135.712,34.749],[135.702,34.746],[135.702,34.731],[135.706,34.721],[135.697,34.714],[135.689,34.708],[135.680,34.702],[135.675,34.687],[135.680,34.677],[135.676,34.667],[135.669,34.649],[135.666,34.640],[135.663,34.621],[135.661,34.611],[135.654,34.603],[135.663,34.598],[135.673,34.600],[135.679,34.591],[135.684,34.581],[135.675,34.567],[135.665,34.562],[135.660,34.553],[135.655,34.543],[135.664,34.527],[135.679,34.522],[135.679,34.510],[135.676,34.499],[135.682,34.491],[135.683,34.476],[135.686,34.466],[135.685,34.452],[135.686,34.442],[135.683,34.432],[135.676,34.424],[135.669,34.416],[135.677,34.409],[135.676,34.395],[135.666,34.393],[135.645,34.380],[135.635,34.379],[135.624,34.380],[135.611,34.374],[135.601,34.376],[135.591,34.372],[135.580,34.372],[135.570,34.368],[135.562,34.361],[135.553,34.354],[135.540,34.352],[135.531,34.348],[135.519,34.338],[135.506,34.340],[135.495,34.351],[135.488,34.359],[135.475,34.349],[135.465,34.344],[135.456,34.346],[135.437,34.344],[135.429,34.337],[135.411,34.338],[135.396,34.328],[135.386,34.326],[135.372,34.327],[135.361,34.329],[135.351,34.327],[135.341,34.331],[135.332,34.313],[135.319,34.312],[135.309,34.311],[135.304,34.300],[135.295,34.295],[135.289,34.304],[135.285,34.314],[135.272,34.309],[135.259,34.312],[135.25,34.309],[135.241,34.303],[135.231,34.298],[135.221,34.301],[135.210,34.305],[135.207,34.295],[135.206,34.284],[135.195,34.283],[135.187,34.276],[135.176,34.276],[135.166,34.275],[135.151,34.279],[135.141,34.277],[135.134,34.269],[135.125,34.271],[135.113,34.270],[135.110,34.280],[135.101,34.286],[135.104,34.297],[135.106,34.307],[135.096,34.310],[135.108,34.319],[135.130,34.321],[135.138,34.316],[135.143,34.316],[135.150,34.321],[135.156,34.329],[135.176,34.336],[135.183,34.335],[135.189,34.333],[135.210,34.342],[135.225,34.346],[135.251,34.369],[135.255,34.371],[135.268,34.376],[135.273,34.379],[135.276,34.380],[135.281,34.387],[135.293,34.393],[135.310,34.411],[135.322,34.415],[135.326,34.418],[135.324,34.422],[135.330,34.424],[135.331,34.428],[135.328,34.433],[135.329,34.434],[135.337,34.434],[135.341,34.437],[135.342,34.442],[135.354,34.443],[135.354,34.446],[135.352,34.448],[135.359,34.454],[135.361,34.452],[135.363,34.452],[135.365,34.458],[135.364,34.463],[135.372,34.466],[135.377,34.469],[135.376,34.471],[135.368,34.471],[135.374,34.477],[135.383,34.473],[135.386,34.476],[135.383,34.478],[135.384,34.486],[135.377,34.489],[135.377,34.491],[135.383,34.496],[135.385,34.492],[135.391,34.493],[135.392,34.497],[135.392,34.501],[135.396,34.504],[135.396,34.511],[135.406,34.513],[135.414,34.510],[135.411,34.516],[135.412,34.519],[135.416,34.520],[135.421,34.519],[135.423,34.519],[135.427,34.520],[135.430,34.523],[135.434,34.527],[135.440,34.533],[135.442,34.537],[135.446,34.542],[135.452,34.549],[135.453,34.553],[135.450,34.555],[135.443,34.556],[135.437,34.557],[135.431,34.557],[135.425,34.559],[135.417,34.561],[135.411,34.564],[135.410,34.573],[135.412,34.576],[135.413,34.576],[135.416,34.576],[135.418,34.574],[135.424,34.578],[135.428,34.576],[135.428,34.573],[135.433,34.571],[135.436,34.574],[135.433,34.588],[135.439,34.585],[135.442,34.581],[135.448,34.580],[135.450,34.579],[135.453,34.567],[135.457,34.566],[135.459,34.568],[135.463,34.576],[135.456,34.582],[135.457,34.584],[135.456,34.584],[135.458,34.586],[135.467,34.588],[135.468,34.592],[135.453,34.589],[135.443,34.589],[135.439,34.590],[135.432,34.600],[135.432,34.604],[135.436,34.601],[135.448,34.598],[135.450,34.601],[135.446,34.607],[135.476,34.604],[135.464,34.608],[135.442,34.611],[135.435,34.611],[135.430,34.613],[135.429,34.617],[135.433,34.619],[135.437,34.618],[135.442,34.618],[135.441,34.622],[135.445,34.623],[135.448,34.621],[135.451,34.617],[135.455,34.617],[135.455,34.619],[135.459,34.623],[135.462,34.622],[135.466,34.623],[135.470,34.623],[135.474,34.624],[135.480,34.627],[135.485,34.631],[135.485,34.636],[135.481,34.636],[135.477,34.633],[135.475,34.632],[135.472,34.629],[135.467,34.627],[135.462,34.626],[135.456,34.627],[135.458,34.630],[135.461,34.631],[135.466,34.633],[135.468,34.635],[135.464,34.637],[135.459,34.640],[135.460,34.642],[135.464,34.643],[135.466,34.643],[135.469,34.640],[135.473,34.641],[135.473,34.644],[135.473,34.649],[135.469,34.650],[135.464,34.650],[135.459,34.647],[135.456,34.645],[135.454,34.646],[135.450,34.646],[135.444,34.648],[135.440,34.651],[135.434,34.652],[135.434,34.655],[135.437,34.656],[135.451,34.665],[135.453,34.670],[135.461,34.675],[135.456,34.676],[135.462,34.682],[135.466,34.697],[135.462,34.730],[135.458,34.757],[135.447,34.766],[135.447,34.776],[135.445,34.786],[135.435,34.794],[135.421,34.808],[135.422,34.819],[135.425,34.838],[135.424,34.848],[135.433,34.853],[135.435,34.863],[135.442,34.883],[135.444,34.894],[135.432,34.896],[135.423,34.904],[135.431,34.912],[135.441,34.916],[135.453,34.916],[135.463,34.915],[135.469,34.925],[135.451,34.930],[135.441,34.933],[135.431,34.933],[135.420,34.931],[135.412,34.941],[135.399,34.940],[135.389,34.943],[135.385,34.952],[135.374,34.950],[135.363,34.951],[135.357,34.959],[135.349,34.965],[135.352,34.975],[135.361,34.980],[135.355,34.989],[135.355,34.999],[135.356,35.010],[135.357,35.021],[135.342,35.022],[135.337,35.031],[135.341,35.040],[135.351,35.044],[135.362,35.046],[135.373,35.042],[135.384,35.027],[135.383,35.011],[135.392,35.007],[135.402,35.004],[135.412,35.008],[135.420,34.999],[135.432,35.002],[135.443,35.004],[135.453,34.999],[135.464,34.997],[135.472,34.992],[135.483,34.991],[135.492,34.986],[135.486,34.978],[135.489,34.968],[135.488,34.952],[135.496,34.937],[135.508,34.942],[135.517,34.937],[135.524,34.928],[135.538,34.922],[135.544,34.912],[135.554,34.913],[135.565,34.914],[135.575,34.913],[135.584,34.922],[135.582,34.934],[135.564,34.940],[135.569,34.949],[135.575,34.958],[135.577,34.968],[135.587,34.971],[135.596,34.965],[135.606,34.967],[135.616,34.967],[135.619,34.952],[135.615,34.942],[135.625,34.930],[135.635,34.931],[135.645,34.926],[135.653,34.916],[135.656,34.906],[135.667,34.900],[135.679,34.894],[135.684,34.885],[135.687,34.867],[135.694,34.860],[135.694,34.849],[135.704,34.847],[135.712,34.841],[135.718,34.833],[135.725,34.823],[135.739,34.810],[135.746,34.801],[135.746,34.791],[135.739,34.782],[135.731,34.775],[135.714,34.778]]]]}},{"properties":{"regionId":"tokio","iso":"JP"},"type":"Feature","geometry":{"type":"MultiPolygon","coordinates":[[[[139.013,35.893],[139.026,35.894],[139.036,35.888],[139.045,35.882],[139.053,35.875],[139.062,35.871],[139.072,35.868],[139.082,35.872],[139.092,35.867],[139.102,35.864],[139.114,35.861],[139.124,35.861],[139.136,35.861],[139.146,35.860],[139.156,35.856],[139.164,35.850],[139.177,35.845],[139.186,35.840],[139.198,35.836],[139.207,35.841],[139.218,35.841],[139.229,35.836],[139.239,35.836],[139.249,35.833],[139.264,35.833],[139.274,35.836],[139.285,35.836],[139.295,35.833],[139.305,35.830],[139.307,35.820],[139.318,35.821],[139.321,35.805],[139.326,35.795],[139.343,35.791],[139.355,35.790],[139.365,35.788],[139.372,35.780],[139.384,35.771],[139.392,35.763],[139.404,35.765],[139.414,35.764],[139.442,35.766],[139.456,35.765],[139.465,35.770],[139.476,35.771],[139.485,35.777],[139.499,35.776],[139.509,35.779],[139.518,35.785],[139.529,35.788],[139.536,35.796],[139.546,35.778],[139.539,35.772],[139.550,35.760],[139.566,35.758],[139.578,35.764],[139.587,35.771],[139.597,35.775],[139.614,35.767],[139.624,35.763],[139.628,35.774],[139.635,35.783],[139.643,35.791],[139.659,35.796],[139.669,35.797],[139.680,35.796],[139.691,35.798],[139.701,35.795],[139.720,35.789],[139.737,35.786],[139.749,35.783],[139.760,35.788],[139.759,35.798],[139.758,35.809],[139.770,35.814],[139.780,35.807],[139.792,35.802],[139.803,35.803],[139.819,35.808],[139.827,35.791],[139.837,35.794],[139.847,35.795],[139.862,35.792],[139.874,35.794],[139.892,35.781],[139.888,35.770],[139.894,35.746],[139.904,35.738],[139.916,35.724],[139.925,35.711],[139.931,35.696],[139.931,35.682],[139.930,35.672],[139.924,35.659],[139.915,35.651],[139.902,35.646],[139.893,35.638],[139.891,35.622],[139.883,35.622],[139.880,35.623],[139.879,35.626],[139.879,35.629],[139.884,35.637],[139.895,35.646],[139.896,35.655],[139.896,35.662],[139.892,35.662],[139.889,35.659],[139.891,35.654],[139.889,35.650],[139.876,35.642],[139.872,35.636],[139.856,35.638],[139.858,35.665],[139.855,35.674],[139.848,35.675],[139.848,35.673],[139.848,35.671],[139.851,35.667],[139.851,35.653],[139.849,35.652],[139.838,35.658],[139.835,35.664],[139.833,35.662],[139.834,35.653],[139.845,35.648],[139.847,35.640],[139.845,35.637],[139.831,35.633],[139.829,35.634],[139.828,35.658],[139.822,35.661],[139.812,35.657],[139.807,35.655],[139.805,35.651],[139.810,35.648],[139.809,35.642],[139.811,35.637],[139.805,35.633],[139.807,35.630],[139.806,35.625],[139.800,35.625],[139.802,35.618],[139.799,35.619],[139.789,35.629],[139.787,35.624],[139.790,35.620],[139.792,35.616],[139.796,35.607],[139.791,35.605],[139.784,35.610],[139.775,35.623],[139.777,35.627],[139.782,35.631],[139.780,35.634],[139.788,35.639],[139.793,35.637],[139.803,35.643],[139.802,35.646],[139.799,35.647],[139.793,35.646],[139.788,35.644],[139.794,35.651],[139.791,35.655],[139.785,35.651],[139.779,35.648],[139.777,35.652],[139.780,35.656],[139.778,35.661],[139.772,35.659],[139.769,35.656],[139.768,35.648],[139.765,35.638],[139.759,35.636],[139.760,35.632],[139.765,35.632],[139.765,35.621],[139.765,35.618],[139.778,35.593],[139.785,35.586],[139.793,35.581],[139.792,35.577],[139.765,35.577],[139.758,35.600],[139.755,35.600],[139.755,35.597],[139.749,35.592],[139.749,35.591],[139.753,35.589],[139.756,35.579],[139.760,35.565],[139.771,35.562],[139.773,35.565],[139.779,35.566],[139.781,35.565],[139.775,35.561],[139.775,35.556],[139.777,35.551],[139.782,35.545],[139.787,35.538],[139.791,35.533],[139.801,35.521],[139.803,35.514],[139.799,35.513],[139.772,35.540],[139.744,35.541],[139.729,35.540],[139.719,35.537],[139.707,35.533],[139.707,35.549],[139.692,35.554],[139.683,35.559],[139.676,35.567],[139.673,35.578],[139.666,35.586],[139.652,35.590],[139.636,35.601],[139.624,35.609],[139.604,35.614],[139.588,35.617],[139.577,35.619],[139.565,35.631],[139.555,35.633],[139.541,35.634],[139.530,35.639],[139.519,35.623],[139.509,35.619],[139.499,35.614],[139.492,35.601],[139.483,35.608],[139.477,35.616],[139.467,35.621],[139.455,35.611],[139.472,35.600],[139.482,35.592],[139.496,35.585],[139.489,35.573],[139.491,35.558],[139.484,35.542],[139.487,35.533],[139.489,35.523],[139.484,35.512],[139.486,35.501],[139.471,35.500],[139.467,35.510],[139.457,35.517],[139.457,35.528],[139.449,35.536],[139.441,35.542],[139.431,35.548],[139.424,35.556],[139.416,35.562],[139.411,35.572],[139.402,35.579],[139.385,35.586],[139.370,35.593],[139.359,35.595],[139.348,35.598],[139.338,35.600],[139.326,35.601],[139.311,35.601],[139.301,35.604],[139.292,35.608],[139.282,35.608],[139.272,35.606],[139.260,35.600],[139.248,35.601],[139.239,35.607],[139.232,35.615],[139.225,35.621],[139.219,35.632],[139.218,35.642],[139.208,35.648],[139.197,35.648],[139.187,35.641],[139.175,35.647],[139.170,35.656],[139.164,35.664],[139.144,35.667],[139.133,35.670],[139.124,35.675],[139.115,35.682],[139.105,35.688],[139.095,35.688],[139.085,35.691],[139.074,35.693],[139.064,35.698],[139.054,35.702],[139.044,35.707],[139.035,35.712],[139.026,35.717],[139.021,35.726],[139.010,35.743],[138.999,35.748],[138.993,35.758],[138.985,35.783],[138.978,35.791],[138.973,35.800],[138.974,35.811],[138.972,35.821],[138.964,35.827],[138.956,35.833],[138.951,35.842],[138.946,35.851],[138.949,35.862],[138.956,35.870],[138.967,35.874],[138.977,35.879],[138.987,35.878],[138.999,35.881],[139.013,35.893]]]]}},{"properties":{"regionId":"kioto","iso":"JP"},"type":"Feature","geometry":{"type":"MultiPolygon","coordinates":[[[[134.870,35.658],[134.871,35.659],[134.881,35.660],[134.888,35.653],[134.886,35.646],[134.887,35.645],[134.893,35.647],[134.899,35.645],[134.905,35.648],[134.915,35.644],[134.925,35.644],[134.935,35.646],[134.954,35.654],[134.958,35.656],[134.967,35.662],[134.969,35.665],[134.968,35.670],[134.977,35.676],[134.978,35.681],[134.984,35.683],[134.989,35.691],[134.996,35.690],[135,35.690],[135.002,35.690],[135.008,35.693],[135.021,35.688],[135.027,35.689],[135.033,35.691],[135.038,35.700],[135.046,35.699],[135.051,35.702],[135.061,35.705],[135.066,35.710],[135.071,35.716],[135.081,35.720],[135.089,35.726],[135.089,35.731],[135.086,35.736],[135.087,35.738],[135.095,35.739],[135.098,35.743],[135.103,35.741],[135.107,35.743],[135.110,35.746],[135.119,35.744],[135.125,35.745],[135.133,35.749],[135.138,35.755],[135.142,35.756],[135.149,35.750],[135.153,35.750],[135.157,35.753],[135.166,35.752],[135.168,35.757],[135.177,35.756],[135.181,35.760],[135.183,35.761],[135.193,35.762],[135.200,35.768],[135.209,35.763],[135.213,35.763],[135.224,35.769],[135.226,35.777],[135.229,35.778],[135.234,35.772],[135.243,35.768],[135.251,35.758],[135.260,35.759],[135.261,35.757],[135.258,35.751],[135.258,35.747],[135.281,35.740],[135.280,35.730],[135.290,35.731],[135.294,35.717],[135.293,35.705],[135.299,35.705],[135.312,35.698],[135.315,35.694],[135.313,35.692],[135.309,35.684],[135.306,35.680],[135.305,35.670],[135.307,35.664],[135.304,35.660],[135.299,35.660],[135.294,35.664],[135.298,35.671],[135.292,35.671],[135.286,35.667],[135.274,35.666],[135.270,35.664],[135.252,35.635],[135.251,35.624],[135.239,35.613],[135.238,35.609],[135.221,35.598],[135.213,35.584],[135.198,35.567],[135.195,35.558],[135.196,35.551],[135.194,35.547],[135.199,35.543],[135.197,35.539],[135.201,35.536],[135.204,35.535],[135.211,35.541],[135.213,35.544],[135.209,35.558],[135.215,35.562],[135.224,35.565],[135.229,35.569],[135.232,35.572],[135.233,35.583],[135.235,35.584],[135.240,35.582],[135.246,35.585],[135.257,35.597],[135.259,35.598],[135.262,35.588],[135.257,35.586],[135.256,35.583],[135.258,35.577],[135.255,35.572],[135.259,35.568],[135.273,35.566],[135.281,35.559],[135.272,35.554],[135.262,35.554],[135.256,35.548],[135.251,35.550],[135.252,35.551],[135.256,35.553],[135.257,35.556],[135.256,35.559],[135.247,35.557],[135.244,35.550],[135.245,35.542],[135.249,35.536],[135.276,35.530],[135.279,35.522],[135.292,35.517],[135.290,35.511],[135.291,35.496],[135.286,35.479],[135.290,35.477],[135.295,35.492],[135.296,35.502],[135.295,35.509],[135.296,35.515],[135.319,35.511],[135.323,35.518],[135.322,35.521],[135.327,35.524],[135.336,35.513],[135.340,35.503],[135.340,35.499],[135.335,35.491],[135.330,35.485],[135.330,35.479],[135.325,35.474],[135.324,35.463],[135.319,35.459],[135.318,35.454],[135.315,35.448],[135.320,35.450],[135.325,35.455],[135.331,35.457],[135.334,35.464],[135.344,35.471],[135.350,35.473],[135.350,35.480],[135.346,35.480],[135.353,35.486],[135.355,35.493],[135.365,35.488],[135.383,35.489],[135.386,35.483],[135.379,35.476],[135.387,35.477],[135.393,35.479],[135.397,35.476],[135.401,35.478],[135.401,35.483],[135.402,35.489],[135.407,35.495],[135.404,35.498],[135.399,35.498],[135.397,35.507],[135.399,35.511],[135.398,35.515],[135.393,35.514],[135.391,35.512],[135.385,35.501],[135.353,35.500],[135.348,35.506],[135.352,35.510],[135.349,35.514],[135.356,35.517],[135.355,35.519],[135.345,35.521],[135.342,35.529],[135.341,35.532],[135.345,35.547],[135.347,35.547],[135.351,35.543],[135.356,35.542],[135.367,35.549],[135.374,35.551],[135.382,35.559],[135.386,35.560],[135.397,35.556],[135.403,35.560],[135.409,35.561],[135.417,35.569],[135.428,35.565],[135.432,35.565],[135.430,35.574],[135.432,35.576],[135.430,35.580],[135.432,35.581],[135.436,35.581],[135.438,35.581],[135.437,35.585],[135.439,35.589],[135.448,35.590],[135.457,35.599],[135.461,35.599],[135.466,35.602],[135.467,35.591],[135.462,35.591],[135.461,35.590],[135.461,35.584],[135.455,35.579],[135.455,35.572],[135.458,35.569],[135.469,35.567],[135.473,35.562],[135.476,35.562],[135.468,35.548],[135.462,35.539],[135.457,35.530],[135.452,35.519],[135.460,35.513],[135.469,35.507],[135.478,35.502],[135.477,35.489],[135.470,35.480],[135.462,35.470],[135.464,35.460],[135.472,35.453],[135.482,35.446],[135.491,35.435],[135.5,35.428],[135.510,35.419],[135.520,35.419],[135.530,35.410],[135.527,35.400],[135.533,35.391],[135.529,35.381],[135.537,35.374],[135.550,35.373],[135.561,35.373],[135.572,35.371],[135.582,35.371],[135.592,35.365],[135.603,35.367],[135.614,35.364],[135.625,35.366],[135.639,35.360],[135.651,35.359],[135.660,35.355],[135.671,35.353],[135.680,35.346],[135.691,35.344],[135.701,35.341],[135.712,35.344],[135.720,35.351],[135.731,35.349],[135.741,35.349],[135.75,35.354],[135.770,35.352],[135.776,35.339],[135.784,35.333],[135.792,35.325],[135.807,35.313],[135.814,35.304],[135.821,35.296],[135.824,35.285],[135.830,35.275],[135.840,35.271],[135.851,35.276],[135.849,35.262],[135.846,35.252],[135.840,35.233],[135.840,35.223],[135.832,35.216],[135.835,35.206],[135.839,35.196],[135.844,35.187],[135.843,35.177],[135.846,35.166],[135.852,35.157],[135.856,35.148],[135.851,35.138],[135.854,35.128],[135.852,35.118],[135.847,35.108],[135.845,35.098],[135.839,35.089],[135.840,35.075],[135.836,35.065],[135.838,35.056],[135.830,35.050],[135.821,35.045],[135.822,35.035],[135.830,35.027],[135.837,35.019],[135.834,35.008],[135.836,34.996],[135.851,34.982],[135.858,34.975],[135.859,34.964],[135.866,34.957],[135.875,34.952],[135.881,34.933],[135.875,34.924],[135.873,34.912],[135.868,34.902],[135.869,34.888],[135.878,34.883],[135.888,34.880],[135.895,34.871],[135.905,34.869],[135.912,34.876],[135.922,34.881],[135.931,34.884],[135.942,34.885],[135.946,34.874],[135.945,34.858],[135.949,34.848],[135.964,34.850],[135.973,34.843],[135.979,34.835],[135.989,34.837],[135.999,34.841],[136.005,34.830],[136.012,34.822],[136.023,34.822],[136.031,34.816],[136.017,34.805],[136.017,34.794],[136.025,34.788],[136.027,34.778],[136.036,34.772],[136.032,34.763],[136.034,34.752],[136.048,34.737],[136.043,34.722],[136.037,34.715],[136.031,34.706],[136.011,34.713],[136.001,34.710],[135.989,34.711],[135.988,34.721],[135.985,34.731],[135.976,34.737],[135.962,34.736],[135.953,34.742],[135.946,34.735],[135.935,34.734],[135.926,34.738],[135.930,34.753],[135.919,34.750],[135.914,34.740],[135.907,34.733],[135.899,34.726],[135.893,34.706],[135.875,34.708],[135.855,34.702],[135.846,34.705],[135.835,34.709],[135.814,34.712],[135.806,34.718],[135.796,34.720],[135.780,34.720],[135.770,34.722],[135.758,34.724],[135.756,34.735],[135.748,34.743],[135.739,34.749],[135.734,34.759],[135.731,34.775],[135.739,34.782],[135.746,34.791],[135.746,34.801],[135.739,34.810],[135.725,34.823],[135.718,34.833],[135.712,34.841],[135.704,34.847],[135.694,34.849],[135.694,34.860],[135.687,34.867],[135.684,34.885],[135.679,34.894],[135.667,34.900],[135.656,34.906],[135.653,34.916],[135.645,34.926],[135.635,34.931],[135.625,34.930],[135.615,34.942],[135.619,34.952],[135.616,34.967],[135.606,34.967],[135.596,34.965],[135.587,34.971],[135.577,34.968],[135.575,34.958],[135.569,34.949],[135.564,34.940],[135.582,34.934],[135.584,34.922],[135.575,34.913],[135.565,34.914],[135.554,34.913],[135.544,34.912],[135.538,34.922],[135.524,34.928],[135.517,34.937],[135.508,34.942],[135.496,34.937],[135.488,34.952],[135.489,34.968],[135.486,34.978],[135.492,34.986],[135.483,34.991],[135.472,34.992],[135.464,34.997],[135.453,34.999],[135.443,35.004],[135.432,35.002],[135.420,34.999],[135.412,35.008],[135.402,35.004],[135.392,35.007],[135.383,35.011],[135.384,35.027],[135.373,35.042],[135.375,35.055],[135.382,35.064],[135.392,35.068],[135.401,35.073],[135.403,35.090],[135.391,35.098],[135.396,35.107],[135.389,35.114],[135.386,35.125],[135.372,35.128],[135.362,35.129],[135.352,35.132],[135.342,35.136],[135.337,35.146],[135.326,35.143],[135.313,35.141],[135.294,35.138],[135.286,35.147],[135.293,35.156],[135.291,35.169],[135.280,35.171],[135.270,35.172],[135.258,35.173],[135.239,35.173],[135.228,35.160],[135.218,35.158],[135.207,35.158],[135.200,35.165],[135.189,35.168],[135.191,35.178],[135.192,35.189],[135.202,35.191],[135.198,35.200],[135.184,35.212],[135.174,35.214],[135.164,35.217],[135.158,35.225],[135.166,35.232],[135.164,35.249],[135.157,35.258],[135.146,35.259],[135.136,35.260],[135.116,35.260],[135.105,35.259],[135.096,35.256],[135.088,35.249],[135.080,35.241],[135.067,35.240],[135.060,35.253],[135.051,35.258],[135.041,35.257],[135.031,35.261],[135.021,35.265],[135.013,35.270],[135.011,35.281],[135,35.287],[134.989,35.288],[134.971,35.292],[134.960,35.295],[134.950,35.300],[134.934,35.305],[134.924,35.312],[134.927,35.322],[134.928,35.333],[134.921,35.343],[134.924,35.354],[134.923,35.365],[134.929,35.374],[134.927,35.384],[134.930,35.395],[134.941,35.406],[134.953,35.407],[134.963,35.405],[134.972,35.396],[134.983,35.395],[134.989,35.386],[135,35.383],[135.009,35.388],[135.022,35.391],[135.028,35.399],[135.035,35.406],[135.046,35.405],[135.052,35.416],[135.049,35.426],[135.052,35.437],[135.052,35.448],[135.046,35.457],[135.043,35.468],[135.043,35.479],[135.043,35.494],[135.046,35.514],[135.042,35.524],[135.039,35.534],[135.030,35.536],[135.019,35.534],[135.007,35.532],[134.991,35.526],[134.979,35.521],[134.969,35.516],[134.962,35.509],[134.951,35.510],[134.940,35.509],[134.925,35.516],[134.920,35.533],[134.915,35.542],[134.905,35.547],[134.898,35.554],[134.888,35.557],[134.882,35.566],[134.871,35.575],[134.867,35.595],[134.869,35.604],[134.874,35.623],[134.869,35.632],[134.870,35.658]]]]}},{"properties":{"regionId":"hiroshima","iso":"JP"},"type":"Feature","geometry":{"type":"MultiPolygon","coordinates":[[[[132.874,35.098],[132.894,35.101],[132.903,35.095],[132.909,35.087],[132.923,35.080],[132.933,35.079],[132.943,35.076],[132.953,35.072],[132.964,35.075],[132.980,35.083],[132.992,35.097],[133.008,35.087],[133.018,35.083],[133.033,35.070],[133.042,35.064],[133.054,35.067],[133.061,35.076],[133.072,35.078],[133.082,35.077],[133.093,35.078],[133.103,35.079],[133.114,35.082],[133.125,35.080],[133.143,35.073],[133.144,35.062],[133.163,35.070],[133.171,35.064],[133.182,35.065],[133.192,35.066],[133.203,35.069],[133.215,35.070],[133.231,35.064],[133.234,35.074],[133.251,35.075],[133.263,35.060],[133.272,35.054],[133.275,35.044],[133.284,35.038],[133.294,35.031],[133.299,35.023],[133.305,35.015],[133.314,35.009],[133.323,35.003],[133.322,34.987],[133.317,34.978],[133.309,34.970],[133.306,34.961],[133.299,34.953],[133.305,34.943],[133.311,34.933],[133.304,34.926],[133.307,34.916],[133.301,34.907],[133.299,34.896],[133.299,34.886],[133.306,34.879],[133.312,34.870],[133.320,34.863],[133.329,34.853],[133.338,34.841],[133.348,34.826],[133.365,34.816],[133.375,34.811],[133.380,34.803],[133.378,34.790],[133.375,34.780],[133.369,34.765],[133.365,34.756],[133.372,34.740],[133.363,34.725],[133.371,34.718],[133.373,34.708],[133.376,34.694],[133.384,34.687],[133.386,34.676],[133.395,34.672],[133.405,34.666],[133.401,34.656],[133.396,34.646],[133.390,34.638],[133.394,34.628],[133.386,34.618],[133.397,34.604],[133.400,34.593],[133.408,34.586],[133.424,34.583],[133.431,34.564],[133.441,34.558],[133.447,34.549],[133.452,34.539],[133.452,34.522],[133.450,34.512],[133.448,34.502],[133.458,34.499],[133.453,34.486],[133.453,34.472],[133.451,34.472],[133.447,34.449],[133.438,34.450],[133.428,34.451],[133.421,34.452],[133.419,34.449],[133.428,34.442],[133.436,34.435],[133.442,34.430],[133.442,34.426],[133.447,34.421],[133.440,34.414],[133.416,34.433],[133.392,34.448],[133.399,34.439],[133.407,34.432],[133.412,34.427],[133.420,34.418],[133.416,34.413],[133.413,34.408],[133.402,34.415],[133.399,34.413],[133.398,34.411],[133.402,34.407],[133.401,34.403],[133.405,34.401],[133.406,34.398],[133.401,34.392],[133.398,34.389],[133.396,34.387],[133.392,34.388],[133.388,34.388],[133.391,34.383],[133.390,34.381],[133.389,34.377],[133.380,34.373],[133.372,34.367],[133.368,34.365],[133.354,34.364],[133.352,34.373],[133.345,34.376],[133.337,34.376],[133.332,34.379],[133.329,34.374],[133.328,34.372],[133.318,34.377],[133.311,34.384],[133.303,34.381],[133.297,34.381],[133.287,34.388],[133.284,34.396],[133.278,34.390],[133.268,34.391],[133.257,34.386],[133.250,34.387],[133.248,34.392],[133.257,34.398],[133.261,34.395],[133.263,34.396],[133.265,34.399],[133.274,34.401],[133.277,34.404],[133.278,34.409],[133.279,34.415],[133.275,34.421],[133.275,34.426],[133.268,34.438],[133.263,34.432],[133.262,34.439],[133.257,34.439],[133.255,34.436],[133.257,34.431],[133.255,34.428],[133.252,34.433],[133.247,34.434],[133.246,34.426],[133.237,34.421],[133.236,34.417],[133.239,34.411],[133.237,34.407],[133.221,34.405],[133.213,34.408],[133.210,34.407],[133.206,34.404],[133.200,34.403],[133.193,34.398],[133.150,34.387],[133.135,34.379],[133.126,34.377],[133.119,34.379],[133.097,34.389],[133.092,34.389],[133.091,34.384],[133.086,34.383],[133.078,34.386],[133.076,34.384],[133.079,34.379],[133.092,34.371],[133.083,34.341],[133.079,34.337],[133.069,34.338],[133.058,34.338],[133.040,34.329],[133.026,34.328],[133.018,34.324],[133.012,34.324],[133.008,34.326],[133.003,34.331],[132.993,34.331],[132.988,34.326],[132.971,34.332],[132.965,34.336],[132.960,34.336],[132.957,34.334],[132.952,34.335],[132.949,34.334],[132.944,34.327],[132.938,34.322],[132.938,34.322],[132.926,34.322],[132.921,34.323],[132.924,34.327],[132.921,34.329],[132.914,34.323],[132.903,34.322],[132.894,34.317],[132.891,34.311],[132.888,34.313],[132.884,34.312],[132.879,34.307],[132.878,34.304],[132.880,34.300],[132.879,34.298],[132.876,34.300],[132.867,34.295],[132.863,34.296],[132.858,34.290],[132.854,34.288],[132.852,34.294],[132.846,34.296],[132.845,34.297],[132.839,34.310],[132.832,34.311],[132.830,34.314],[132.821,34.312],[132.814,34.306],[132.811,34.311],[132.801,34.305],[132.803,34.298],[132.794,34.281],[132.795,34.277],[132.791,34.271],[132.783,34.273],[132.781,34.276],[132.774,34.275],[132.767,34.277],[132.763,34.277],[132.762,34.273],[132.764,34.270],[132.766,34.265],[132.760,34.256],[132.763,34.255],[132.768,34.258],[132.772,34.258],[132.777,34.254],[132.778,34.250],[132.777,34.248],[132.767,34.243],[132.767,34.238],[132.755,34.236],[132.748,34.239],[132.741,34.239],[132.706,34.233],[132.699,34.230],[132.697,34.226],[132.698,34.224],[132.693,34.217],[132.692,34.210],[132.688,34.204],[132.683,34.211],[132.678,34.210],[132.673,34.215],[132.663,34.212],[132.666,34.204],[132.664,34.203],[132.660,34.202],[132.658,34.199],[132.651,34.200],[132.642,34.198],[132.641,34.203],[132.633,34.202],[132.631,34.207],[132.624,34.206],[132.620,34.210],[132.619,34.215],[132.621,34.220],[132.613,34.219],[132.608,34.225],[132.604,34.222],[132.600,34.223],[132.593,34.210],[132.571,34.192],[132.564,34.193],[132.557,34.189],[132.546,34.190],[132.544,34.191],[132.548,34.205],[132.547,34.210],[132.545,34.215],[132.539,34.219],[132.542,34.222],[132.552,34.220],[132.552,34.224],[132.556,34.224],[132.556,34.228],[132.560,34.230],[132.561,34.233],[132.559,34.237],[132.548,34.237],[132.545,34.241],[132.533,34.238],[132.529,34.242],[132.532,34.246],[132.531,34.249],[132.526,34.253],[132.521,34.251],[132.516,34.252],[132.517,34.257],[132.515,34.261],[132.521,34.277],[132.505,34.300],[132.504,34.301],[132.496,34.309],[132.507,34.329],[132.501,34.334],[132.495,34.332],[132.493,34.334],[132.498,34.344],[132.500,34.345],[132.507,34.345],[132.510,34.335],[132.515,34.339],[132.518,34.340],[132.525,34.347],[132.529,34.348],[132.531,34.351],[132.522,34.359],[132.519,34.360],[132.516,34.358],[132.505,34.356],[132.505,34.375],[132.499,34.380],[132.496,34.381],[132.502,34.368],[132.498,34.359],[132.495,34.357],[132.480,34.362],[132.477,34.361],[132.477,34.353],[132.472,34.349],[132.467,34.350],[132.460,34.348],[132.457,34.359],[132.463,34.363],[132.465,34.366],[132.464,34.368],[132.460,34.369],[132.459,34.369],[132.457,34.373],[132.454,34.367],[132.455,34.363],[132.453,34.360],[132.450,34.360],[132.448,34.356],[132.444,34.356],[132.444,34.361],[132.442,34.363],[132.438,34.359],[132.436,34.350],[132.425,34.354],[132.433,34.368],[132.431,34.369],[132.428,34.367],[132.422,34.358],[132.415,34.361],[132.427,34.384],[132.425,34.384],[132.415,34.373],[132.399,34.371],[132.390,34.367],[132.384,34.365],[132.376,34.359],[132.367,34.357],[132.355,34.356],[132.353,34.352],[132.347,34.350],[132.343,34.343],[132.336,34.343],[132.323,34.333],[132.321,34.322],[132.310,34.311],[132.305,34.304],[132.288,34.290],[132.287,34.288],[132.284,34.281],[132.279,34.276],[132.268,34.274],[132.266,34.272],[132.267,34.269],[132.260,34.267],[132.253,34.258],[132.243,34.255],[132.233,34.246],[132.228,34.237],[132.228,34.230],[132.224,34.228],[132.232,34.226],[132.229,34.223],[132.217,34.219],[132.209,34.226],[132.197,34.227],[132.187,34.224],[132.170,34.230],[132.160,34.225],[132.152,34.232],[132.149,34.249],[132.142,34.257],[132.137,34.266],[132.140,34.277],[132.135,34.288],[132.126,34.294],[132.126,34.309],[132.131,34.320],[132.125,34.330],[132.116,34.327],[132.103,34.333],[132.101,34.343],[132.092,34.347],[132.084,34.353],[132.072,34.352],[132.073,34.363],[132.075,34.374],[132.079,34.383],[132.073,34.392],[132.076,34.401],[132.071,34.411],[132.079,34.422],[132.079,34.434],[132.080,34.444],[132.071,34.464],[132.065,34.473],[132.059,34.482],[132.056,34.492],[132.040,34.499],[132.048,34.507],[132.050,34.518],[132.056,34.526],[132.065,34.530],[132.076,34.531],[132.086,34.534],[132.092,34.542],[132.101,34.549],[132.110,34.556],[132.118,34.562],[132.120,34.573],[132.127,34.583],[132.125,34.596],[132.119,34.605],[132.124,34.619],[132.132,34.626],[132.128,34.637],[132.142,34.651],[132.150,34.659],[132.156,34.672],[132.164,34.680],[132.156,34.689],[132.144,34.688],[132.136,34.694],[132.143,34.706],[132.151,34.714],[132.160,34.720],[132.170,34.725],[132.179,34.731],[132.189,34.730],[132.198,34.736],[132.204,34.745],[132.215,34.741],[132.224,34.750],[132.228,34.760],[132.235,34.769],[132.242,34.776],[132.244,34.787],[132.240,34.798],[132.253,34.803],[132.270,34.797],[132.280,34.793],[132.281,34.781],[132.291,34.776],[132.301,34.773],[132.306,34.783],[132.311,34.792],[132.322,34.794],[132.331,34.788],[132.343,34.788],[132.352,34.793],[132.364,34.797],[132.375,34.797],[132.385,34.791],[132.389,34.779],[132.401,34.780],[132.409,34.788],[132.417,34.794],[132.427,34.798],[132.423,34.808],[132.434,34.812],[132.444,34.814],[132.452,34.807],[132.456,34.797],[132.467,34.799],[132.477,34.795],[132.489,34.794],[132.5,34.796],[132.509,34.792],[132.518,34.799],[132.529,34.795],[132.539,34.791],[132.549,34.799],[132.558,34.804],[132.568,34.802],[132.576,34.809],[132.585,34.814],[132.594,34.820],[132.601,34.828],[132.614,34.836],[132.624,34.839],[132.635,34.836],[132.651,34.836],[132.662,34.828],[132.675,34.841],[132.683,34.847],[132.693,34.843],[132.703,34.842],[132.711,34.856],[132.707,34.865],[132.703,34.878],[132.692,34.881],[132.678,34.891],[132.668,34.887],[132.650,34.896],[132.649,34.906],[132.658,34.920],[132.668,34.924],[132.678,34.929],[132.682,34.938],[132.692,34.948],[132.703,34.949],[132.713,34.950],[132.723,34.944],[132.730,34.953],[132.740,34.957],[132.752,34.959],[132.753,34.975],[132.765,34.977],[132.774,34.994],[132.783,34.999],[132.789,35.010],[132.799,35.017],[132.808,35.023],[132.814,35.032],[132.821,35.040],[132.831,35.043],[132.830,35.057],[132.837,35.066],[132.847,35.073],[132.854,35.081],[132.862,35.089],[132.874,35.098]]]]}},{"properties":{"regionId":"hokkaido","iso":"JP"},"type":"Feature","geometry":{"type":"MultiPolygon","coordinates":[[[[141.429,43.413],[141.412,43.438],[141.404,43.456],[141.389,43.479],[141.377,43.488],[141.372,43.495],[141.371,43.504],[141.366,43.507],[141.363,43.508],[141.361,43.513],[141.360,43.521],[141.365,43.533],[141.364,43.539],[141.385,43.575],[141.388,43.586],[141.385,43.603],[141.365,43.619],[141.364,43.622],[141.355,43.641],[141.351,43.667],[141.344,43.679],[141.340,43.684],[141.331,43.705],[141.329,43.717],[141.331,43.727],[141.349,43.752],[141.362,43.765],[141.372,43.780],[141.375,43.792],[141.377,43.794],[141.380,43.799],[141.393,43.810],[141.404,43.815],[141.429,43.822],[141.457,43.835],[141.462,43.836],[141.468,43.834],[141.474,43.834],[141.497,43.840],[141.511,43.856],[141.516,43.857],[141.524,43.860],[141.532,43.860],[141.537,43.855],[141.542,43.854],[141.552,43.862],[141.556,43.863],[141.560,43.860],[141.564,43.867],[141.571,43.871],[141.578,43.872],[141.582,43.874],[141.586,43.880],[141.598,43.889],[141.608,43.905],[141.616,43.912],[141.620,43.920],[141.629,43.926],[141.633,43.935],[141.633,43.942],[141.630,43.947],[141.633,43.951],[141.635,43.952],[141.640,43.947],[141.644,43.947],[141.640,43.954],[141.643,43.959],[141.642,43.967],[141.646,43.978],[141.649,43.989],[141.662,44.013],[141.661,44.020],[141.658,44.029],[141.663,44.057],[141.661,44.097],[141.653,44.134],[141.653,44.145],[141.657,44.153],[141.659,44.184],[141.653,44.222],[141.653,44.224],[141.655,44.240],[141.655,44.251],[141.650,44.275],[141.647,44.292],[141.649,44.310],[141.663,44.312],[141.670,44.317],[141.681,44.334],[141.692,44.361],[141.701,44.370],[141.706,44.376],[141.710,44.390],[141.730,44.405],[141.742,44.419],[141.750,44.435],[141.759,44.463],[141.762,44.484],[141.764,44.494],[141.764,44.527],[141.764,44.533],[141.769,44.554],[141.772,44.559],[141.779,44.562],[141.787,44.578],[141.793,44.613],[141.793,44.634],[141.791,44.660],[141.782,44.716],[141.783,44.723],[141.777,44.756],[141.777,44.757],[141.761,44.808],[141.755,44.839],[141.743,44.873],[141.742,44.880],[141.738,44.882],[141.731,44.904],[141.687,44.992],[141.684,44.997],[141.682,45],[141.657,45.044],[141.614,45.113],[141.578,45.171],[141.568,45.206],[141.574,45.222],[141.575,45.232],[141.575,45.236],[141.590,45.253],[141.609,45.273],[141.617,45.288],[141.622,45.309],[141.642,45.332],[141.653,45.351],[141.656,45.364],[141.653,45.368],[141.641,45.386],[141.635,45.400],[141.634,45.412],[141.640,45.433],[141.648,45.450],[141.654,45.451],[141.662,45.439],[141.673,45.428],[141.679,45.420],[141.680,45.418],[141.686,45.415],[141.682,45.406],[141.683,45.402],[141.697,45.395],[141.714,45.393],[141.727,45.394],[141.736,45.397],[141.743,45.403],[141.747,45.410],[141.761,45.404],[141.782,45.402],[141.811,45.408],[141.813,45.409],[141.840,45.420],[141.872,45.445],[141.879,45.457],[141.877,45.471],[141.883,45.493],[141.893,45.505],[141.899,45.510],[141.903,45.513],[141.918,45.517],[141.925,45.515],[141.940,45.523],[141.953,45.513],[141.960,45.512],[141.967,45.505],[141.977,45.476],[141.991,45.465],[142.016,45.455],[142.027,45.446],[142.029,45.432],[142.036,45.428],[142.038,45.423],[142.037,45.417],[142.044,45.408],[142.054,45.400],[142.069,45.391],[142.094,45.381],[142.124,45.364],[142.144,45.353],[142.166,45.339],[142.206,45.301],[142.228,45.279],[142.245,45.265],[142.251,45.259],[142.268,45.241],[142.304,45.208],[142.314,45.201],[142.324,45.193],[142.345,45.172],[142.398,45.129],[142.413,45.116],[142.459,45.083],[142.479,45.065],[142.486,45.061],[142.494,45.060],[142.501,45.061],[142.506,45.060],[142.502,45.054],[142.503,45.048],[142.509,45.045],[142.510,45.044],[142.512,45.040],[142.520,45.039],[142.522,45.033],[142.531,45.027],[142.531,45.016],[142.540,45],[142.544,44.993],[142.549,44.988],[142.565,44.981],[142.569,44.972],[142.573,44.969],[142.589,44.960],[142.584,44.951],[142.589,44.944],[142.594,44.936],[142.593,44.934],[142.585,44.932],[142.587,44.925],[142.613,44.900],[142.628,44.890],[142.636,44.885],[142.646,44.870],[142.650,44.867],[142.665,44.843],[142.681,44.830],[142.684,44.827],[142.693,44.817],[142.703,44.812],[142.708,44.806],[142.710,44.797],[142.723,44.789],[142.742,44.763],[142.774,44.739],[142.786,44.728],[142.808,44.711],[142.819,44.707],[142.828,44.696],[142.840,44.691],[142.869,44.673],[142.871,44.667],[142.888,44.658],[142.895,44.654],[142.906,44.642],[142.926,44.627],[142.929,44.627],[142.934,44.626],[142.940,44.619],[142.937,44.614],[142.938,44.611],[142.949,44.606],[142.951,44.600],[142.959,44.599],[142.964,44.597],[142.969,44.587],[142.992,44.563],[143.015,44.545],[143.032,44.535],[143.037,44.532],[143.051,44.525],[143.056,44.526],[143.062,44.533],[143.066,44.529],[143.065,44.521],[143.067,44.515],[143.072,44.511],[143.085,44.506],[143.159,44.465],[143.202,44.447],[143.216,44.440],[143.226,44.437],[143.231,44.434],[143.234,44.423],[143.241,44.417],[143.294,44.391],[143.320,44.379],[143.353,44.367],[143.365,44.354],[143.361,44.347],[143.361,44.343],[143.363,44.338],[143.381,44.324],[143.386,44.322],[143.406,44.312],[143.516,44.265],[143.521,44.263],[143.537,44.255],[143.548,44.254],[143.558,44.251],[143.560,44.249],[143.566,44.246],[143.617,44.230],[143.625,44.229],[143.634,44.228],[143.657,44.218],[143.700,44.204],[143.778,44.183],[143.784,44.179],[143.788,44.176],[143.796,44.180],[143.808,44.173],[143.884,44.155],[143.951,44.141],[143.978,44.136],[144.067,44.124],[144.083,44.125],[144.098,44.126],[144.136,44.112],[144.193,44.101],[144.197,44.099],[144.220,44.100],[144.231,44.103],[144.243,44.111],[144.253,44.108],[144.260,44.084],[144.257,44.080],[144.256,44.071],[144.258,44.067],[144.256,44.063],[144.264,44.052],[144.259,44.043],[144.263,44.034],[144.268,44.028],[144.279,44.023],[144.285,44.018],[144.286,44.010],[144.299,43.994],[144.300,43.985],[144.303,43.981],[144.343,43.963],[144.378,43.953],[144.448,43.937],[144.495,43.930],[144.553,43.923],[144.587,43.920],[144.668,43.919],[144.674,43.918],[144.712,43.919],[144.763,43.927],[144.785,43.929],[144.794,43.933],[144.802,43.940],[144.809,43.944],[144.832,43.951],[144.834,43.953],[144.834,43.954],[144.836,43.962],[144.849,43.974],[144.881,43.986],[144.883,43.991],[144.894,43.995],[144.918,44.016],[144.924,44.028],[144.925,44.034],[144.932,44.041],[144.936,44.042],[144.941,44.039],[144.942,44.040],[144.952,44.046],[144.958,44.053],[144.969,44.057],[144.972,44.065],[144.981,44.065],[144.987,44.068],[144.983,44.073],[144.987,44.075],[144.994,44.072],[145,44.074],[145.001,44.075],[145.007,44.081],[145.010,44.092],[145.013,44.096],[145.027,44.103],[145.035,44.104],[145.043,44.107],[145.053,44.115],[145.055,44.117],[145.071,44.126],[145.075,44.132],[145.086,44.136],[145.096,44.146],[145.116,44.153],[145.120,44.159],[145.131,44.163],[145.152,44.175],[145.186,44.191],[145.187,44.191],[145.195,44.197],[145.201,44.204],[145.212,44.217],[145.228,44.247],[145.235,44.249],[145.245,44.261],[145.257,44.268],[145.266,44.278],[145.273,44.281],[145.285,44.294],[145.289,44.303],[145.292,44.305],[145.295,44.306],[145.301,44.307],[145.307,44.312],[145.310,44.320],[145.320,44.335],[145.330,44.342],[145.333,44.342],[145.343,44.337],[145.345,44.335],[145.339,44.324],[145.341,44.320],[145.349,44.319],[145.352,44.314],[145.348,44.310],[145.347,44.301],[145.350,44.292],[145.354,44.290],[145.355,44.282],[145.358,44.278],[145.361,44.273],[145.368,44.270],[145.364,44.251],[145.352,44.242],[145.350,44.238],[145.350,44.220],[145.336,44.204],[145.334,44.196],[145.331,44.191],[145.322,44.185],[145.319,44.179],[145.312,44.173],[145.309,44.168],[145.308,44.165],[145.292,44.150],[145.272,44.138],[145.261,44.127],[145.252,44.111],[145.241,44.088],[145.245,44.065],[145.240,44.059],[145.240,44.056],[145.235,44.048],[145.217,44.028],[145.209,44.026],[145.203,44.023],[145.190,44.009],[145.183,44.004],[145.178,43.998],[145.159,43.983],[145.154,43.976],[145.154,43.975],[145.142,43.965],[145.133,43.949],[145.126,43.942],[145.114,43.918],[145.104,43.909],[145.100,43.897],[145.095,43.890],[145.097,43.880],[145.093,43.872],[145.095,43.862],[145.096,43.857],[145.094,43.848],[145.091,43.841],[145.082,43.818],[145.066,43.807],[145.063,43.803],[145.065,43.791],[145.062,43.784],[145.062,43.777],[145.069,43.753],[145.078,43.739],[145.091,43.726],[145.103,43.708],[145.117,43.690],[145.128,43.669],[145.137,43.653],[145.145,43.646],[145.156,43.640],[145.176,43.633],[145.216,43.623],[145.252,43.614],[145.288,43.608],[145.314,43.599],[145.338,43.588],[145.347,43.581],[145.354,43.573],[145.355,43.563],[145.355,43.562],[145.351,43.555],[145.346,43.551],[145.334,43.546],[145.322,43.544],[145.297,43.545],[145.291,43.548],[145.295,43.550],[145.304,43.549],[145.304,43.551],[145.285,43.557],[145.284,43.559],[145.288,43.560],[145.295,43.557],[145.304,43.556],[145.304,43.561],[145.306,43.563],[145.317,43.562],[145.330,43.558],[145.333,43.557],[145.334,43.559],[145.332,43.561],[145.324,43.564],[145.327,43.567],[145.334,43.564],[145.340,43.565],[145.344,43.573],[145.341,43.576],[145.336,43.576],[145.326,43.572],[145.321,43.573],[145.321,43.578],[145.318,43.579],[145.313,43.576],[145.311,43.578],[145.314,43.582],[145.323,43.582],[145.326,43.584],[145.326,43.587],[145.313,43.596],[145.306,43.596],[145.301,43.592],[145.292,43.592],[145.284,43.589],[145.281,43.589],[145.281,43.591],[145.288,43.598],[145.286,43.600],[145.280,43.598],[145.272,43.589],[145.268,43.591],[145.267,43.594],[145.270,43.602],[145.267,43.608],[145.242,43.610],[145.228,43.613],[145.214,43.620],[145.203,43.619],[145.193,43.623],[145.192,43.620],[145.200,43.610],[145.198,43.605],[145.195,43.601],[145.210,43.589],[145.221,43.587],[145.222,43.585],[145.217,43.580],[145.216,43.576],[145.226,43.567],[145.226,43.555],[145.240,43.537],[145.243,43.527],[145.247,43.522],[145.248,43.503],[145.255,43.478],[145.265,43.449],[145.266,43.434],[145.280,43.397],[145.289,43.382],[145.315,43.350],[145.345,43.326],[145.390,43.299],[145.393,43.295],[145.391,43.292],[145.385,43.291],[145.386,43.296],[145.382,43.296],[145.370,43.304],[145.361,43.307],[145.355,43.309],[145.343,43.317],[145.336,43.319],[145.334,43.314],[145.328,43.317],[145.314,43.322],[145.310,43.324],[145.303,43.339],[145.294,43.346],[145.287,43.348],[145.252,43.352],[145.244,43.351],[145.238,43.349],[145.234,43.340],[145.236,43.337],[145.256,43.335],[145.257,43.333],[145.254,43.332],[145.240,43.332],[145.234,43.335],[145.227,43.332],[145.227,43.331],[145.231,43.330],[145.244,43.318],[145.256,43.316],[145.262,43.319],[145.273,43.317],[145.290,43.319],[145.307,43.315],[145.333,43.304],[145.334,43.300],[145.331,43.295],[145.313,43.301],[145.299,43.302],[145.297,43.300],[145.303,43.298],[145.301,43.293],[145.304,43.285],[145.297,43.284],[145.296,43.283],[145.298,43.280],[145.311,43.279],[145.309,43.275],[145.312,43.271],[145.317,43.272],[145.322,43.272],[145.323,43.277],[145.329,43.279],[145.335,43.278],[145.346,43.273],[145.356,43.272],[145.378,43.264],[145.383,43.260],[145.387,43.260],[145.409,43.261],[145.440,43.258],[145.451,43.259],[145.459,43.257],[145.475,43.265],[145.481,43.266],[145.487,43.263],[145.489,43.256],[145.491,43.255],[145.507,43.251],[145.514,43.234],[145.513,43.229],[145.510,43.226],[145.509,43.225],[145.511,43.223],[145.513,43.224],[145.522,43.225],[145.529,43.234],[145.530,43.238],[145.513,43.264],[145.503,43.260],[145.498,43.261],[145.495,43.264],[145.505,43.277],[145.505,43.279],[145.514,43.293],[145.521,43.294],[145.524,43.297],[145.522,43.301],[145.528,43.305],[145.530,43.309],[145.535,43.308],[145.537,43.308],[145.551,43.315],[145.548,43.318],[145.550,43.319],[145.564,43.322],[145.575,43.326],[145.579,43.333],[145.588,43.337],[145.583,43.342],[145.598,43.351],[145.604,43.351],[145.617,43.358],[145.623,43.360],[145.626,43.363],[145.636,43.368],[145.649,43.383],[145.653,43.388],[145.667,43.389],[145.671,43.385],[145.702,43.381],[145.729,43.383],[145.733,43.390],[145.740,43.388],[145.750,43.387],[145.755,43.388],[145.753,43.393],[145.756,43.395],[145.767,43.394],[145.766,43.392],[145.761,43.389],[145.763,43.388],[145.769,43.388],[145.776,43.385],[145.780,43.385],[145.783,43.385],[145.806,43.382],[145.814,43.384],[145.820,43.383],[145.820,43.380],[145.819,43.376],[145.808,43.371],[145.810,43.363],[145.806,43.359],[145.791,43.356],[145.791,43.352],[145.780,43.347],[145.776,43.342],[145.766,43.340],[145.757,43.335],[145.750,43.328],[145.746,43.328],[145.745,43.333],[145.740,43.332],[145.735,43.325],[145.728,43.324],[145.724,43.328],[145.720,43.330],[145.714,43.329],[145.701,43.322],[145.685,43.318],[145.679,43.315],[145.681,43.310],[145.677,43.308],[145.662,43.313],[145.644,43.314],[145.634,43.312],[145.615,43.306],[145.609,43.303],[145.613,43.295],[145.598,43.289],[145.598,43.281],[145.595,43.277],[145.590,43.275],[145.583,43.281],[145.577,43.281],[145.570,43.279],[145.565,43.276],[145.564,43.274],[145.567,43.267],[145.566,43.262],[145.557,43.250],[145.558,43.241],[145.557,43.234],[145.550,43.224],[145.553,43.217],[145.558,43.214],[145.558,43.212],[145.553,43.209],[145.539,43.205],[145.533,43.202],[145.529,43.197],[145.530,43.194],[145.534,43.191],[145.535,43.186],[145.532,43.181],[145.528,43.179],[145.524,43.180],[145.515,43.183],[145.512,43.183],[145.506,43.176],[145.507,43.173],[145.516,43.173],[145.524,43.169],[145.520,43.158],[145.516,43.156],[145.499,43.152],[145.499,43.160],[145.504,43.163],[145.505,43.166],[145.504,43.167],[145.501,43.172],[145.492,43.177],[145.479,43.182],[145.441,43.182],[145.374,43.178],[145.353,43.172],[145.345,43.174],[145.343,43.172],[145.340,43.169],[145.333,43.169],[145.314,43.162],[145.306,43.166],[145.291,43.166],[145.283,43.162],[145.245,43.150],[145.221,43.135],[145.202,43.131],[145.190,43.131],[145.189,43.131],[145.181,43.133],[145.173,43.141],[145.165,43.142],[145.152,43.140],[145.138,43.134],[145.126,43.126],[145.118,43.124],[145.115,43.120],[145.110,43.112],[145.109,43.102],[145.110,43.086],[145.114,43.081],[145.121,43.077],[145.129,43.075],[145.138,43.075],[145.161,43.077],[145.170,43.068],[145.160,43.069],[145.152,43.068],[145.147,43.066],[145.152,43.063],[145.151,43.061],[145.128,43.061],[145.124,43.062],[145.123,43.064],[145.125,43.066],[145.125,43.068],[145.120,43.070],[145.107,43.070],[145.099,43.069],[145.094,43.066],[145.086,43.057],[145.091,43.050],[145.087,43.048],[145.086,43.041],[145.084,43.038],[145.078,43.036],[145.068,43.034],[145.060,43.031],[145.047,43.023],[145.034,43.022],[145.029,43.023],[145.025,43.026],[145.021,43.032],[145.022,43.039],[145.015,43.041],[145.017,43.046],[145.007,43.049],[145,43.049],[144.998,43.049],[144.990,43.050],[144.987,43.046],[145,43.042],[145.001,43.042],[145.004,43.037],[145,43.033],[144.998,43.031],[145,43.031],[145.007,43.030],[145.004,43.023],[145.006,43.023],[145.013,43.028],[145.026,43.018],[145.022,43.013],[145.024,43.008],[145.029,43.007],[145.029,43.004],[145.025,43.001],[145.023,42.995],[145.011,42.991],[145.009,42.990],[145,42.989],[144.993,42.988],[144.967,42.978],[144.961,42.978],[144.954,42.980],[144.952,42.981],[144.944,42.979],[144.934,42.984],[144.924,42.984],[144.919,42.979],[144.917,42.979],[144.915,42.982],[144.906,42.982],[144.900,42.984],[144.888,42.983],[144.881,42.980],[144.876,42.982],[144.864,42.995],[144.856,42.996],[144.855,42.998],[144.859,43.002],[144.858,43.004],[144.850,43.009],[144.835,43.006],[144.835,43.011],[144.840,43.016],[144.834,43.025],[144.838,43.030],[144.852,43.039],[144.857,43.038],[144.862,43.034],[144.866,43.026],[144.887,43.017],[144.904,43.014],[144.910,43.015],[144.915,43.017],[144.921,43.023],[144.927,43.023],[144.933,43.019],[144.936,43.026],[144.936,43.029],[144.939,43.032],[144.945,43.034],[144.946,43.037],[144.947,43.041],[144.947,43.043],[144.942,43.041],[144.939,43.044],[144.938,43.049],[144.922,43.055],[144.912,43.061],[144.900,43.065],[144.878,43.064],[144.865,43.067],[144.863,43.070],[144.868,43.075],[144.862,43.081],[144.861,43.086],[144.857,43.084],[144.856,43.080],[144.858,43.075],[144.859,43.071],[144.854,43.066],[144.855,43.056],[144.853,43.050],[144.854,43.048],[144.862,43.045],[144.857,43.042],[144.821,43.051],[144.808,43.051],[144.792,43.049],[144.786,43.048],[144.780,43.046],[144.781,43.042],[144.766,43.034],[144.755,43.024],[144.722,42.988],[144.720,42.983],[144.723,42.975],[144.728,42.968],[144.747,42.953],[144.749,42.953],[144.755,42.951],[144.761,42.946],[144.782,42.937],[144.784,42.934],[144.780,42.930],[144.759,42.930],[144.689,42.934],[144.674,42.936],[144.661,42.941],[144.658,42.942],[144.637,42.943],[144.629,42.948],[144.591,42.946],[144.569,42.948],[144.559,42.947],[144.548,42.944],[144.532,42.947],[144.524,42.947],[144.509,42.944],[144.496,42.938],[144.480,42.935],[144.471,42.940],[144.450,42.941],[144.443,42.946],[144.435,42.949],[144.423,42.949],[144.417,42.952],[144.405,42.955],[144.399,42.957],[144.392,42.964],[144.373,42.964],[144.363,42.967],[144.362,42.970],[144.364,42.972],[144.372,42.972],[144.374,42.977],[144.368,42.981],[144.368,42.984],[144.362,42.992],[144.348,42.997],[144.296,42.999],[144.266,42.998],[144.265,42.997],[144.198,42.987],[144.150,42.973],[144.126,42.963],[144.112,42.955],[144.074,42.945],[144.046,42.936],[144.013,42.921],[143.983,42.901],[143.934,42.877],[143.919,42.869],[143.902,42.856],[143.879,42.844],[143.839,42.813],[143.810,42.792],[143.764,42.760],[143.738,42.743],[143.723,42.731],[143.714,42.728],[143.710,42.723],[143.675,42.695],[143.669,42.693],[143.665,42.697],[143.661,42.696],[143.651,42.693],[143.649,42.691],[143.665,42.690],[143.661,42.686],[143.622,42.656],[143.607,42.641],[143.575,42.615],[143.563,42.604],[143.512,42.551],[143.483,42.522],[143.466,42.502],[143.412,42.438],[143.371,42.376],[143.348,42.340],[143.334,42.309],[143.323,42.294],[143.325,42.280],[143.324,42.277],[143.314,42.250],[143.315,42.242],[143.325,42.223],[143.327,42.209],[143.338,42.200],[143.340,42.194],[143.341,42.182],[143.338,42.173],[143.330,42.158],[143.330,42.156],[143.324,42.126],[143.322,42.119],[143.327,42.112],[143.326,42.108],[143.321,42.100],[143.320,42.086],[143.312,42.069],[143.318,42.053],[143.311,42.043],[143.299,42.037],[143.289,42.023],[143.274,42.014],[143.271,42.010],[143.266,42.003],[143.251,41.970],[143.245,41.944],[143.246,41.934],[143.250,41.922],[143.248,41.920],[143.241,41.923],[143.234,41.932],[143.221,41.943],[143.217,41.946],[143.200,41.954],[143.166,41.979],[143.162,41.984],[143.154,42.001],[143.137,42.023],[143.125,42.029],[143.112,42.035],[143.111,42.035],[143.096,42.045],[143.080,42.051],[143.035,42.071],[143.006,42.081],[142.999,42.088],[142.979,42.097],[142.964,42.114],[142.958,42.116],[142.946,42.117],[142.936,42.121],[142.928,42.119],[142.924,42.115],[142.919,42.116],[142.918,42.120],[142.914,42.123],[142.902,42.125],[142.874,42.128],[142.847,42.134],[142.840,42.133],[142.833,42.132],[142.822,42.133],[142.808,42.144],[142.782,42.154],[142.766,42.166],[142.759,42.169],[142.739,42.171],[142.726,42.178],[142.720,42.179],[142.703,42.180],[142.694,42.185],[142.672,42.189],[142.639,42.213],[142.619,42.221],[142.597,42.233],[142.580,42.239],[142.553,42.243],[142.514,42.259],[142.511,42.260],[142.497,42.261],[142.488,42.265],[142.479,42.269],[142.453,42.293],[142.441,42.300],[142.407,42.306],[142.384,42.315],[142.371,42.323],[142.358,42.331],[142.335,42.341],[142.307,42.356],[142.276,42.377],[142.261,42.392],[142.230,42.413],[142.226,42.419],[142.203,42.438],[142.175,42.453],[142.163,42.455],[142.119,42.464],[142.080,42.466],[142.068,42.474],[142.042,42.476],[142.033,42.479],[142.022,42.491],[142.011,42.497],[141.989,42.511],[141.979,42.513],[141.955,42.537],[141.915,42.555],[141.914,42.558],[141.916,42.559],[141.922,42.554],[141.927,42.554],[141.932,42.559],[141.936,42.561],[141.937,42.565],[141.925,42.560],[141.920,42.561],[141.913,42.566],[141.906,42.569],[141.900,42.575],[141.896,42.578],[141.876,42.583],[141.866,42.588],[141.816,42.606],[141.816,42.607],[141.813,42.606],[141.789,42.611],[141.766,42.613],[141.738,42.619],[141.691,42.626],[141.683,42.626],[141.641,42.626],[141.635,42.628],[141.633,42.630],[141.634,42.633],[141.630,42.642],[141.627,42.642],[141.625,42.638],[141.626,42.628],[141.622,42.625],[141.578,42.620],[141.550,42.613],[141.522,42.606],[141.431,42.575],[141.417,42.567],[141.400,42.561],[141.397,42.560],[141.366,42.546],[141.346,42.532],[141.345,42.532],[141.347,42.538],[141.347,42.539],[141.339,42.535],[141.334,42.531],[141.340,42.531],[141.340,42.530],[141.324,42.523],[141.284,42.496],[141.277,42.491],[141.262,42.485],[141.236,42.466],[141.212,42.451],[141.200,42.447],[141.189,42.445],[141.173,42.438],[141.157,42.434],[141.151,42.431],[141.145,42.427],[141.107,42.398],[141.069,42.364],[141.060,42.356],[141.058,42.352],[141.060,42.348],[141.059,42.346],[141.048,42.346],[141.042,42.342],[141.040,42.337],[141.043,42.334],[141.041,42.332],[141.034,42.332],[141.026,42.326],[141.013,42.311],[141.014,42.304],[141.011,42.300],[141.003,42.295],[140.994,42.296],[140.977,42.303],[140.972,42.303],[140.968,42.301],[140.967,42.301],[140.964,42.309],[140.958,42.312],[140.944,42.313],[140.930,42.330],[140.931,42.335],[140.943,42.336],[140.952,42.342],[140.964,42.339],[140.963,42.335],[140.969,42.332],[140.971,42.320],[140.975,42.318],[140.984,42.325],[140.987,42.338],[140.987,42.339],[141.011,42.344],[141.006,42.347],[140.993,42.345],[140.988,42.345],[140.980,42.352],[140.976,42.352],[140.972,42.349],[140.966,42.354],[140.952,42.356],[140.948,42.360],[140.931,42.361],[140.923,42.367],[140.917,42.367],[140.907,42.372],[140.905,42.376],[140.905,42.386],[140.906,42.388],[140.893,42.425],[140.885,42.433],[140.871,42.452],[140.861,42.460],[140.852,42.464],[140.842,42.466],[140.840,42.469],[140.840,42.474],[140.837,42.473],[140.835,42.470],[140.833,42.469],[140.824,42.477],[140.816,42.483],[140.808,42.487],[140.805,42.491],[140.797,42.495],[140.789,42.498],[140.781,42.495],[140.782,42.511],[140.790,42.509],[140.786,42.514],[140.776,42.515],[140.774,42.517],[140.776,42.529],[140.773,42.534],[140.766,42.540],[140.743,42.553],[140.740,42.554],[140.725,42.568],[140.723,42.569],[140.712,42.569],[140.710,42.572],[140.711,42.577],[140.706,42.579],[140.695,42.582],[140.671,42.583],[140.659,42.582],[140.653,42.580],[140.648,42.581],[140.631,42.576],[140.607,42.568],[140.597,42.569],[140.597,42.569],[140.591,42.564],[140.584,42.563],[140.576,42.564],[140.540,42.581],[140.531,42.582],[140.528,42.584],[140.519,42.584],[140.514,42.579],[140.502,42.580],[140.493,42.579],[140.482,42.581],[140.476,42.581],[140.463,42.576],[140.450,42.566],[140.431,42.552],[140.389,42.512],[140.343,42.454],[140.314,42.399],[140.302,42.379],[140.285,42.320],[140.281,42.286],[140.282,42.277],[140.283,42.264],[140.293,42.247],[140.302,42.240],[140.312,42.235],[140.336,42.230],[140.349,42.224],[140.361,42.221],[140.384,42.220],[140.392,42.217],[140.407,42.209],[140.412,42.201],[140.425,42.194],[140.430,42.186],[140.441,42.183],[140.444,42.181],[140.447,42.177],[140.455,42.177],[140.461,42.172],[140.468,42.162],[140.490,42.148],[140.497,42.147],[140.508,42.140],[140.511,42.132],[140.519,42.126],[140.546,42.115],[140.564,42.110],[140.572,42.109],[140.588,42.107],[140.598,42.108],[140.613,42.111],[140.639,42.122],[140.648,42.125],[140.659,42.125],[140.686,42.123],[140.697,42.127],[140.708,42.135],[140.713,42.135],[140.720,42.133],[140.735,42.121],[140.762,42.112],[140.768,42.095],[140.770,42.091],[140.774,42.085],[140.782,42.077],[140.791,42.073],[140.807,42.072],[140.809,42.068],[140.805,42.058],[140.806,42.052],[140.814,42.047],[140.818,42.037],[140.831,42.026],[140.842,42.021],[140.859,42.009],[140.867,42.005],[140.878,42.004],[140.880,42.003],[140.902,41.988],[140.911,41.981],[140.919,41.966],[140.934,41.954],[140.939,41.939],[140.943,41.935],[140.947,41.933],[140.951,41.936],[140.953,41.936],[140.957,41.921],[140.963,41.915],[140.998,41.899],[141.004,41.896],[141.020,41.891],[141.028,41.890],[141.043,41.892],[141.062,41.885],[141.068,41.885],[141.072,41.886],[141.076,41.883],[141.079,41.883],[141.081,41.885],[141.085,41.884],[141.092,41.878],[141.113,41.873],[141.124,41.863],[141.136,41.857],[141.145,41.855],[141.153,41.853],[141.156,41.849],[141.149,41.840],[141.151,41.833],[141.155,41.829],[141.173,41.820],[141.189,41.817],[141.194,41.800],[141.192,41.797],[141.172,41.788],[141.165,41.780],[141.144,41.778],[141.140,41.778],[141.137,41.783],[141.130,41.784],[141.120,41.782],[141.112,41.778],[141.106,41.772],[141.097,41.757],[141.091,41.755],[141.087,41.752],[141.082,41.740],[141.073,41.734],[141.061,41.730],[141.057,41.721],[141.047,41.723],[141.041,41.722],[141.037,41.716],[141.029,41.716],[141.025,41.718],[141.020,41.717],[141.009,41.710],[140.994,41.711],[140.979,41.707],[140.968,41.707],[140.961,41.709],[140.956,41.713],[140.947,41.724],[140.939,41.730],[140.892,41.746],[140.856,41.755],[140.831,41.758],[140.780,41.772],[140.760,41.772],[140.750,41.769],[140.734,41.762],[140.729,41.758],[140.725,41.751],[140.730,41.744],[140.726,41.741],[140.711,41.738],[140.702,41.739],[140.699,41.748],[140.696,41.752],[140.697,41.763],[140.700,41.768],[140.705,41.775],[140.709,41.777],[140.718,41.773],[140.718,41.768],[140.721,41.766],[140.729,41.773],[140.730,41.777],[140.727,41.781],[140.732,41.785],[140.731,41.790],[140.725,41.797],[140.719,41.797],[140.717,41.800],[140.720,41.803],[140.717,41.807],[140.702,41.813],[140.681,41.819],[140.672,41.820],[140.659,41.819],[140.649,41.817],[140.633,41.808],[140.628,41.802],[140.626,41.794],[140.628,41.784],[140.622,41.778],[140.619,41.768],[140.613,41.761],[140.610,41.754],[140.609,41.739],[140.606,41.737],[140.595,41.736],[140.593,41.734],[140.588,41.733],[140.584,41.730],[140.581,41.728],[140.573,41.726],[140.551,41.713],[140.532,41.698],[140.508,41.697],[140.497,41.693],[140.487,41.694],[140.474,41.694],[140.465,41.690],[140.456,41.684],[140.447,41.673],[140.442,41.665],[140.442,41.660],[140.436,41.593],[140.439,41.568],[140.438,41.560],[140.442,41.557],[140.445,41.551],[140.436,41.531],[140.428,41.527],[140.416,41.516],[140.378,41.511],[140.371,41.512],[140.366,41.510],[140.361,41.508],[140.354,41.502],[140.338,41.500],[140.333,41.496],[140.292,41.485],[140.268,41.475],[140.263,41.460],[140.255,41.456],[140.247,41.442],[140.244,41.438],[140.227,41.414],[140.224,41.404],[140.215,41.399],[140.208,41.393],[140.205,41.392],[140.198,41.393],[140.189,41.397],[140.174,41.410],[140.153,41.420],[140.141,41.421],[140.134,41.424],[140.128,41.424],[140.119,41.420],[140.106,41.419],[140.098,41.415],[140.092,41.415],[140.081,41.418],[140.080,41.418],[140.067,41.430],[140.052,41.438],[140.031,41.457],[140.029,41.472],[140.020,41.483],[140.005,41.525],[140,41.533],[139.988,41.549],[139.985,41.568],[139.984,41.585],[139.983,41.605],[139.992,41.620],[139.994,41.635],[140,41.639],[140,41.640],[140.007,41.663],[140.008,41.674],[140.013,41.681],[140.016,41.691],[140.026,41.704],[140.033,41.714],[140.036,41.716],[140.040,41.719],[140.044,41.725],[140.051,41.731],[140.065,41.756],[140.073,41.765],[140.075,41.770],[140.074,41.790],[140.071,41.799],[140.073,41.803],[140.085,41.807],[140.092,41.806],[140.099,41.807],[140.112,41.803],[140.118,41.806],[140.118,41.807],[140.123,41.814],[140.127,41.846],[140.124,41.859],[140.124,41.863],[140.128,41.867],[140.135,41.870],[140.137,41.879],[140.141,41.890],[140.140,41.901],[140.145,41.912],[140.144,41.926],[140.131,41.960],[140.134,41.967],[140.129,41.984],[140.123,41.993],[140.119,41.997],[140.107,42.006],[140.108,42.012],[140.097,42.027],[140.084,42.034],[140.087,42.039],[140.083,42.043],[140.075,42.050],[140.069,42.062],[140.054,42.083],[140.024,42.108],[140.017,42.112],[140.004,42.113],[140,42.116],[139.989,42.123],[139.969,42.123],[139.944,42.123],[139.927,42.127],[139.923,42.130],[139.916,42.142],[139.901,42.161],[139.898,42.172],[139.886,42.183],[139.882,42.192],[139.883,42.199],[139.879,42.205],[139.871,42.208],[139.864,42.211],[139.856,42.211],[139.849,42.213],[139.837,42.214],[139.803,42.222],[139.795,42.229],[139.776,42.257],[139.779,42.263],[139.784,42.265],[139.786,42.271],[139.781,42.285],[139.777,42.293],[139.770,42.302],[139.772,42.312],[139.776,42.318],[139.774,42.325],[139.782,42.347],[139.786,42.351],[139.795,42.353],[139.802,42.357],[139.806,42.363],[139.817,42.373],[139.822,42.389],[139.829,42.386],[139.837,42.403],[139.844,42.419],[139.847,42.449],[139.850,42.455],[139.854,42.461],[139.849,42.475],[139.849,42.485],[139.843,42.495],[139.845,42.500],[139.843,42.513],[139.845,42.522],[139.840,42.539],[139.836,42.561],[139.832,42.566],[139.832,42.571],[139.829,42.575],[139.829,42.576],[139.823,42.603],[139.826,42.611],[139.831,42.617],[139.842,42.622],[139.846,42.633],[139.853,42.637],[139.856,42.645],[139.864,42.652],[139.869,42.662],[139.875,42.662],[139.882,42.668],[139.887,42.669],[139.900,42.676],[139.903,42.678],[139.910,42.679],[139.936,42.686],[139.947,42.687],[139.962,42.685],[139.971,42.688],[139.985,42.687],[139.992,42.690],[140,42.688],[140.012,42.686],[140.024,42.689],[140.030,42.687],[140.034,42.688],[140.058,42.700],[140.063,42.703],[140.069,42.716],[140.084,42.729],[140.088,42.729],[140.095,42.734],[140.106,42.735],[140.111,42.739],[140.118,42.739],[140.121,42.743],[140.132,42.745],[140.145,42.753],[140.149,42.758],[140.153,42.776],[140.162,42.788],[140.187,42.820],[140.190,42.822],[140.195,42.822],[140.207,42.811],[140.229,42.803],[140.232,42.797],[140.241,42.791],[140.244,42.776],[140.250,42.769],[140.261,42.761],[140.264,42.766],[140.276,42.766],[140.287,42.768],[140.298,42.772],[140.305,42.777],[140.307,42.786],[140.306,42.823],[140.308,42.827],[140.317,42.836],[140.340,42.850],[140.343,42.853],[140.353,42.863],[140.365,42.879],[140.377,42.894],[140.380,42.902],[140.391,42.911],[140.396,42.922],[140.404,42.925],[140.419,42.938],[140.420,42.942],[140.433,42.948],[140.440,42.948],[140.469,42.963],[140.475,42.966],[140.496,42.974],[140.507,42.982],[140.516,42.983],[140.521,42.986],[140.532,43.007],[140.533,43.015],[140.531,43.023],[140.529,43.025],[140.522,43.026],[140.504,43.044],[140.501,43.050],[140.496,43.055],[140.494,43.059],[140.492,43.064],[140.465,43.081],[140.460,43.098],[140.447,43.109],[140.440,43.122],[140.430,43.129],[140.426,43.137],[140.403,43.149],[140.395,43.156],[140.387,43.158],[140.361,43.176],[140.352,43.184],[140.338,43.205],[140.327,43.218],[140.327,43.230],[140.335,43.249],[140.331,43.254],[140.332,43.257],[140.336,43.258],[140.340,43.259],[140.343,43.268],[140.335,43.277],[140.338,43.281],[140.347,43.282],[140.350,43.284],[140.353,43.304],[140.360,43.314],[140.357,43.318],[140.349,43.324],[140.345,43.330],[140.349,43.332],[140.358,43.328],[140.384,43.326],[140.390,43.329],[140.401,43.329],[140.408,43.331],[140.419,43.325],[140.427,43.325],[140.436,43.329],[140.455,43.341],[140.460,43.351],[140.466,43.358],[140.467,43.362],[140.463,43.364],[140.462,43.367],[140.464,43.370],[140.484,43.372],[140.496,43.370],[140.504,43.366],[140.505,43.365],[140.510,43.357],[140.521,43.353],[140.531,43.356],[140.531,43.349],[140.533,43.345],[140.540,43.341],[140.543,43.337],[140.550,43.334],[140.556,43.326],[140.570,43.319],[140.579,43.309],[140.591,43.304],[140.597,43.300],[140.601,43.299],[140.603,43.295],[140.606,43.293],[140.614,43.292],[140.619,43.293],[140.626,43.291],[140.633,43.293],[140.636,43.284],[140.647,43.283],[140.650,43.278],[140.643,43.272],[140.641,43.265],[140.644,43.262],[140.650,43.261],[140.670,43.257],[140.703,43.248],[140.707,43.248],[140.712,43.245],[140.721,43.245],[140.729,43.240],[140.737,43.239],[140.741,43.231],[140.749,43.230],[140.752,43.226],[140.762,43.223],[140.777,43.224],[140.780,43.219],[140.777,43.206],[140.778,43.205],[140.783,43.198],[140.800,43.190],[140.821,43.191],[140.839,43.194],[140.848,43.197],[140.852,43.196],[140.860,43.199],[140.856,43.204],[140.861,43.206],[140.860,43.207],[140.854,43.209],[140.853,43.210],[140.857,43.213],[140.868,43.212],[140.871,43.205],[140.876,43.203],[140.900,43.209],[140.918,43.208],[140.920,43.215],[140.922,43.220],[140.926,43.220],[140.931,43.222],[140.945,43.222],[140.953,43.224],[140.966,43.231],[140.977,43.234],[140.998,43.237],[141.015,43.236],[141.019,43.235],[141.018,43.230],[141.025,43.222],[141.017,43.213],[141.016,43.207],[141.013,43.205],[141.007,43.204],[141.007,43.201],[141.009,43.198],[141.014,43.191],[141.031,43.180],[141.041,43.180],[141.045,43.176],[141.067,43.175],[141.096,43.167],[141.132,43.153],[141.144,43.150],[141.157,43.143],[141.158,43.143],[141.168,43.143],[141.178,43.145],[141.192,43.152],[141.208,43.156],[141.261,43.179],[141.277,43.187],[141.303,43.205],[141.320,43.218],[141.365,43.262],[141.375,43.263],[141.381,43.276],[141.394,43.285],[141.401,43.294],[141.410,43.310],[141.416,43.314],[141.424,43.324],[141.421,43.340],[141.422,43.346],[141.427,43.350],[141.429,43.354],[141.426,43.371],[141.431,43.394],[141.429,43.413]]]]}},{"properties":{"regionId":"bali","iso":"ID"},"type":"Feature","geometry":{"type":"MultiPolygon","coordinates":[[[[115.194,-8.732],[115.180,-8.757],[115.234,-8.799],[115.170,-8.847],[115.087,-8.835],[115.089,-8.811],[115.161,-8.779],[115.166,-8.717],[115.140,-8.666],[115.097,-8.638],[115.068,-8.591],[114.929,-8.474],[114.801,-8.414],[114.714,-8.394],[114.627,-8.407],[114.575,-8.388],[114.522,-8.336],[114.445,-8.218],[114.428,-8.168],[114.438,-8.093],[114.487,-8.093],[114.536,-8.138],[114.582,-8.116],[114.692,-8.144],[114.744,-8.167],[114.853,-8.195],[114.997,-8.173],[115.114,-8.079],[115.179,-8.058],[115.338,-8.111],[115.452,-8.162],[115.564,-8.233],[115.634,-8.322],[115.701,-8.354],[115.716,-8.397],[115.680,-8.443],[115.644,-8.459],[115.609,-8.505],[115.543,-8.499],[115.499,-8.547],[115.446,-8.566],[115.359,-8.577],[115.264,-8.655],[115.260,-8.703],[115.194,-8.732]]],[[[115.623,-8.773],[115.588,-8.818],[115.484,-8.767],[115.445,-8.722],[115.488,-8.672],[115.565,-8.670],[115.623,-8.750],[115.623,-8.773]]]]}},{"properties":{"regionId":"java","iso":"ID"},"type":"Feature","geometry":{"type":"Polygon","coordinates":[[[110.011,-7.886],[110.042,-7.892],[110.063,-7.813],[110.132,-7.741],[110.142,-7.645],[110.259,-7.645],[110.254,-7.683],[110.379,-7.595],[110.444,-7.536],[110.498,-7.745],[110.543,-7.798],[110.588,-7.804],[110.657,-7.785],[110.723,-7.791],[110.750,-7.824],[110.786,-7.818],[110.771,-7.899],[110.758,-8.030],[110.790,-8.116],[110.788,-8.154],[110.836,-8.202],[110.677,-8.182],[110.584,-8.139],[110.438,-8.095],[110.378,-8.066],[110.345,-8.028],[110.217,-7.985],[110.116,-7.927],[110.011,-7.886]]]}},{"properties":{"regionId":"java","iso":"ID"},"type":"Feature","geometry":{"type":"MultiPolygon","coordinates":[[[[108.829,-6.746],[108.854,-6.799],[108.952,-6.837],[109.027,-6.774],[109.116,-6.849],[109.284,-6.873],[109.375,-6.859],[109.444,-6.835],[109.525,-6.783],[109.574,-6.837],[109.704,-6.859],[109.831,-6.910],[109.994,-6.926],[110.135,-6.886],[110.161,-6.857],[110.218,-6.858],[110.224,-6.898],[110.282,-6.910],[110.360,-6.958],[110.439,-6.946],[110.482,-6.918],[110.567,-6.805],[110.593,-6.738],[110.637,-6.680],[110.692,-6.531],[110.686,-6.496],[110.728,-6.449],[110.840,-6.409],[110.920,-6.406],[111.034,-6.421],[111.051,-6.504],[111.089,-6.595],[111.135,-6.652],[111.208,-6.687],[111.288,-6.682],[111.353,-6.700],[111.460,-6.661],[111.493,-6.616],[111.563,-6.638],[111.694,-6.752],[111.659,-6.780],[111.648,-6.828],[111.615,-6.836],[111.609,-6.903],[111.566,-6.951],[111.612,-6.971],[111.624,-7.065],[111.580,-7.201],[111.544,-7.209],[111.448,-7.280],[111.438,-7.353],[111.346,-7.352],[111.219,-7.295],[111.241,-7.249],[111.146,-7.262],[111.133,-7.308],[111.132,-7.386],[111.112,-7.415],[111.151,-7.563],[111.189,-7.603],[111.180,-7.709],[111.230,-7.747],[111.283,-7.744],[111.281,-7.782],[111.314,-7.850],[111.269,-7.930],[111.231,-7.948],[111.181,-7.916],[111.140,-7.938],[111.134,-8.020],[111.108,-8.065],[111.072,-8.050],[111.031,-8.082],[110.956,-8.063],[110.911,-8.121],[110.904,-8.210],[110.836,-8.202],[110.788,-8.154],[110.790,-8.116],[110.758,-8.030],[110.771,-7.899],[110.786,-7.818],[110.750,-7.824],[110.723,-7.791],[110.657,-7.785],[110.588,-7.804],[110.543,-7.798],[110.498,-7.745],[110.444,-7.536],[110.379,-7.595],[110.254,-7.683],[110.259,-7.645],[110.142,-7.645],[110.132,-7.741],[110.063,-7.813],[110.042,-7.892],[110.011,-7.886],[109.896,-7.844],[109.690,-7.792],[109.474,-7.756],[109.424,-7.768],[109.380,-7.724],[109.277,-7.701],[109.105,-7.685],[109.048,-7.697],[108.993,-7.744],[108.963,-7.715],[108.933,-7.720],[108.931,-7.713],[108.919,-7.706],[108.896,-7.709],[108.876,-7.694],[108.865,-7.611],[108.827,-7.599],[108.804,-7.673],[108.738,-7.609],[108.753,-7.543],[108.724,-7.486],[108.714,-7.421],[108.662,-7.340],[108.603,-7.350],[108.560,-7.334],[108.555,-7.290],[108.582,-7.240],[108.556,-7.171],[108.628,-7.137],[108.696,-7.151],[108.726,-7.116],[108.777,-7.104],[108.798,-7.004],[108.761,-6.983],[108.765,-6.896],[108.824,-6.829],[108.829,-6.746]]],[[[108.864,-7.706],[108.870,-7.712],[108.910,-7.708],[108.925,-7.719],[108.932,-7.721],[108.947,-7.721],[108.957,-7.718],[108.988,-7.776],[108.907,-7.751],[108.811,-7.734],[108.828,-7.685],[108.864,-7.706]]]]}},{"properties":{"regionId":"java","iso":"ID"},"type":"Feature","geometry":{"type":"MultiPolygon","coordinates":[[[[111.694,-6.752],[111.832,-6.799],[111.939,-6.764],[111.972,-6.765],[112.027,-6.859],[112.060,-6.890],[112.169,-6.899],[112.237,-6.871],[112.411,-6.865],[112.519,-6.905],[112.544,-6.848],[112.602,-6.893],[112.608,-6.982],[112.652,-7.041],[112.625,-7.126],[112.669,-7.166],[112.674,-7.225],[112.727,-7.199],[112.782,-7.214],[112.836,-7.308],[112.826,-7.347],[112.830,-7.467],[112.816,-7.488],[112.857,-7.548],[112.843,-7.586],[112.901,-7.626],[112.994,-7.657],[113.048,-7.659],[113.110,-7.725],[113.154,-7.746],[113.212,-7.739],[113.280,-7.786],[113.337,-7.776],[113.481,-7.698],[113.575,-7.711],[113.667,-7.736],[113.706,-7.709],[113.784,-7.733],[113.838,-7.684],[113.931,-7.699],[114.029,-7.606],[114.065,-7.637],[114.095,-7.699],[114.137,-7.717],[114.208,-7.719],[114.239,-7.700],[114.286,-7.747],[114.368,-7.751],[114.449,-7.804],[114.460,-7.887],[114.417,-7.920],[114.425,-8.064],[114.395,-8.121],[114.337,-8.422],[114.372,-8.533],[114.443,-8.637],[114.467,-8.617],[114.513,-8.648],[114.569,-8.661],[114.602,-8.715],[114.591,-8.750],[114.530,-8.780],[114.416,-8.748],[114.349,-8.744],[114.375,-8.698],[114.361,-8.659],[114.317,-8.624],[114.225,-8.602],[114.216,-8.643],[114.090,-8.615],[114.045,-8.639],[114.021,-8.595],[113.970,-8.609],[113.942,-8.560],[113.905,-8.579],[113.812,-8.546],[113.790,-8.488],[113.732,-8.526],[113.646,-8.494],[113.618,-8.442],[113.524,-8.430],[113.425,-8.380],[113.387,-8.398],[113.364,-8.353],[113.284,-8.295],[113.243,-8.284],[113.072,-8.284],[112.972,-8.326],[112.937,-8.383],[112.875,-8.409],[112.781,-8.387],[112.744,-8.419],[112.670,-8.446],[112.552,-8.401],[112.441,-8.398],[112.374,-8.376],[112.329,-8.334],[112.265,-8.349],[112.142,-8.318],[112.031,-8.319],[111.969,-8.282],[111.897,-8.301],[111.776,-8.257],[111.769,-8.290],[111.710,-8.294],[111.710,-8.325],[111.672,-8.373],[111.625,-8.325],[111.513,-8.335],[111.410,-8.279],[111.254,-8.248],[111.188,-8.278],[111.118,-8.254],[111.023,-8.252],[110.904,-8.210],[110.911,-8.121],[110.956,-8.063],[111.031,-8.082],[111.072,-8.050],[111.108,-8.065],[111.134,-8.020],[111.140,-7.938],[111.181,-7.916],[111.231,-7.948],[111.269,-7.930],[111.314,-7.850],[111.281,-7.782],[111.283,-7.744],[111.230,-7.747],[111.180,-7.709],[111.189,-7.603],[111.151,-7.563],[111.112,-7.415],[111.132,-7.386],[111.133,-7.308],[111.146,-7.262],[111.241,-7.249],[111.219,-7.295],[111.346,-7.352],[111.438,-7.353],[111.448,-7.280],[111.544,-7.209],[111.580,-7.201],[111.624,-7.065],[111.612,-6.971],[111.566,-6.951],[111.609,-6.903],[111.615,-6.836],[111.648,-6.828],[111.659,-6.780],[111.694,-6.752]]],[[[113.638,-6.887],[113.797,-6.884],[113.912,-6.864],[113.992,-6.884],[114.086,-6.927],[114.121,-6.980],[114.035,-7.008],[113.985,-7.011],[113.941,-7.057],[113.880,-7.070],[113.883,-7.135],[113.678,-7.110],[113.604,-7.127],[113.573,-7.163],[113.551,-7.234],[113.328,-7.214],[113.092,-7.229],[112.962,-7.200],[112.866,-7.164],[112.801,-7.157],[112.721,-7.174],[112.690,-7.151],[112.708,-7.102],[112.673,-7.075],[112.683,-7.031],[112.725,-7.040],[112.787,-6.985],[112.845,-6.898],[113.042,-6.880],[113.118,-6.894],[113.422,-6.886],[113.499,-6.897],[113.638,-6.887]]],[[[115.499,-6.946],[115.447,-6.919],[115.383,-6.911],[115.390,-6.988],[115.320,-6.993],[115.193,-6.931],[115.233,-6.885],[115.251,-6.826],[115.394,-6.834],[115.439,-6.846],[115.553,-6.904],[115.534,-6.961],[115.499,-6.946]]],[[[112.675,-5.859],[112.564,-5.833],[112.578,-5.779],[112.671,-5.723],[112.716,-5.742],[112.731,-5.793],[112.722,-5.834],[112.675,-5.859]]],[[[114.282,-7.073],[114.325,-7.053],[114.362,-7.081],[114.404,-7.172],[114.383,-7.186],[114.314,-7.167],[114.267,-7.098],[114.282,-7.073]]],[[[115.899,-7.107],[115.891,-7.186],[115.832,-7.205],[115.736,-7.153],[115.778,-7.109],[115.804,-7.150],[115.843,-7.160],[115.899,-7.107]]],[[[113.271,-8.464],[113.306,-8.450],[113.400,-8.458],[113.399,-8.497],[113.306,-8.509],[113.271,-8.464]]],[[[114.482,-7.141],[114.538,-7.120],[114.604,-7.134],[114.603,-7.171],[114.482,-7.141]]]]}},{"properties":{"regionId":"java","iso":"ID"},"type":"Feature","geometry":{"type":"Polygon","coordinates":[[[106.721,-6.089],[106.741,-6.105],[106.857,-6.117],[106.877,-6.098],[106.972,-6.089],[106.972,-6.185],[106.945,-6.254],[106.909,-6.263],[106.922,-6.318],[106.913,-6.366],[106.775,-6.316],[106.718,-6.185],[106.688,-6.174],[106.692,-6.095],[106.721,-6.089]]]}},{"properties":{"regionId":"java","iso":"ID"},"type":"Feature","geometry":{"type":"Polygon","coordinates":[[[106.396,-6.979],[106.390,-6.904],[106.427,-6.865],[106.436,-6.818],[106.511,-6.765],[106.429,-6.695],[106.431,-6.583],[106.401,-6.529],[106.404,-6.453],[106.457,-6.419],[106.432,-6.359],[106.466,-6.313],[106.500,-6.356],[106.532,-6.333],[106.599,-6.361],[106.767,-6.361],[106.775,-6.316],[106.913,-6.366],[106.922,-6.318],[106.909,-6.263],[106.945,-6.254],[106.972,-6.185],[106.972,-6.089],[107.018,-6.078],[107.008,-5.994],[107.038,-5.911],[107.103,-5.932],[107.139,-5.978],[107.191,-5.985],[107.302,-5.956],[107.387,-6.016],[107.465,-6.141],[107.531,-6.174],[107.621,-6.189],[107.654,-6.242],[107.722,-6.232],[107.822,-6.178],[107.893,-6.238],[107.940,-6.249],[108.103,-6.334],[108.156,-6.331],[108.194,-6.302],[108.194,-6.261],[108.301,-6.245],[108.361,-6.274],[108.368,-6.329],[108.429,-6.416],[108.484,-6.460],[108.538,-6.485],[108.539,-6.577],[108.554,-6.676],[108.575,-6.735],[108.605,-6.770],[108.677,-6.768],[108.683,-6.806],[108.763,-6.815],[108.829,-6.746],[108.824,-6.829],[108.765,-6.896],[108.761,-6.983],[108.798,-7.004],[108.777,-7.104],[108.726,-7.116],[108.696,-7.151],[108.628,-7.137],[108.556,-7.171],[108.582,-7.240],[108.555,-7.290],[108.560,-7.334],[108.603,-7.350],[108.662,-7.340],[108.714,-7.421],[108.724,-7.486],[108.753,-7.543],[108.738,-7.609],[108.804,-7.673],[108.765,-7.696],[108.715,-7.679],[108.657,-7.697],[108.586,-7.684],[108.513,-7.699],[108.505,-7.760],[108.481,-7.801],[108.430,-7.822],[108.261,-7.806],[108.123,-7.780],[107.928,-7.730],[107.839,-7.734],[107.782,-7.677],[107.679,-7.660],[107.673,-7.627],[107.602,-7.571],[107.392,-7.492],[107.354,-7.498],[107.242,-7.487],[107.077,-7.451],[106.857,-7.432],[106.788,-7.434],[106.519,-7.405],[106.473,-7.371],[106.421,-7.357],[106.370,-7.310],[106.376,-7.237],[106.398,-7.188],[106.455,-7.184],[106.456,-7.127],[106.539,-7.056],[106.543,-6.982],[106.441,-6.952],[106.396,-6.979]]]}},{"properties":{"regionId":"sulawesi","iso":"ID"},"type":"Feature","geometry":{"type":"Polygon","coordinates":[[[122.188,1.045],[122.226,1.003],[122.320,1.010],[122.375,0.997],[122.467,1.025],[122.494,0.990],[122.589,0.954],[122.653,0.949],[122.690,0.895],[122.718,0.895],[122.847,0.816],[122.925,0.861],[122.950,0.910],[122.948,0.965],[122.989,0.968],[123.028,0.933],[123.088,0.911],[123.117,0.928],[123.146,0.881],[123.240,0.835],[123.257,0.749],[123.368,0.661],[123.494,0.636],[123.527,0.571],[123.519,0.449],[123.465,0.330],[123.416,0.313],[123.343,0.309],[123.269,0.325],[123.199,0.396],[123.165,0.404],[123.122,0.465],[123.071,0.510],[123.000,0.484],[122.895,0.484],[122.836,0.495],[122.712,0.478],[122.548,0.493],[122.535,0.507],[122.423,0.502],[122.406,0.518],[122.280,0.475],[122.228,0.486],[122.177,0.471],[122.138,0.491],[122.056,0.479],[121.949,0.445],[121.876,0.446],[121.814,0.414],[121.717,0.521],[121.572,0.536],[121.534,0.550],[121.528,0.497],[121.450,0.468],[121.419,0.484],[121.345,0.474],[121.354,0.571],[121.247,0.597],[121.168,0.690],[121.225,0.708],[121.260,0.782],[121.294,0.824],[121.386,0.870],[121.499,0.850],[121.620,0.883],[121.673,0.914],[121.754,0.926],[121.831,0.963],[121.882,0.972],[121.925,0.946],[121.968,0.894],[121.993,0.941],[122.025,0.949],[122.067,0.997],[122.188,1.045]],[[122.957,0.584],[122.980,0.556],[123.020,0.563],[123.007,0.617],[122.957,0.584]]]}},{"properties":{"regionId":"sulawesi","iso":"ID"},"type":"Feature","geometry":{"type":"MultiPolygon","coordinates":[[[[120.984,-2.835],[121.078,-2.778],[121.133,-2.878],[121.167,-2.970],[121.210,-2.978],[121.255,-3.057],[121.315,-3.065],[121.355,-3.019],[121.486,-2.992],[121.568,-2.914],[121.645,-2.883],[121.703,-2.811],[121.724,-2.759],[121.760,-2.718],[121.797,-2.710],[121.818,-2.763],[121.872,-2.777],[121.899,-2.804],[121.940,-2.932],[122.000,-2.962],[122.090,-2.961],[122.130,-3.015],[122.191,-3.032],[122.190,-3.094],[122.241,-3.138],[122.274,-3.138],[122.294,-3.195],[122.285,-3.253],[122.312,-3.271],[122.288,-3.309],[122.292,-3.357],[122.373,-3.379],[122.390,-3.405],[122.372,-3.463],[122.330,-3.423],[122.322,-3.380],[122.277,-3.365],[122.238,-3.398],[122.302,-3.471],[122.275,-3.552],[122.198,-3.565],[122.195,-3.608],[122.248,-3.666],[122.308,-3.691],[122.367,-3.752],[122.401,-3.737],[122.448,-3.749],[122.465,-3.795],[122.512,-3.854],[122.515,-3.882],[122.671,-3.897],[122.603,-3.976],[122.663,-4.008],[122.643,-4.129],[122.704,-4.158],[122.792,-4.157],[122.843,-4.125],[122.771,-4.059],[122.842,-4.057],[122.891,-4.125],[122.905,-4.196],[122.886,-4.297],[122.904,-4.377],[122.840,-4.445],[122.773,-4.407],[122.683,-4.323],[122.663,-4.351],[122.701,-4.401],[122.767,-4.449],[122.746,-4.507],[122.681,-4.479],[122.613,-4.401],[122.586,-4.393],[122.503,-4.448],[122.421,-4.430],[122.368,-4.461],[122.257,-4.487],[122.224,-4.476],[122.174,-4.514],[122.082,-4.536],[122.025,-4.649],[122.023,-4.716],[122.047,-4.770],[122.108,-4.812],[122.079,-4.843],[121.992,-4.894],[121.904,-4.886],[121.818,-4.848],[121.808,-4.830],[121.724,-4.830],[121.662,-4.848],[121.651,-4.805],[121.562,-4.786],[121.455,-4.681],[121.459,-4.585],[121.506,-4.435],[121.507,-4.331],[121.522,-4.277],[121.564,-4.245],[121.608,-4.138],[121.599,-4.055],[121.499,-4.014],[121.337,-3.980],[121.293,-3.888],[121.226,-3.822],[121.181,-3.828],[121.061,-3.703],[121.020,-3.690],[120.910,-3.582],[120.876,-3.525],[120.858,-3.440],[120.928,-3.342],[120.953,-3.329],[120.966,-3.266],[121.016,-3.244],[121.051,-3.184],[121.056,-3.070],[121.084,-2.923],[121.071,-2.892],[120.984,-2.835]]],[[[122.974,-5.080],[122.974,-5.114],[122.942,-5.160],[122.962,-5.195],[123.032,-5.136],[123.085,-5.172],[123.151,-5.246],[123.176,-5.245],[123.214,-5.304],[123.135,-5.395],[123.014,-5.440],[122.972,-5.394],[122.921,-5.436],[122.888,-5.441],[122.846,-5.485],[122.897,-5.518],[122.897,-5.562],[122.815,-5.658],[122.797,-5.695],[122.744,-5.637],[122.661,-5.689],[122.623,-5.679],[122.578,-5.571],[122.563,-5.480],[122.647,-5.425],[122.617,-5.403],[122.646,-5.356],[122.651,-5.326],[122.682,-5.320],[122.732,-5.241],[122.793,-5.241],[122.806,-5.200],[122.737,-5.170],[122.788,-5.106],[122.802,-5.037],[122.768,-5.008],[122.811,-4.978],[122.832,-4.890],[122.807,-4.866],[122.858,-4.783],[122.831,-4.679],[122.850,-4.590],[122.910,-4.460],[123.040,-4.370],[123.080,-4.459],[123.136,-4.483],[123.199,-4.605],[123.211,-4.722],[123.201,-4.780],[123.171,-4.834],[123.149,-4.735],[123.103,-4.713],[123.038,-4.800],[122.993,-4.828],[123.001,-4.932],[122.969,-4.950],[122.955,-5.000],[122.974,-5.080]]],[[[122.311,-5.189],[122.322,-5.108],[122.382,-5.084],[122.377,-4.944],[122.353,-4.920],[122.321,-4.834],[122.374,-4.743],[122.451,-4.740],[122.536,-4.704],[122.596,-4.641],[122.668,-4.609],[122.730,-4.638],[122.721,-4.689],[122.747,-4.792],[122.727,-4.832],[122.762,-4.887],[122.735,-4.955],[122.679,-5.035],[122.637,-5.059],[122.586,-5.182],[122.637,-5.258],[122.640,-5.352],[122.599,-5.353],[122.592,-5.388],[122.545,-5.438],[122.511,-5.402],[122.539,-5.326],[122.524,-5.288],[122.481,-5.295],[122.495,-5.345],[122.463,-5.400],[122.363,-5.385],[122.275,-5.388],[122.268,-5.306],[122.315,-5.233],[122.311,-5.189]]],[[[121.805,-5.245],[121.808,-5.201],[121.843,-5.139],[121.859,-5.074],[121.930,-5.102],[121.947,-5.059],[121.986,-5.092],[121.992,-5.152],[122.026,-5.144],[122.060,-5.184],[122.051,-5.260],[122.043,-5.455],[122.029,-5.469],[121.944,-5.474],[121.945,-5.446],[121.875,-5.380],[121.802,-5.279],[121.805,-5.245]]],[[[123.003,-3.999],[123.030,-3.981],[123.086,-4.022],[123.144,-4.010],[123.215,-4.022],[123.254,-4.066],[123.254,-4.114],[123.149,-4.243],[123.118,-4.261],[123.073,-4.249],[122.996,-4.201],[122.945,-4.099],[122.980,-4.061],[123.003,-3.999]]],[[[123.537,-5.338],[123.517,-5.270],[123.581,-5.249],[123.647,-5.299],[123.618,-5.385],[123.581,-5.386],[123.537,-5.338]]],[[[124.075,-5.999],[123.987,-5.965],[123.973,-5.935],[123.991,-5.875],[124.050,-5.910],[124.075,-5.999]]],[[[123.092,-3.570],[123.161,-3.560],[123.181,-3.602],[123.133,-3.610],[123.113,-3.638],[123.045,-3.594],[123.092,-3.570]]],[[[123.721,-5.477],[123.767,-5.503],[123.827,-5.571],[123.784,-5.591],[123.718,-5.512],[123.721,-5.477]]],[[[123.959,-5.727],[123.997,-5.768],[123.928,-5.776],[123.896,-5.737],[123.959,-5.727]]],[[[122.547,-5.634],[122.532,-5.690],[122.487,-5.661],[122.507,-5.620],[122.547,-5.634]]],[[[122.417,-3.397],[122.470,-3.466],[122.436,-3.505],[122.400,-3.439],[122.417,-3.397]]],[[[123.062,-4.839],[123.079,-4.794],[123.115,-4.797],[123.108,-4.845],[123.062,-4.839]]]]}},{"properties":{"regionId":"sulawesi","iso":"ID"},"type":"Feature","geometry":{"type":"MultiPolygon","coordinates":[[[[119.551,-0.861],[119.567,-1.022],[119.603,-1.166],[119.570,-1.272],[119.505,-1.277],[119.505,-1.309],[119.431,-1.336],[119.450,-1.395],[119.497,-1.394],[119.516,-1.436],[119.639,-1.405],[119.696,-1.459],[119.659,-1.496],[119.669,-1.545],[119.732,-1.607],[119.775,-1.693],[119.762,-1.764],[119.865,-1.770],[119.902,-1.796],[119.907,-1.835],[119.869,-1.892],[119.848,-1.965],[119.815,-2.015],[119.837,-2.051],[119.887,-2.045],[119.963,-2.000],[119.994,-1.963],[120.101,-1.966],[120.119,-2.008],[120.181,-2.029],[120.266,-2.022],[120.329,-2.054],[120.354,-1.999],[120.383,-1.890],[120.401,-1.888],[120.469,-1.962],[120.480,-1.998],[120.595,-2.138],[120.703,-2.212],[120.744,-2.228],[120.821,-2.207],[120.953,-2.237],[121.153,-2.328],[121.226,-2.352],[121.304,-2.365],[121.391,-2.409],[121.510,-2.495],[121.569,-2.496],[121.639,-2.535],[121.700,-2.548],[121.743,-2.608],[121.797,-2.710],[121.760,-2.718],[121.724,-2.759],[121.703,-2.811],[121.645,-2.883],[121.568,-2.914],[121.486,-2.992],[121.355,-3.019],[121.315,-3.065],[121.255,-3.057],[121.210,-2.978],[121.167,-2.970],[121.133,-2.878],[121.078,-2.778],[120.984,-2.835],[121.079,-2.746],[121.076,-2.703],[121.036,-2.697],[120.888,-2.643],[120.841,-2.653],[120.803,-2.618],[120.670,-2.645],[120.604,-2.675],[120.451,-2.824],[120.404,-2.841],[120.292,-2.903],[120.276,-2.928],[120.189,-2.962],[120.262,-3.081],[120.259,-3.163],[120.379,-3.200],[120.399,-3.286],[120.405,-3.427],[120.380,-3.500],[120.418,-3.574],[120.414,-3.668],[120.442,-3.741],[120.357,-3.854],[120.337,-3.900],[120.348,-4.046],[120.327,-4.095],[120.371,-4.167],[120.358,-4.214],[120.358,-4.299],[120.385,-4.336],[120.338,-4.424],[120.393,-4.481],[120.369,-4.518],[120.388,-4.604],[120.440,-4.661],[120.391,-4.710],[120.376,-4.772],[120.376,-4.841],[120.329,-4.844],[120.293,-4.881],[120.285,-4.928],[120.295,-5.012],[120.260,-5.152],[120.342,-5.324],[120.389,-5.351],[120.419,-5.452],[120.448,-5.617],[120.415,-5.622],[120.355,-5.575],[120.336,-5.529],[120.296,-5.518],[120.268,-5.543],[120.204,-5.550],[120.132,-5.591],[120.070,-5.596],[119.918,-5.553],[119.887,-5.597],[119.829,-5.644],[119.843,-5.662],[119.775,-5.706],[119.691,-5.706],[119.630,-5.677],[119.641,-5.632],[119.577,-5.617],[119.485,-5.564],[119.435,-5.599],[119.411,-5.550],[119.426,-5.524],[119.356,-5.422],[119.355,-5.348],[119.379,-5.230],[119.381,-5.166],[119.404,-5.123],[119.447,-5.103],[119.474,-5.058],[119.472,-5.000],[119.522,-4.923],[119.498,-4.855],[119.489,-4.738],[119.591,-4.576],[119.579,-4.533],[119.597,-4.475],[119.594,-4.417],[119.623,-4.368],[119.634,-4.305],[119.609,-4.273],[119.633,-4.163],[119.613,-4.148],[119.629,-4.001],[119.541,-3.914],[119.488,-3.769],[119.451,-3.718],[119.449,-3.675],[119.492,-3.605],[119.504,-3.535],[119.454,-3.477],[119.387,-3.444],[119.287,-3.427],[119.270,-3.454],[119.193,-3.493],[119.072,-3.502],[119.016,-3.515],[118.923,-3.564],[118.873,-3.472],[118.840,-3.376],[118.853,-3.301],[118.827,-3.226],[118.825,-3.167],[118.771,-3.101],[118.825,-3.088],[118.856,-3.031],[118.845,-2.987],[118.884,-2.889],[118.858,-2.855],[118.806,-2.848],[118.762,-2.866],[118.756,-2.777],[118.781,-2.741],[118.776,-2.685],[118.817,-2.616],[118.870,-2.678],[118.960,-2.638],[119.033,-2.578],[119.043,-2.506],[119.125,-2.480],[119.144,-2.387],[119.123,-2.320],[119.151,-2.241],[119.145,-2.203],[119.185,-2.152],[119.209,-2.000],[119.285,-1.953],[119.330,-1.962],[119.352,-1.898],[119.354,-1.827],[119.327,-1.815],[119.298,-1.707],[119.278,-1.688],[119.323,-1.571],[119.284,-1.453],[119.293,-1.382],[119.328,-1.350],[119.299,-1.276],[119.339,-1.168],[119.436,-1.102],[119.462,-1.060],[119.520,-0.911],[119.551,-0.861]],[[119.877,-4.025],[119.892,-3.969],[119.837,-3.960],[119.850,-4.010],[119.877,-4.025]],[[119.921,-4.143],[119.962,-4.173],[120.014,-4.091],[120.009,-4.052],[119.943,-4.068],[119.902,-4.060],[119.887,-4.104],[119.921,-4.143]]],[[[120.539,-5.999],[120.550,-6.062],[120.505,-6.233],[120.518,-6.336],[120.473,-6.406],[120.451,-6.386],[120.460,-6.288],[120.425,-6.273],[120.427,-6.171],[120.446,-6.101],[120.434,-6.079],[120.426,-5.967],[120.441,-5.817],[120.458,-5.783],[120.507,-5.844],[120.514,-5.920],[120.539,-5.999]]],[[[120.686,-7.125],[120.671,-7.145],[120.600,-7.100],[120.651,-7.011],[120.674,-7.042],[120.782,-7.100],[120.769,-7.132],[120.686,-7.125]]],[[[120.915,-7.310],[120.807,-7.289],[120.817,-7.264],[120.917,-7.286],[121.014,-7.283],[121.002,-7.333],[120.915,-7.310]]],[[[121.803,-7.496],[121.774,-7.416],[121.802,-7.370],[121.848,-7.382],[121.827,-7.489],[121.803,-7.496]]],[[[121.084,-7.349],[121.119,-7.315],[121.169,-7.349],[121.099,-7.397],[121.084,-7.349]]],[[[119.270,-5.455],[119.313,-5.512],[119.258,-5.535],[119.270,-5.455]]]]}},{"properties":{"regionId":"sulawesi","iso":"ID"},"type":"Feature","geometry":{"type":"MultiPolygon","coordinates":[[[[119.551,-0.861],[119.620,-0.827],[119.628,-0.795],[119.680,-0.767],[119.672,-0.701],[119.725,-0.658],[119.761,-0.681],[119.810,-0.824],[119.844,-0.881],[119.877,-0.860],[119.876,-0.800],[119.857,-0.776],[119.858,-0.711],[119.823,-0.687],[119.759,-0.489],[119.755,-0.436],[119.777,-0.278],[119.817,-0.188],[119.793,-0.120],[119.730,-0.144],[119.675,-0.120],[119.606,-0.011],[119.719,-0.007],[119.767,-0.076],[119.777,-0.112],[119.836,-0.110],[119.888,-0.012],[119.869,0.103],[119.773,0.195],[119.803,0.235],[119.886,0.210],[119.906,0.230],[119.849,0.351],[119.889,0.390],[119.876,0.437],[119.912,0.474],[119.999,0.481],[120.045,0.508],[120.036,0.605],[120.017,0.662],[120.077,0.739],[120.131,0.739],[120.231,0.792],[120.245,0.836],[120.234,0.882],[120.246,0.957],[120.347,0.986],[120.328,0.853],[120.375,0.833],[120.388,0.801],[120.475,0.778],[120.500,0.794],[120.577,0.769],[120.600,0.806],[120.606,0.872],[120.678,0.960],[120.721,0.959],[120.789,1.036],[120.797,1.093],[120.776,1.112],[120.824,1.183],[120.808,1.271],[120.833,1.320],[120.928,1.329],[120.976,1.348],[121.065,1.308],[121.100,1.321],[121.232,1.241],[121.301,1.256],[121.355,1.253],[121.407,1.269],[121.446,1.318],[121.470,1.272],[121.434,1.230],[121.431,1.172],[121.483,1.112],[121.561,1.069],[121.707,1.060],[121.858,1.099],[121.888,1.086],[121.936,1.106],[121.960,1.046],[121.991,1.027],[122.105,1.073],[122.166,1.037],[122.188,1.045],[122.067,0.997],[122.025,0.949],[121.993,0.941],[121.968,0.894],[121.925,0.946],[121.882,0.972],[121.831,0.963],[121.754,0.926],[121.673,0.914],[121.620,0.883],[121.499,0.850],[121.386,0.870],[121.294,0.824],[121.260,0.782],[121.225,0.708],[121.168,0.690],[121.247,0.597],[121.354,0.571],[121.345,0.474],[121.296,0.496],[121.246,0.462],[121.183,0.459],[121.152,0.409],[121.088,0.397],[121.032,0.439],[120.905,0.393],[120.861,0.438],[120.730,0.473],[120.698,0.508],[120.606,0.518],[120.528,0.514],[120.364,0.452],[120.304,0.413],[120.244,0.338],[120.211,0.269],[120.157,0.222],[120.121,0.157],[120.132,0.125],[120.103,0.087],[120.104,0.006],[120.089,-0.040],[120.031,-0.088],[120.040,-0.140],[120.008,-0.176],[120.009,-0.290],[120.029,-0.303],[120.039,-0.391],[120.070,-0.443],[120.046,-0.490],[120.054,-0.630],[120.102,-0.729],[120.218,-0.845],[120.245,-0.892],[120.312,-0.967],[120.409,-0.924],[120.458,-0.993],[120.505,-0.999],[120.591,-1.168],[120.569,-1.203],[120.570,-1.253],[120.637,-1.313],[120.640,-1.370],[120.690,-1.420],[120.729,-1.384],[120.842,-1.368],[120.858,-1.415],[120.959,-1.414],[120.978,-1.403],[121.050,-1.441],[121.117,-1.423],[121.201,-1.279],[121.216,-1.211],[121.277,-1.157],[121.300,-1.103],[121.391,-1.007],[121.446,-0.974],[121.472,-0.905],[121.537,-0.876],[121.587,-0.869],[121.606,-0.829],[121.650,-0.806],[121.667,-0.858],[121.654,-0.911],[121.768,-0.973],[121.798,-0.962],[121.949,-0.997],[122.005,-0.941],[122.101,-0.963],[122.140,-0.926],[122.151,-0.864],[122.202,-0.790],[122.312,-0.797],[122.370,-0.778],[122.417,-0.786],[122.455,-0.763],[122.526,-0.787],[122.627,-0.767],[122.685,-0.814],[122.729,-0.814],[122.779,-0.777],[122.914,-0.768],[122.879,-0.722],[122.762,-0.702],[122.811,-0.634],[122.838,-0.646],[122.936,-0.627],[122.956,-0.648],[123.014,-0.603],[123.113,-0.574],[123.173,-0.589],[123.195,-0.574],[123.273,-0.591],[123.409,-0.660],[123.381,-0.675],[123.452,-0.765],[123.383,-0.931],[123.390,-0.960],[123.349,-1.037],[123.263,-1.051],[123.228,-1.006],[123.144,-0.943],[123.147,-0.889],[123.101,-0.840],[123.061,-0.869],[123.056,-0.902],[122.978,-0.905],[122.890,-0.933],[122.859,-0.927],[122.790,-0.950],[122.794,-0.999],[122.723,-1.085],[122.708,-1.134],[122.666,-1.135],[122.632,-1.171],[122.618,-1.238],[122.560,-1.262],[122.556,-1.308],[122.495,-1.351],[122.483,-1.388],[122.415,-1.437],[122.390,-1.488],[122.316,-1.522],[122.220,-1.595],[122.023,-1.613],[121.959,-1.675],[121.896,-1.692],[121.877,-1.675],[121.809,-1.730],[121.806,-1.760],[121.749,-1.887],[121.684,-1.943],[121.634,-1.956],[121.565,-1.949],[121.525,-1.893],[121.462,-1.864],[121.451,-1.804],[121.372,-1.809],[121.322,-1.775],[121.295,-1.798],[121.291,-1.858],[121.333,-1.878],[121.317,-1.937],[121.375,-1.963],[121.418,-1.939],[121.447,-1.985],[121.525,-2.049],[121.549,-2.171],[121.609,-2.189],[121.680,-2.181],[121.724,-2.204],[121.795,-2.291],[121.821,-2.294],[121.839,-2.348],[121.901,-2.429],[121.957,-2.521],[121.986,-2.601],[122.033,-2.659],[122.004,-2.712],[122.085,-2.788],[122.138,-2.790],[122.181,-2.823],[122.180,-2.869],[122.292,-2.890],[122.319,-2.914],[122.305,-2.956],[122.250,-3.022],[122.333,-3.083],[122.383,-3.143],[122.412,-3.128],[122.486,-3.180],[122.425,-3.203],[122.428,-3.248],[122.384,-3.258],[122.323,-3.240],[122.312,-3.271],[122.285,-3.253],[122.294,-3.195],[122.274,-3.138],[122.241,-3.138],[122.190,-3.094],[122.191,-3.032],[122.130,-3.015],[122.090,-2.961],[122.000,-2.962],[121.940,-2.932],[121.899,-2.804],[121.872,-2.777],[121.818,-2.763],[121.797,-2.710],[121.743,-2.608],[121.700,-2.548],[121.639,-2.535],[121.569,-2.496],[121.510,-2.495],[121.391,-2.409],[121.304,-2.365],[121.226,-2.352],[121.153,-2.328],[120.953,-2.237],[120.821,-2.207],[120.744,-2.228],[120.703,-2.212],[120.595,-2.138],[120.480,-1.998],[120.469,-1.962],[120.401,-1.888],[120.383,-1.890],[120.354,-1.999],[120.329,-2.054],[120.266,-2.022],[120.181,-2.029],[120.119,-2.008],[120.101,-1.966],[119.994,-1.963],[119.963,-2.000],[119.887,-2.045],[119.837,-2.051],[119.815,-2.015],[119.848,-1.965],[119.869,-1.892],[119.907,-1.835],[119.902,-1.796],[119.865,-1.770],[119.762,-1.764],[119.775,-1.693],[119.732,-1.607],[119.669,-1.545],[119.659,-1.496],[119.696,-1.459],[119.639,-1.405],[119.516,-1.436],[119.497,-1.394],[119.450,-1.395],[119.431,-1.336],[119.505,-1.309],[119.505,-1.277],[119.570,-1.272],[119.603,-1.166],[119.567,-1.022],[119.551,-0.861]],[[120.531,-1.873],[120.528,-1.913],[120.564,-1.967],[120.606,-1.995],[120.631,-2.059],[120.685,-2.066],[120.707,-2.024],[120.672,-1.972],[120.657,-1.881],[120.599,-1.790],[120.530,-1.789],[120.531,-1.873]]],[[[123.169,-1.634],[123.106,-1.605],[123.103,-1.583],[123.164,-1.543],[123.185,-1.513],[123.157,-1.317],[123.103,-1.349],[123.032,-1.453],[123.021,-1.495],[122.952,-1.550],[122.909,-1.605],[122.865,-1.600],[122.820,-1.480],[122.785,-1.451],[122.791,-1.383],[122.833,-1.271],[122.876,-1.236],[122.904,-1.184],[122.979,-1.202],[123.109,-1.169],[123.145,-1.208],[123.186,-1.162],[123.245,-1.232],[123.191,-1.327],[123.248,-1.394],[123.284,-1.361],[123.360,-1.231],[123.440,-1.235],[123.485,-1.270],[123.556,-1.288],[123.534,-1.366],[123.539,-1.397],[123.510,-1.458],[123.459,-1.518],[123.407,-1.524],[123.367,-1.503],[123.300,-1.414],[123.260,-1.470],[123.229,-1.599],[123.169,-1.634]]],[[[123.476,-1.656],[123.498,-1.588],[123.477,-1.574],[123.501,-1.507],[123.547,-1.509],[123.571,-1.607],[123.627,-1.624],[123.615,-1.694],[123.576,-1.726],[123.492,-1.711],[123.476,-1.656]]],[[[121.914,-0.453],[121.917,-0.519],[121.834,-0.496],[121.734,-0.512],[121.701,-0.564],[121.662,-0.558],[121.694,-0.492],[121.754,-0.431],[121.783,-0.451],[121.843,-0.414],[121.914,-0.453]]],[[[121.965,-0.420],[121.916,-0.440],[121.872,-0.416],[121.872,-0.358],[122.054,-0.352],[122.053,-0.389],[122.059,-0.404],[121.965,-0.420]]],[[[123.135,-1.780],[123.154,-1.820],[123.140,-1.866],[123.063,-1.920],[123.062,-1.831],[123.092,-1.770],[123.135,-1.780]]],[[[122.096,-0.403],[122.077,-0.429],[122.056,-0.367],[122.066,-0.311],[122.098,-0.295],[122.149,-0.398],[122.096,-0.403]]],[[[123.860,-1.997],[123.820,-2.012],[123.789,-1.979],[123.772,-1.903],[123.808,-1.893],[123.850,-1.945],[123.860,-1.997]]],[[[122.362,-0.362],[122.295,-0.268],[122.306,-0.239],[122.375,-0.284],[122.362,-0.362]]],[[[121.620,-0.211],[121.562,-0.181],[121.601,-0.129],[121.644,-0.130],[121.649,-0.193],[121.620,-0.211]]],[[[123.312,-1.720],[123.360,-1.677],[123.390,-1.708],[123.314,-1.784],[123.267,-1.787],[123.312,-1.720]]],[[[123.325,-1.200],[123.313,-1.265],[123.274,-1.221],[123.325,-1.200]]]]}},{"properties":{"regionId":"sulawesi","iso":"ID"},"type":"Feature","geometry":{"type":"MultiPolygon","coordinates":[[[[123.465,0.330],[123.519,0.449],[123.527,0.571],[123.494,0.636],[123.368,0.661],[123.257,0.749],[123.240,0.835],[123.146,0.881],[123.117,0.928],[123.183,0.906],[123.222,0.951],[123.266,0.919],[123.381,0.916],[123.395,0.903],[123.553,0.891],[123.605,0.906],[123.732,0.865],[123.784,0.835],[123.920,0.849],[124.075,0.923],[124.137,0.928],[124.197,0.986],[124.283,1.003],[124.308,1.021],[124.357,1.136],[124.345,1.158],[124.413,1.196],[124.489,1.187],[124.544,1.214],[124.583,1.194],[124.610,1.234],[124.589,1.269],[124.516,1.302],[124.533,1.356],[124.576,1.400],[124.626,1.418],[124.674,1.396],[124.746,1.451],[124.829,1.468],[124.845,1.523],[124.806,1.577],[124.861,1.604],[124.923,1.665],[124.961,1.730],[124.994,1.754],[125.026,1.735],[125.014,1.693],[125.111,1.663],[125.154,1.579],[125.210,1.550],[125.242,1.505],[125.229,1.461],[125.192,1.438],[125.147,1.439],[125.076,1.367],[125.063,1.296],[125.020,1.146],[124.969,1.069],[124.898,0.999],[124.883,0.963],[124.788,0.943],[124.763,0.888],[124.725,0.893],[124.689,0.829],[124.625,0.763],[124.631,0.712],[124.599,0.706],[124.554,0.635],[124.560,0.589],[124.495,0.548],[124.512,0.473],[124.376,0.446],[124.323,0.442],[124.281,0.404],[124.085,0.389],[124.065,0.369],[123.998,0.376],[123.978,0.360],[123.814,0.337],[123.781,0.312],[123.740,0.324],[123.683,0.304],[123.590,0.310],[123.548,0.324],[123.496,0.308],[123.465,0.330]]],[[[126.688,4.371],[126.715,4.464],[126.720,4.525],[126.750,4.560],[126.805,4.546],[126.855,4.498],[126.868,4.445],[126.851,4.385],[126.914,4.283],[126.792,4.169],[126.807,4.123],[126.799,4.058],[126.761,4.012],[126.699,4.021],[126.664,4.057],[126.733,4.127],[126.788,4.253],[126.714,4.282],[126.688,4.371]]],[[[125.650,3.509],[125.678,3.424],[125.640,3.377],[125.523,3.433],[125.485,3.477],[125.512,3.558],[125.482,3.598],[125.442,3.615],[125.398,3.663],[125.422,3.724],[125.509,3.716],[125.597,3.605],[125.573,3.580],[125.623,3.517],[125.650,3.509]]],[[[125.379,2.797],[125.422,2.805],[125.449,2.752],[125.407,2.726],[125.357,2.737],[125.379,2.797]]],[[[126.723,3.903],[126.678,3.872],[126.667,3.946],[126.704,3.953],[126.723,3.903]]],[[[126.823,3.745],[126.790,3.759],[126.753,3.806],[126.742,3.864],[126.798,3.854],[126.834,3.814],[126.849,3.770],[126.823,3.745]]],[[[125.375,2.354],[125.434,2.386],[125.467,2.352],[125.439,2.319],[125.375,2.354]]],[[[125.129,1.830],[125.181,1.774],[125.132,1.753],[125.129,1.830]]]]}},{"properties":{"regionId":"flores","iso":"ID"},"type":"Feature","geometry":{"type":"MultiPolygon","coordinates":[[[[122.619,-8.403],[122.670,-8.395],[122.729,-8.363],[122.769,-8.367],[122.814,-8.300],[122.877,-8.297],[122.897,-8.276],[122.924,-8.197],[122.868,-8.176],[122.815,-8.198],[122.790,-8.238],[122.743,-8.210],[122.783,-8.160],[122.785,-8.111],[122.832,-8.101],[122.869,-8.065],[122.976,-8.140],[122.964,-8.198],[123.015,-8.279],[123.021,-8.320],[122.964,-8.354],[122.930,-8.330],[122.882,-8.389],[122.892,-8.452],[122.791,-8.431],[122.783,-8.461],[122.836,-8.523],[122.838,-8.594],[122.73,-8.641],[122.670,-8.632],[122.568,-8.672],[122.533,-8.717],[122.379,-8.762],[122.350,-8.750],[122.286,-8.764],[122.199,-8.759],[122.125,-8.737],[122.085,-8.750],[122.035,-8.803],[121.928,-8.841],[121.865,-8.845],[121.818,-8.881],[121.738,-8.888],[121.718,-8.867],[121.637,-8.856],[121.564,-8.811],[121.540,-8.822],[121.385,-8.796],[121.363,-8.827],[121.361,-8.895],[121.311,-8.925],[121.251,-8.900],[121.126,-8.907],[121.070,-8.939],[120.997,-8.959],[120.906,-8.922],[120.856,-8.873],[120.827,-8.821],[120.778,-8.832],[120.766,-8.873],[120.726,-8.877],[120.624,-8.839],[120.603,-8.805],[120.540,-8.792],[120.501,-8.804],[120.374,-8.799],[120.320,-8.838],[120.239,-8.830],[120.179,-8.776],[120.116,-8.780],[120.063,-8.805],[119.937,-8.834],[119.821,-8.784],[119.799,-8.738],[119.812,-8.658],[119.801,-8.575],[119.915,-8.465],[119.958,-8.442],[120.000,-8.454],[120.004,-8.407],[120.034,-8.375],[120.089,-8.380],[120.125,-8.354],[120.154,-8.371],[120.200,-8.298],[120.26,-8.273],[120.405,-8.271],[120.441,-8.237],[120.464,-8.282],[120.524,-8.260],[120.560,-8.291],[120.658,-8.280],[120.689,-8.320],[120.743,-8.341],[120.811,-8.334],[120.859,-8.353],[120.979,-8.348],[120.994,-8.395],[121.160,-8.446],[121.187,-8.441],[121.238,-8.478],[121.306,-8.492],[121.343,-8.561],[121.422,-8.588],[121.457,-8.562],[121.504,-8.617],[121.604,-8.547],[121.608,-8.497],[121.675,-8.516],[121.731,-8.500],[121.808,-8.516],[121.842,-8.489],[121.927,-8.497],[121.950,-8.458],[122.026,-8.445],[122.016,-8.529],[122.106,-8.533],[122.161,-8.559],[122.227,-8.627],[122.293,-8.650],[122.363,-8.618],[122.479,-8.615],[122.522,-8.551],[122.487,-8.512],[122.497,-8.469],[122.547,-8.468],[122.601,-8.398],[122.619,-8.403]]],[[[124.046,-9.342],[124.098,-9.418],[124.157,-9.429],[124.206,-9.375],[124.268,-9.418],[124.292,-9.506],[124.353,-9.479],[124.378,-9.356],[124.454,-9.311],[124.472,-9.182],[124.535,-9.197],[124.620,-9.163],[124.669,-9.129],[124.710,-9.057],[124.739,-9.064],[124.816,-9.013],[124.854,-9.016],[124.887,-8.985],[124.949,-8.967],[124.942,-9.046],[124.988,-9.067],[125.067,-9.029],[125.114,-8.976],[125.182,-9.027],[125.187,-9.055],[125.172,-9.178],[125.101,-9.200],[125.057,-9.175],[125.015,-9.178],[124.984,-9.214],[125.000,-9.298],[125.050,-9.330],[125.076,-9.387],[125.092,-9.464],[125.007,-9.539],[124.983,-9.647],[124.888,-9.706],[124.845,-9.745],[124.757,-9.860],[124.746,-9.891],[124.666,-9.931],[124.652,-9.956],[124.523,-10.031],[124.495,-10.099],[124.414,-10.158],[124.379,-10.170],[124.233,-10.163],[124.170,-10.153],[124.092,-10.180],[124.069,-10.221],[124.015,-10.267],[123.910,-10.295],[123.857,-10.333],[123.796,-10.354],[123.704,-10.366],[123.657,-10.350],[123.605,-10.369],[123.544,-10.330],[123.456,-10.355],[123.519,-10.221],[123.529,-10.176],[123.657,-10.135],[123.744,-10.095],[123.747,-10.030],[123.647,-10.008],[123.580,-10.032],[123.582,-9.925],[123.649,-9.894],[123.668,-9.817],[123.643,-9.779],[123.679,-9.756],[123.667,-9.649],[123.731,-9.574],[123.776,-9.556],[123.792,-9.497],[123.827,-9.502],[123.936,-9.426],[123.983,-9.357],[124.046,-9.342]]],[[[119.680,-9.828],[119.678,-9.794],[119.615,-9.799],[119.583,-9.773],[119.529,-9.768],[119.470,-9.741],[119.411,-9.767],[119.389,-9.797],[119.350,-9.760],[119.302,-9.744],[119.180,-9.746],[119.033,-9.680],[118.985,-9.607],[118.928,-9.558],[118.944,-9.512],[118.993,-9.455],[119.056,-9.424],[119.091,-9.425],[119.187,-9.376],[119.211,-9.395],[119.300,-9.362],[119.381,-9.385],[119.463,-9.359],[119.525,-9.380],[119.594,-9.345],[119.631,-9.342],[119.683,-9.379],[119.763,-9.382],[119.797,-9.396],[119.941,-9.280],[119.961,-9.324],[120.102,-9.475],[120.173,-9.469],[120.222,-9.493],[120.237,-9.594],[120.256,-9.644],[120.360,-9.647],[120.451,-9.628],[120.498,-9.703],[120.552,-9.714],[120.607,-9.791],[120.641,-9.875],[120.696,-9.917],[120.727,-9.918],[120.796,-9.971],[120.823,-10.023],[120.819,-10.087],[120.759,-10.131],[120.734,-10.173],[120.668,-10.220],[120.611,-10.245],[120.558,-10.231],[120.486,-10.261],[120.470,-10.303],[120.428,-10.302],[120.354,-10.248],[120.209,-10.255],[120.143,-10.223],[120.031,-10.123],[119.995,-10.037],[119.936,-9.980],[119.839,-9.927],[119.790,-9.921],[119.762,-9.890],[119.708,-9.868],[119.680,-9.828]]],[[[124.353,-8.380],[124.420,-8.295],[124.466,-8.258],[124.509,-8.261],[124.516,-8.222],[124.402,-8.274],[124.393,-8.222],[124.473,-8.130],[124.597,-8.128],[124.593,-8.192],[124.670,-8.169],[124.781,-8.153],[124.830,-8.173],[125.011,-8.164],[125.087,-8.153],[125.139,-8.229],[125.125,-8.344],[125.051,-8.360],[124.898,-8.372],[124.788,-8.409],[124.663,-8.395],[124.590,-8.435],[124.547,-8.443],[124.504,-8.419],[124.434,-8.455],[124.366,-8.446],[124.332,-8.425],[124.353,-8.380]]],[[[123.527,-8.362],[123.559,-8.368],[123.596,-8.333],[123.595,-8.287],[123.622,-8.246],[123.700,-8.251],[123.697,-8.216],[123.778,-8.169],[123.839,-8.211],[123.904,-8.218],[123.911,-8.258],[123.838,-8.282],[123.763,-8.288],[123.673,-8.428],[123.620,-8.406],[123.553,-8.471],[123.582,-8.543],[123.545,-8.571],[123.504,-8.522],[123.448,-8.534],[123.426,-8.577],[123.388,-8.585],[123.314,-8.528],[123.286,-8.549],[123.234,-8.511],[123.291,-8.465],[123.340,-8.398],[123.428,-8.370],[123.471,-8.336],[123.436,-8.273],[123.537,-8.235],[123.559,-8.253],[123.502,-8.338],[123.527,-8.362]]],[[[123.195,-10.588],[123.263,-10.516],[123.407,-10.455],[123.376,-10.551],[123.428,-10.655],[123.306,-10.703],[123.257,-10.733],[123.216,-10.816],[123.134,-10.810],[123.074,-10.847],[122.968,-10.860],[122.911,-10.918],[122.884,-10.902],[122.819,-10.919],[122.819,-10.827],[122.804,-10.806],[122.853,-10.755],[122.983,-10.729],[123.047,-10.725],[123.126,-10.642],[123.178,-10.633],[123.195,-10.588]]],[[[123.942,-8.402],[123.961,-8.347],[124.057,-8.294],[124.100,-8.365],[124.163,-8.291],[124.208,-8.259],[124.225,-8.213],[124.277,-8.174],[124.316,-8.184],[124.319,-8.230],[124.293,-8.270],[124.295,-8.331],[124.242,-8.361],[124.203,-8.415],[124.207,-8.460],[124.138,-8.538],[124.061,-8.552],[124.061,-8.503],[124.032,-8.424],[123.942,-8.402]]],[[[123.165,-8.391],[123.110,-8.403],[123.001,-8.403],[123.033,-8.310],[123.151,-8.233],[123.246,-8.228],[123.305,-8.296],[123.308,-8.364],[123.286,-8.394],[123.165,-8.391]]],[[[121.871,-10.612],[121.756,-10.610],[121.696,-10.576],[121.822,-10.506],[121.856,-10.442],[121.894,-10.424],[121.992,-10.439],[121.994,-10.521],[121.871,-10.612]]],[[[119.442,-8.750],[119.382,-8.720],[119.410,-8.647],[119.378,-8.581],[119.425,-8.548],[119.423,-8.449],[119.476,-8.450],[119.512,-8.493],[119.575,-8.489],[119.562,-8.583],[119.500,-8.585],[119.459,-8.616],[119.435,-8.673],[119.458,-8.699],[119.442,-8.750]]],[[[123.328,-10.345],[123.304,-10.269],[123.368,-10.209],[123.391,-10.143],[123.453,-10.119],[123.466,-10.165],[123.452,-10.220],[123.418,-10.234],[123.423,-10.296],[123.373,-10.309],[123.328,-10.345]]],[[[123,-8.497],[122.945,-8.594],[122.895,-8.619],[122.873,-8.578],[122.884,-8.532],[122.950,-8.489],[122.981,-8.437],[123.12,-8.436],[123.148,-8.463],[123.080,-8.490],[123.022,-8.479],[123,-8.497]]],[[[119.635,-8.602],[119.666,-8.611],[119.674,-8.684],[119.711,-8.658],[119.727,-8.617],[119.802,-8.617],[119.802,-8.650],[119.724,-8.682],[119.717,-8.791],[119.613,-8.748],[119.643,-8.655],[119.635,-8.602]]],[[[125.544,-8.306],[125.503,-8.268],[125.550,-8.229],[125.616,-8.144],[125.644,-8.170],[125.608,-8.238],[125.586,-8.314],[125.544,-8.306]]],[[[122.389,-8.504],[122.357,-8.495],[122.338,-8.440],[122.380,-8.434],[122.420,-8.482],[122.389,-8.504]]],[[[121.725,-8.361],[121.681,-8.327],[121.732,-8.302],[121.725,-8.361]]]]}},{"properties":{"regionId":"lombok","iso":"ID"},"type":"Feature","geometry":{"type":"MultiPolygon","coordinates":[[[[117.627,-8.506],[117.634,-8.557],[117.733,-8.564],[117.751,-8.592],[117.747,-8.650],[117.770,-8.714],[117.800,-8.726],[117.864,-8.698],[117.964,-8.742],[118.042,-8.663],[118.130,-8.650],[118.190,-8.674],[118.259,-8.656],[118.260,-8.588],[118.092,-8.490],[118.074,-8.451],[117.975,-8.466],[117.826,-8.366],[117.69,-8.238],[117.718,-8.162],[117.773,-8.129],[117.829,-8.127],[117.923,-8.080],[117.947,-8.102],[118.002,-8.092],[118.084,-8.111],[118.139,-8.139],[118.140,-8.201],[118.177,-8.269],[118.210,-8.288],[118.237,-8.344],[118.306,-8.371],[118.376,-8.332],[118.376,-8.305],[118.482,-8.244],[118.654,-8.289],[118.695,-8.353],[118.696,-8.433],[118.666,-8.494],[118.713,-8.495],[118.703,-8.406],[118.735,-8.337],[118.804,-8.283],[118.893,-8.281],[119.008,-8.312],[118.995,-8.373],[119.055,-8.449],[119.058,-8.507],[119.019,-8.528],[119.015,-8.568],[119.040,-8.640],[119.082,-8.648],[119.162,-8.635],[119.160,-8.700],[119.136,-8.749],[119.025,-8.733],[118.973,-8.745],[118.909,-8.677],[118.871,-8.720],[118.814,-8.699],[118.748,-8.697],[118.736,-8.759],[118.839,-8.769],[118.911,-8.765],[118.952,-8.807],[118.909,-8.840],[118.823,-8.835],[118.760,-8.793],[118.667,-8.802],[118.526,-8.870],[118.433,-8.887],[118.368,-8.840],[118.368,-8.766],[118.415,-8.720],[118.414,-8.645],[118.343,-8.683],[118.313,-8.725],[118.268,-8.748],[118.193,-8.837],[118.112,-8.880],[118.070,-8.842],[117.994,-8.858],[117.971,-8.896],[117.888,-8.924],[117.771,-8.931],[117.678,-8.922],[117.591,-8.983],[117.410,-9.051],[117.333,-9.057],[117.206,-9.022],[117.176,-9.029],[117.134,-9.088],[117.016,-9.112],[116.957,-9.062],[116.885,-9.066],[116.794,-9.041],[116.727,-8.980],[116.733,-8.873],[116.763,-8.861],[116.803,-8.792],[116.764,-8.742],[116.752,-8.675],[116.781,-8.597],[116.831,-8.541],[116.935,-8.521],[116.993,-8.493],[117.094,-8.417],[117.121,-8.370],[117.235,-8.400],[117.39,-8.475],[117.442,-8.402],[117.472,-8.416],[117.564,-8.407],[117.624,-8.442],[117.627,-8.506]]],[[[116.386,-8.955],[116.373,-8.909],[116.308,-8.905],[116.253,-8.917],[116.191,-8.912],[116.173,-8.864],[116.022,-8.901],[115.941,-8.833],[115.833,-8.799],[115.819,-8.745],[115.852,-8.719],[115.913,-8.771],[116.006,-8.730],[116.068,-8.723],[116.098,-8.665],[116.093,-8.524],[116.065,-8.497],[116.058,-8.447],[116.085,-8.405],[116.133,-8.392],[116.281,-8.252],[116.37,-8.213],[116.447,-8.223],[116.603,-8.284],[116.650,-8.290],[116.715,-8.351],[116.707,-8.446],[116.662,-8.489],[116.665,-8.557],[116.622,-8.607],[116.537,-8.764],[116.510,-8.781],[116.568,-8.892],[116.477,-8.921],[116.452,-8.899],[116.475,-8.821],[116.428,-8.828],[116.395,-8.862],[116.404,-8.940],[116.386,-8.955]]],[[[117.576,-8.148],[117.669,-8.151],[117.688,-8.173],[117.610,-8.238],[117.571,-8.333],[117.528,-8.391],[117.469,-8.356],[117.509,-8.274],[117.478,-8.258],[117.479,-8.191],[117.517,-8.160],[117.576,-8.148]]],[[[119.087,-8.129],[119.120,-8.162],[119.120,-8.221],[119.052,-8.260],[119.005,-8.230],[119.005,-8.176],[119.059,-8.126],[119.087,-8.129]]]]}}],"type":"FeatureCollection"}