{"type":"FeatureCollection","crs":{"type":"name","properties":{"name":"urn:ogc:def:crs:OGC:1.3:CRS84"}},"bbox":[-165.243939175253,-50.2401372207561,176.325806105767,73.3349038768125],"features":[{"type":"Feature","properties":{"name":"Abay","scalerank":3},"bbox":[37.113012,11.632288,37.387207,11.905527],"geometry":{"type":"MultiLineString","coordinates":[[[37.113,11.855],[37.15,11.894],[37.197,11.906],[37.264,11.903],[37.32,11.834],[37.387,11.632]]]}},{"type":"Feature","properties":{"name":"Al Furat","scalerank":3},"bbox":[38.065822,35.862643,38.561192,36.342485],"geometry":{"type":"MultiLineString","coordinates":[[[38.561,35.863],[38.365,35.903],[38.246,35.951],[38.139,36.02],[38.079,36.074],[38.066,36.114],[38.092,36.167],[38.157,36.232],[38.188,36.284],[38.184,36.342]]]}},{"type":"Feature","properties":{"name":"Albert Nile","scalerank":1},"bbox":[31.355637,2.193355,31.474699,2.400422],"geometry":{"type":"MultiLineString","coordinates":[[[31.367,2.193],[31.356,2.254],[31.383,2.306],[31.475,2.4]]]}},{"type":"Feature","properties":{"name":"Amur","scalerank":3},"bbox":[136.770288,49.759289,140.114063,51.763637],"geometry":{"type":"MultiLineString","coordinates":[[[137.07,50.454],[137.101,50.298],[137.057,50.216],[136.946,50.155],[136.872,50.098],[136.834,50.045],[136.771,49.915],[136.77,49.85],[136.81,49.759]],[[140.114,51.764],[139.95,51.64],[139.902,51.597],[139.858,51.579]]]}},{"type":"Feature","properties":{"name":"Angara","scalerank":2},"bbox":[101.777385,51.816372,106.497304,57.943079],"geometry":{"type":"MultiLineString","coordinates":[[[106.497,52.383],[106.438,52.415],[106.352,52.404],[106.221,52.36],[106.069,52.264],[105.896,52.117],[105.725,51.998],[105.556,51.908],[105.361,51.847],[105.141,51.816],[104.99,51.819],[104.866,51.872]],[[103.374,53.107],[103.403,53.282],[103.404,53.425],[103.384,53.594],[103.279,53.797],[103.087,54.032],[103.058,54.218],[103.19,54.355],[103.251,54.481],[103.24,54.598],[103.192,54.696],[103.107,54.774],[103.133,54.892],[103.268,55.05],[103.329,55.18],[103.316,55.282],[103.278,55.379],[103.215,55.47],[103.186,55.575],[103.189,55.692],[103.151,55.777],[103.071,55.828],[103.024,55.895],[103.009,55.98],[102.965,56.057],[102.892,56.127],[102.751,56.173],[102.544,56.195],[102.304,56.168],[102.031,56.092],[101.863,56.072],[101.8,56.107],[101.777,56.166],[101.803,56.291]],[[102.674,57.943],[102.674,57.855],[102.651,57.789],[102.606,57.717],[102.534,57.638],[102.434,57.551],[102.371,57.446],[102.345,57.321],[102.338,57.195],[102.358,57.004]]]}},{"type":"Feature","properties":{"name":"Columbia","scalerank":3},"bbox":[-118.52661,48.232405,-117.517085,52.102091],"geometry":{"type":"MultiLineString","coordinates":[[[-118.072,48.664],[-118.174,48.512],[-118.198,48.404],[-118.168,48.232]],[[-118.092,49.802],[-118.13,49.664],[-118.128,49.574],[-118.097,49.484],[-118.014,49.404],[-117.907,49.342]],[[-117.906,50.682],[-117.917,50.465],[-117.892,50.339],[-117.837,50.231],[-117.827,50.159],[-117.88,50.103]],[[-117.517,51.659],[-117.873,51.87]],[[-118.527,52.102],[-118.366,52.09]]]}},{"type":"Feature","properties":{"name":"Dnipro","scalerank":4},"bbox":[30.477706,46.83125,35.14879,51.217313],"geometry":{"type":"MultiLineString","coordinates":[[[33.54,46.831],[33.606,46.869],[33.662,46.957],[33.739,47.05],[33.859,47.149],[33.976,47.307],[33.998,47.411],[34.155,47.49],[34.448,47.542],[34.712,47.553],[34.946,47.521],[35.088,47.528],[35.138,47.573],[35.149,47.657],[35.106,47.842]],[[33.194,49.094],[32.884,49.225],[32.603,49.302],[31.886,49.555]],[[31.44,50],[31.48,49.933],[31.486,49.871],[31.467,49.754]],[[30.508,51.217],[30.478,50.904],[30.479,50.749],[30.515,50.597]]]}},{"type":"Feature","properties":{"name":"El Bahr el Azraq","scalerank":3},"bbox":[34.379638,11.296443,34.777547,11.78308],"geometry":{"type":"MultiLineString","coordinates":[[[34.38,11.783],[34.409,11.639],[34.509,11.517],[34.778,11.296]]]}},{"type":"Feature","properties":{"name":"Ertis","scalerank":2},"bbox":[83.363728,47.732126,84.356846,49.643843],"geometry":{"type":"MultiLineString","coordinates":[[[83.364,49.644],[83.603,49.52],[83.731,49.471],[83.826,49.454],[83.959,49.379],[84.132,49.245],[84.204,49.162],[84.176,49.129],[84.012,49.07],[83.714,48.984],[83.533,48.889],[83.468,48.784],[83.45,48.668],[83.479,48.543],[83.524,48.455],[83.587,48.404],[83.589,48.359],[83.531,48.318],[83.507,48.273],[83.516,48.222],[83.642,48.137],[83.887,48.018],[84.072,47.902],[84.198,47.791],[84.285,47.734],[84.357,47.732]]]}},{"type":"Feature","properties":{"name":"Firat","scalerank":3},"bbox":[38.739579,38.812825,38.812649,39.078442],"geometry":{"type":"MultiLineString","coordinates":[[[38.768,38.813],[38.813,38.875],[38.74,39.078]]]}},{"type":"Feature","properties":{"name":"Huang","scalerank":3},"bbox":[97.072039,34.835445,97.76285,35.088091],"geometry":{"type":"MultiLineString","coordinates":[[[97.288,34.835],[97.248,34.889],[97.194,34.913],[97.072,34.931]],[[97.763,35.088],[97.714,34.962],[97.659,34.909],[97.546,34.876]]]}},{"type":"Feature","properties":{"name":"Indus","scalerank":3},"bbox":[72.707015,34.085568,72.847574,34.622538],"geometry":{"type":"MultiLineString","coordinates":[[[72.782,34.623],[72.835,34.371],[72.848,34.258],[72.838,34.198],[72.802,34.148],[72.707,34.086]]]}},{"type":"Feature","properties":{"name":"La Grande Rivière","scalerank":4},"bbox":[-77.420282,53.427023,-70.843241,53.797905],"geometry":{"type":"MultiLineString","coordinates":[[[-70.843,53.427],[-70.948,53.439],[-70.991,53.468],[-71.007,53.518],[-71.041,53.555],[-71.117,53.591]],[[-72.034,53.598],[-71.926,53.572],[-71.871,53.584],[-71.817,53.646]],[[-74.433,53.685],[-74.697,53.631],[-74.852,53.628],[-74.965,53.648],[-75.239,53.656],[-75.617,53.674],[-75.802,53.664],[-75.895,53.71],[-76.136,53.699],[-76.664,53.668],[-77.04,53.677],[-77.196,53.699],[-77.311,53.732],[-77.42,53.798]]]}},{"type":"Feature","properties":{"name":"Mackenzie","scalerank":2},"bbox":[-117.668109,61.048367,-113.703623,61.339254],"geometry":{"type":"MultiLineString","coordinates":[[[-117.668,61.308],[-117.221,61.15],[-116.826,61.082],[-116.335,61.051],[-115.996,61.048],[-115.81,61.073],[-115.502,61.157],[-115.072,61.299],[-114.569,61.339],[-113.704,61.246]]]}},{"type":"Feature","properties":{"name":"Madison","scalerank":1},"bbox":[-111.309143,44.756519,-111.099673,44.868424],"geometry":{"type":"MultiLineString","coordinates":[[[-111.1,44.757],[-111.118,44.762],[-111.189,44.771],[-111.242,44.8],[-111.301,44.863],[-111.309,44.868]]]}},{"type":"Feature","properties":{"name":"Missouri","scalerank":1},"bbox":[-111.697311,43.059878,-98.559663,48.151066],"geometry":{"type":"MultiLineString","coordinates":[[[-99.365,43.991],[-99.328,43.894],[-99.353,43.818],[-99.43,43.729],[-99.442,43.674],[-99.39,43.653],[-99.347,43.599],[-99.313,43.515],[-99.196,43.415],[-98.997,43.299],[-98.892,43.225],[-98.882,43.192],[-98.798,43.146],[-98.56,43.06]],[[-111.516,46.362],[-111.54,46.469],[-111.585,46.544],[-111.697,46.662]],[[-100.777,46.713],[-100.625,46.608],[-100.569,46.513],[-100.556,46.393],[-100.571,46.287],[-100.614,46.196],[-100.557,46.041],[-100.4,45.822],[-100.369,45.705],[-100.369,45.674],[-100.402,45.643],[-100.433,45.613],[-100.438,45.561],[-100.433,45.535],[-100.406,45.505],[-100.342,45.448],[-100.297,45.316],[-100.302,45.134],[-100.321,45.053],[-100.348,45.037],[-100.375,45.033],[-100.402,44.993],[-100.41,44.918],[-100.444,44.854],[-100.505,44.8],[-100.583,44.783],[-100.68,44.802],[-100.691,44.795],[-100.697,44.776],[-100.659,44.735],[-100.635,44.68],[-100.633,44.62],[-100.609,44.578],[-100.561,44.555],[-100.556,44.53],[-100.562,44.504],[-100.536,44.476],[-100.418,44.45],[-100.394,44.434]],[[-101.4,47.506],[-101.428,47.552],[-101.549,47.556],[-101.772,47.533],[-101.976,47.547],[-102.161,47.598],[-102.269,47.669],[-102.299,47.76],[-102.345,47.799],[-102.409,47.786],[-102.491,47.794],[-102.59,47.824],[-102.62,47.881],[-102.58,47.965],[-102.614,48.038],[-102.724,48.1],[-102.873,48.137],[-103.06,48.151],[-103.179,48.136],[-103.23,48.093],[-103.308,48.059],[-103.414,48.036],[-103.496,48.054],[-103.555,48.114],[-103.631,48.115],[-103.772,48.027]],[[-106.406,48.02],[-106.519,47.886],[-106.6,47.822],[-106.879,47.707],[-107.04,47.694],[-107.262,47.706],[-107.385,47.694],[-107.41,47.659],[-107.473,47.645],[-107.575,47.653],[-107.689,47.608],[-107.813,47.512],[-107.888,47.502],[-107.94,47.581],[-108.02,47.598],[-108.196,47.602]]]}},{"type":"Feature","properties":{"name":"Murray","scalerank":4},"bbox":[146.028121,-36.108028,147.271766,-36.014546],"geometry":{"type":"MultiLineString","coordinates":[[[147.043,-36.108],[147.1,-36.05],[147.157,-36.036],[147.272,-36.049]],[[146.028,-36.015],[146.216,-36.056]]]}},{"type":"Feature","properties":{"name":"Niger","scalerank":3},"bbox":[-4.303892,9.864514,4.656595,15.506961],"geometry":{"type":"MultiLineString","coordinates":[[[4.626,9.865],[4.529,10.239],[4.537,10.425],[4.657,10.609]],[[-3.98,15.281],[-4.166,15.365],[-4.247,15.421],[-4.304,15.507]]]}},{"type":"Feature","properties":{"name":"Nile","scalerank":1},"bbox":[31.09064,21.609198,32.914146,23.987683],"geometry":{"type":"MultiLineString","coordinates":[[[32.879,23.988],[32.909,23.808],[32.903,23.696],[32.872,23.591],[32.878,23.481],[32.903,23.415],[32.914,23.332],[32.855,23.208],[32.68,23.009],[32.587,22.876],[32.576,22.806],[32.514,22.74],[32.418,22.672],[32.326,22.653],[32.232,22.718],[32.137,22.733],[32.042,22.699],[31.961,22.63],[31.894,22.526],[31.735,22.395],[31.544,22.252],[31.4,22.093],[31.362,21.98],[31.28,21.845],[31.091,21.609]]]}},{"type":"Feature","properties":{"name":"Ob","scalerank":4},"bbox":[81.32716,53.885626,83.025351,54.845206],"geometry":{"type":"MultiLineString","coordinates":[[[83.025,54.845],[82.312,54.491],[82.004,54.358],[81.862,54.33],[81.741,54.269],[81.639,54.176],[81.522,54.104],[81.391,54.052],[81.327,53.991],[81.334,53.886]]]}},{"type":"Feature","properties":{"name":"Paranaíba","scalerank":4},"bbox":[-50.499057,-19.020441,-47.446504,-18.170674],"geometry":{"type":"MultiLineString","coordinates":[[[-50.49,-19.02],[-50.499,-18.953],[-50.458,-18.877],[-50.368,-18.769],[-50.247,-18.69],[-50.094,-18.641],[-49.96,-18.616],[-49.789,-18.615]],[[-48.227,-18.34],[-48.952,-18.326],[-49.108,-18.388]],[[-47.447,-18.171],[-47.786,-18.379],[-47.929,-18.445],[-48.017,-18.434]]]}},{"type":"Feature","properties":{"name":"Paraná","scalerank":4},"bbox":[-54.610563,-25.432711,-50.994091,-19.667585],"geometry":{"type":"MultiLineString","coordinates":[[[-54.611,-25.433],[-54.473,-25.22],[-54.436,-25.121],[-54.454,-25.065],[-54.413,-24.867],[-54.313,-24.528],[-54.281,-24.306],[-54.317,-24.201],[-54.318,-24.128],[-54.267,-24.066]],[[-51.936,-21.423],[-51.955,-21.469],[-51.99,-21.494],[-52.048,-21.511],[-52.073,-21.554],[-52.065,-21.623],[-52.123,-21.718],[-52.246,-21.84],[-52.339,-21.957],[-52.403,-22.069],[-52.566,-22.207],[-52.961,-22.455]],[[-50.997,-19.668],[-50.994,-20.102],[-51.064,-20.223],[-51.165,-20.308],[-51.397,-20.442]]]}},{"type":"Feature","properties":{"name":"Peace","scalerank":2},"bbox":[-124.83563,55.999683,-113.713519,58.710215],"geometry":{"type":"MultiLineString","coordinates":[[[-122.222,56.021],[-122.482,56.112],[-122.691,56.124],[-122.934,56.086],[-123.088,56.046],[-123.152,56.005],[-123.323,56],[-123.601,56.03],[-123.797,56.033],[-123.912,56.011],[-124.083,56.085],[-124.309,56.256],[-124.454,56.389],[-124.517,56.483],[-124.621,56.587],[-124.836,56.757]],[[-113.823,58.71],[-113.714,58.669]]]}},{"type":"Feature","properties":{"name":"Rhein","scalerank":4},"bbox":[8.881143,47.511157,9.554384,47.670682],"geometry":{"type":"MultiLineString","coordinates":[[[9.128,47.671],[8.881,47.656]],[[9.183,47.671],[9.554,47.511]]]}},{"type":"Feature","properties":{"name":"Rio Grande","scalerank":4},"bbox":[-107.293445,26.564141,-99.172081,33.355742],"geometry":{"type":"MultiLineString","coordinates":[[[-99.457,27.057],[-99.444,27.037],[-99.302,26.885],[-99.23,26.762],[-99.172,26.564]],[[-101.039,29.46],[-101.304,29.634]],[[-107.293,32.91],[-107.281,33.114]],[[-107.181,33.173],[-107.17,33.356]]]}},{"type":"Feature","properties":{"name":"Saskatchewan","scalerank":4},"bbox":[-103.890914,53.159417,-97.913604,53.981589],"geometry":{"type":"MultiLineString","coordinates":[[[-99.23,53.185],[-98.416,53.354],[-98.082,53.436],[-97.914,53.519]],[[-100.323,53.593],[-100.163,53.503],[-100.066,53.405],[-99.976,53.268],[-99.852,53.212],[-99.693,53.237],[-99.543,53.227],[-99.33,53.159]],[[-103.421,53.652],[-103.58,53.629],[-103.697,53.586],[-103.891,53.481]],[[-102.437,53.982],[-102.381,53.966]]]}},{"type":"Feature","properties":{"name":"Shire","scalerank":3},"bbox":[35.257311,-14.757549,35.277775,-14.504334],"geometry":{"type":"MultiLineString","coordinates":[[[35.257,-14.504],[35.278,-14.758]]]}},{"type":"Feature","properties":{"name":"Shishhid Gol","scalerank":4},"bbox":[99.309835,51.348701,99.426727,51.410428],"geometry":{"type":"MultiLineString","coordinates":[[[99.427,51.349],[99.31,51.41]]]}},{"type":"Feature","properties":{"name":"Snake","scalerank":4},"bbox":[-113.472216,42.653624,-111.047867,43.338285],"geometry":{"type":"MultiLineString","coordinates":[[[-113.316,42.654],[-113.472,42.675]],[[-112.864,42.813],[-112.64,43.023]],[[-111.048,43.207],[-111.093,43.234],[-111.186,43.338]]]}},{"type":"Feature","properties":{"name":"Sukhona","scalerank":4},"bbox":[39.053462,59.52523,39.798636,59.868439],"geometry":{"type":"MultiLineString","coordinates":[[[39.053,59.868],[39.5,59.616],[39.686,59.53],[39.799,59.525]]]}},{"type":"Feature","properties":{"name":"São  Francisco","scalerank":4},"bbox":[-45.33609,-19.050878,-40.818175,-9.405679],"geometry":{"type":"MultiLineString","coordinates":[[[-45.089,-19.051],[-45.176,-18.801],[-45.202,-18.591],[-45.249,-18.501],[-45.324,-18.459],[-45.336,-18.38],[-45.262,-18.203]],[[-43.15,-11.143],[-43.057,-10.988],[-42.945,-10.888],[-42.781,-10.791],[-42.633,-10.638],[-42.5,-10.427],[-42.439,-10.273],[-42.45,-10.175],[-42.404,-10.09],[-42.301,-10.019],[-42.209,-9.911],[-42.128,-9.768],[-41.91,-9.696],[-41.554,-9.694],[-41.335,-9.676],[-41.253,-9.643],[-41.175,-9.568],[-41.102,-9.453],[-41.003,-9.406],[-40.818,-9.438]]]}},{"type":"Feature","properties":{"name":"Teslin","scalerank":3},"bbox":[-133.244833,59.607111,-132.095394,60.448559],"geometry":{"type":"MultiLineString","coordinates":[[[-132.095,59.607],[-132.353,59.921],[-132.545,60.069],[-132.759,60.156],[-132.96,60.262],[-133.245,60.449]]]}},{"type":"Feature","properties":{"name":"Tocantins","scalerank":4},"bbox":[-49.687246,-5.33492,-48.937214,-3.834753],"geometry":{"type":"MultiLineString","coordinates":[[[-49.687,-3.835],[-49.639,-4.211],[-49.546,-4.546],[-49.392,-4.966],[-49.28,-5.218],[-49.21,-5.303],[-49.115,-5.335],[-48.937,-5.303]]]}},{"type":"Feature","properties":{"name":"Ural","scalerank":4},"bbox":[58.630871,51.695088,58.835096,52.196814],"geometry":{"type":"MultiLineString","coordinates":[[[58.835,52.197],[58.782,52.071],[58.767,51.976],[58.773,51.87],[58.74,51.786],[58.631,51.695]]]}},{"type":"Feature","properties":{"name":"Vaal","scalerank":4},"bbox":[25.622343,-27.698516,28.49669,-26.866577],"geometry":{"type":"MultiLineString","coordinates":[[[26.091,-27.603],[26.06,-27.69],[26.037,-27.699],[26.012,-27.659],[25.955,-27.624],[25.865,-27.594],[25.771,-27.601],[25.622,-27.668]],[[28.497,-26.991],[28.446,-26.973],[28.124,-26.867]]]}},{"type":"Feature","properties":{"name":"Verkhniy Yenisey","scalerank":4},"bbox":[90.938615,53.735428,92.408448,55.503124],"geometry":{"type":"MultiLineString","coordinates":[[[91.511,53.735],[91.454,53.83],[91.466,53.904],[91.528,53.987],[91.556,54.046],[91.551,54.079],[91.484,54.167],[91.358,54.311],[91.286,54.415],[91.269,54.479],[91.179,54.55],[91.016,54.628],[90.939,54.722],[90.947,54.832],[90.988,54.926],[91.062,55.004],[91.351,55.087],[91.855,55.176],[92.182,55.291],[92.408,55.503]]]}},{"type":"Feature","properties":{"name":"Victoria Nile","scalerank":1},"bbox":[31.767601,-0.935705,33.25888,1.665842],"geometry":{"type":"MultiLineString","coordinates":[[[33.187,0.428],[33.259,0.379],[33.232,0.294],[33.129,0.159],[33.018,-0.052],[32.897,-0.338],[32.744,-0.545],[32.56,-0.675],[32.292,-0.789],[31.768,-0.936]],[[32.545,1.522],[32.614,1.454],[32.685,1.427],[32.78,1.422],[32.835,1.405],[32.893,1.311]],[[32.241,1.666],[32.475,1.552]]]}},{"type":"Feature","properties":{"name":"Volga","scalerank":3},"bbox":[36.374555,50.222309,49.904789,58.287554],"geometry":{"type":"MultiLineString","coordinates":[[[45.664,50.222],[45.831,50.357],[45.836,50.457],[45.733,50.567],[45.68,50.647],[45.675,50.696],[45.744,50.742],[45.885,50.782],[45.981,50.824],[46.03,50.866],[46.044,50.925],[46.023,51],[45.968,51.066],[45.879,51.124],[45.836,51.188],[45.837,51.26],[45.87,51.322],[45.935,51.375],[45.971,51.423],[45.979,51.465],[46.033,51.506],[46.131,51.547],[46.218,51.614],[46.294,51.708],[46.365,51.746],[46.477,51.773],[46.566,51.752],[46.68,51.744],[46.775,51.748]],[[49.059,55.483],[49.285,55.234],[49.248,55.113],[49.023,55.036],[48.9,54.91],[48.878,54.736],[48.782,54.617],[48.611,54.554],[48.507,54.489],[48.47,54.422],[48.453,54.344],[48.458,54.257],[48.585,54.135],[48.833,53.978],[48.964,53.827],[48.978,53.681],[49.006,53.579],[49.048,53.522],[49.104,53.483],[49.209,53.461],[49.567,53.467],[49.905,53.457]],[[43.432,56.675],[43.344,56.733],[43.286,56.814],[43.231,56.937],[43.175,57.024],[43.119,57.075],[43.089,57.119],[43.082,57.156],[43.104,57.213],[43.178,57.329],[42.874,57.41],[42.724,57.431],[42.576,57.415]],[[37.151,56.753],[36.882,56.783],[36.736,56.75],[36.624,56.664],[36.52,56.643],[36.375,56.706]],[[37.761,57.291],[37.944,57.312],[38.079,57.382],[38.301,57.572]],[[41.343,57.493],[41.206,57.517],[41.099,57.588],[40.976,57.714],[40.889,57.784],[40.838,57.799],[40.706,57.79],[40.494,57.755],[40.293,57.695],[40.007,57.567]],[[38.437,58.018],[38.326,58.083],[38.319,58.15],[38.408,58.288],[38.704,58.113]]]}},{"type":"Feature","properties":{"name":"Zambezi","scalerank":3},"bbox":[27.020811,-17.958438,32.708422,-15.565355],"geometry":{"type":"MultiLineString","coordinates":[[[27.021,-17.958],[27.131,-17.849],[27.271,-17.643],[27.438,-17.512],[27.637,-17.262],[27.757,-17.06],[27.932,-16.896],[28.164,-16.77],[28.4,-16.663],[28.761,-16.532]],[[32.708,-15.579],[32.497,-15.565],[32.346,-15.589],[32.184,-15.647],[31.924,-15.667],[31.566,-15.65],[31.329,-15.662],[31.213,-15.704],[31.065,-15.704],[30.796,-15.642]]]}},{"type":"Feature","properties":{"name":"Abay","scalerank":3},"bbox":[36.980927,11.035761,37.179984,11.855065],"geometry":{"type":"MultiLineString","coordinates":[[[37.179,11.036],[37.022,11.192],[36.981,11.287],[37.015,11.416],[37.05,11.58],[37.097,11.656],[37.167,11.7],[37.18,11.755],[37.113,11.855]]]}},{"type":"Feature","properties":{"name":"Abay","scalerank":3},"bbox":[35.353377,9.88379,38.513753,11.633993],"geometry":{"type":"MultiLineString","coordinates":[[[37.387,11.634],[37.393,11.571],[37.45,11.534],[37.56,11.504],[37.68,11.421],[37.812,11.288],[38.019,11.186],[38.302,11.116],[38.462,11.037],[38.5,10.949],[38.514,10.772],[38.503,10.505],[38.478,10.314],[38.439,10.199],[38.376,10.136],[38.289,10.123],[38.11,10.048],[37.839,9.911],[37.66,9.884],[37.574,9.966],[37.49,10.021],[37.409,10.049],[37.354,10.052],[37.328,10.032],[37.308,10.04],[37.296,10.076],[37.263,10.105],[37.212,10.125],[37.189,10.164],[37.194,10.224],[37.159,10.266],[37.046,10.303],[36.677,10.36],[36.541,10.404],[36.514,10.453],[36.483,10.469],[36.45,10.454],[36.395,10.375],[36.32,10.232],[36.207,10.155],[36.055,10.143],[35.957,10.111],[35.912,10.058],[35.849,10.036],[35.768,10.044],[35.726,10.03],[35.724,10.009],[35.72,9.998],[35.706,9.996],[35.628,10.017],[35.369,10.14],[35.353,10.155]]]}},{"type":"Feature","properties":{"name":"Al Furat","scalerank":3},"bbox":[38.025721,34.428467,40.992568,36.835633],"geometry":{"type":"MultiLineString","coordinates":[[[38.56,35.863],[38.916,35.913],[39.227,35.881],[39.613,35.784],[39.833,35.683],[39.889,35.579],[40.004,35.473],[40.179,35.363],[40.263,35.298],[40.257,35.277],[40.294,35.253],[40.377,35.225],[40.424,35.167],[40.438,35.079],[40.475,35.016],[40.535,34.978],[40.584,34.918],[40.62,34.837],[40.711,34.752],[40.855,34.663],[40.928,34.581],[40.93,34.506],[40.946,34.458],[40.993,34.428]],[[38.026,36.836],[38.056,36.741],[38.103,36.694],[38.174,36.663],[38.231,36.618],[38.272,36.558],[38.266,36.482],[38.184,36.342]]]}},{"type":"Feature","properties":{"name":"Albert Nile","scalerank":1},"bbox":[31.382095,2.400732,32.015855,3.613656],"geometry":{"type":"MultiLineString","coordinates":[[[32.016,3.614],[31.935,3.528],[31.885,3.508],[31.839,3.526],[31.785,3.523],[31.724,3.499],[31.624,3.363],[31.485,3.117],[31.404,2.951],[31.382,2.864],[31.388,2.804],[31.421,2.77],[31.434,2.719],[31.427,2.651],[31.45,2.588],[31.503,2.53],[31.515,2.476],[31.475,2.401]]]}},{"type":"Feature","properties":{"name":"Aldan","scalerank":4},"bbox":[123.063321,56.527713,135.834324,63.489923],"geometry":{"type":"MultiLineString","coordinates":[[[123.566,56.528],[123.205,56.561],[123.101,56.558],[123.066,56.58],[123.063,56.625],[123.086,56.68],[123.134,56.746],[123.17,56.837],[123.193,56.953],[123.294,57.091],[123.474,57.248],[123.555,57.341],[123.537,57.369],[123.552,57.407],[123.598,57.454],[123.59,57.485],[123.528,57.5],[123.505,57.539],[123.521,57.603],[123.546,57.651],[123.58,57.682],[123.63,57.685],[123.697,57.658],[123.757,57.669],[123.81,57.718],[123.804,57.789],[123.739,57.882],[123.719,57.977],[123.746,58.074],[123.824,58.154],[123.955,58.214],[123.985,58.271],[123.989,58.291],[124.021,58.315],[124.101,58.328],[124.229,58.332],[124.298,58.366],[124.31,58.43],[124.348,58.503],[124.445,58.628],[124.578,58.72],[124.654,58.749],[124.716,58.744],[124.759,58.761],[124.782,58.8],[124.845,58.824],[124.945,58.832],[125.032,58.86],[125.104,58.908],[125.144,58.95],[125.152,58.988],[125.205,59.016],[125.304,59.035],[125.339,59.065],[125.31,59.107],[125.309,59.142],[125.336,59.17],[125.338,59.206],[125.315,59.249],[125.314,59.286],[125.335,59.316],[125.406,59.314],[125.527,59.281],[125.636,59.226],[125.735,59.15],[125.877,59.092],[126.064,59.053],[126.193,59.007],[126.265,58.955],[126.471,58.896],[126.809,58.832],[127.008,58.78],[127.068,58.742],[127.14,58.747],[127.221,58.795],[127.32,58.811],[127.436,58.795],[127.521,58.805],[127.577,58.843],[127.657,58.85],[127.761,58.825],[127.815,58.792],[127.818,58.75],[127.855,58.716],[127.928,58.689],[128.004,58.712],[128.082,58.784],[128.157,58.818],[128.229,58.813],[128.287,58.792],[128.329,58.754],[128.377,58.766],[128.432,58.826],[128.478,58.817],[128.515,58.739],[128.569,58.694],[128.64,58.684],[128.688,58.648],[128.712,58.588],[128.816,58.545],[128.999,58.518],[129.17,58.518],[129.326,58.545],[129.489,58.538],[129.658,58.5],[129.837,58.524],[130.026,58.612],[130.234,58.645],[130.461,58.622],[130.586,58.628],[130.608,58.662],[130.609,58.714],[130.588,58.785],[130.602,58.835],[130.65,58.865],[130.782,58.9],[130.998,58.938],[131.141,58.937],[131.21,58.899],[131.266,58.904],[131.307,58.952],[131.362,58.965],[131.431,58.945],[131.526,58.947],[131.648,58.97],[131.768,59.01],[131.887,59.067],[131.948,59.116],[131.95,59.157],[132.003,59.172],[132.106,59.161],[132.209,59.177],[132.366,59.242],[132.638,59.372],[132.806,59.412],[132.96,59.406],[133.058,59.459],[133.101,59.573],[133.179,59.635],[133.291,59.646],[133.53,59.79],[133.896,60.069],[134.198,60.267],[134.554,60.444],[134.705,60.46],[134.839,60.44],[135.007,60.389],[135.104,60.392],[135.13,60.446],[135.089,60.506],[134.982,60.57],[134.927,60.629],[134.924,60.685],[135.019,60.754],[135.211,60.836],[135.362,60.946],[135.472,61.084],[135.506,61.187],[135.462,61.256],[135.462,61.313],[135.504,61.357],[135.478,61.394],[135.383,61.424],[135.383,61.47],[135.476,61.532],[135.526,61.58],[135.533,61.614],[135.485,61.632],[135.383,61.633],[135.293,61.662],[135.215,61.718],[135.264,61.761],[135.438,61.791],[135.53,61.843],[135.539,61.917],[135.599,61.982],[135.709,62.036],[135.738,62.094],[135.685,62.156],[135.715,62.212],[135.826,62.261],[135.834,62.315],[135.739,62.376],[135.651,62.473],[135.572,62.608],[135.489,62.677],[135.404,62.679],[135.325,62.661],[135.252,62.622],[135.11,62.617],[134.898,62.647],[134.638,62.718],[134.332,62.83],[134.184,62.911],[134.194,62.962],[134.146,62.989],[134.039,62.992],[133.972,63.007],[133.946,63.035],[133.946,63.074],[133.803,63.132],[133.441,63.091],[133.224,63.092],[133.151,63.135],[133.146,63.177],[133.209,63.219],[133.236,63.274],[133.23,63.345],[132.974,63.356],[132.469,63.31],[132.018,63.318],[131.619,63.382],[131.343,63.386],[131.19,63.331],[131.007,63.313],[130.689,63.341],[130.431,63.339],[130.105,63.377],[129.384,63.49]]]}},{"type":"Feature","properties":{"name":"Allegheny","scalerank":3},"bbox":[-79.990874,40.447712,-77.860048,42.143733],"geometry":{"type":"MultiLineString","coordinates":[[[-77.86,41.832],[-77.999,41.781],[-78.083,41.771],[-78.197,41.79],[-78.33,41.878],[-78.367,41.942],[-78.351,42.013],[-78.42,42.059],[-78.573,42.081],[-78.674,42.11],[-78.723,42.144],[-78.797,42.128],[-78.895,42.061],[-78.955,41.985],[-78.977,41.899],[-79.059,41.849],[-79.201,41.834],[-79.308,41.789],[-79.381,41.714],[-79.417,41.65],[-79.416,41.571],[-79.452,41.506],[-79.513,41.48],[-79.61,41.472],[-79.699,41.447],[-79.78,41.405],[-79.81,41.374],[-79.79,41.352],[-79.798,41.328],[-79.834,41.3],[-79.816,41.264],[-79.746,41.221],[-79.682,41.155],[-79.624,41.066],[-79.604,41.012],[-79.62,40.992],[-79.587,40.966],[-79.523,40.939],[-79.515,40.906],[-79.543,40.824],[-79.698,40.637],[-79.83,40.519],[-79.946,40.456],[-79.991,40.448]]]}},{"type":"Feature","properties":{"name":"Amazonas","scalerank":1},"bbox":[-73.488635,-4.444845,-52.66417,-1.551791],"geometry":{"type":"MultiLineString","coordinates":[[[-52.664,-1.552],[-52.874,-1.611],[-53,-1.668],[-53.145,-1.764],[-53.358,-1.838],[-53.639,-1.892],[-53.843,-1.958],[-53.971,-2.038],[-54.045,-2.141],[-54.064,-2.267],[-54.187,-2.358],[-54.468,-2.44],[-54.525,-2.44],[-54.564,-2.441],[-54.639,-2.419],[-54.676,-2.359],[-54.675,-2.253],[-54.694,-2.184],[-54.734,-2.152],[-54.794,-2.12],[-54.873,-2.089],[-54.957,-2.104],[-55.046,-2.167],[-55.15,-2.18],[-55.269,-2.145],[-55.375,-2.083],[-55.458,-1.987],[-55.515,-1.949],[-55.555,-1.924],[-55.606,-1.918],[-55.669,-1.927],[-55.736,-1.964],[-55.84,-1.99],[-55.981,-2.006],[-56.129,-2.08],[-56.284,-2.212],[-56.401,-2.336],[-56.48,-2.454],[-56.549,-2.527],[-56.607,-2.556],[-56.676,-2.575],[-56.756,-2.582],[-56.847,-2.567],[-56.951,-2.528],[-57.05,-2.523],[-57.143,-2.551],[-57.244,-2.526],[-57.353,-2.448],[-57.44,-2.405],[-57.506,-2.396],[-57.605,-2.481],[-57.74,-2.662],[-57.883,-2.784],[-58.035,-2.848],[-58.135,-2.959],[-58.184,-3.117],[-58.235,-3.2],[-58.268,-3.214],[-58.316,-3.212],[-58.38,-3.202],[-58.453,-3.182],[-58.549,-3.205],[-58.642,-3.304],[-58.689,-3.342],[-58.805,-3.347],[-58.89,-3.323],[-58.982,-3.271],[-59.091,-3.239],[-59.217,-3.228],[-59.381,-3.184],[-59.584,-3.109],[-59.735,-3.078],[-59.837,-3.092],[-59.897,-3.128],[-59.906,-3.171],[-59.925,-3.206],[-59.957,-3.237],[-60.105,-3.306],[-60.203,-3.325],[-60.279,-3.302],[-60.411,-3.3],[-60.598,-3.319],[-60.747,-3.398],[-60.858,-3.538],[-61.036,-3.61],[-61.28,-3.614],[-61.468,-3.676],[-61.598,-3.796],[-61.717,-3.883],[-61.824,-3.936],[-61.893,-3.947],[-62.011,-3.896],[-62.277,-3.762],[-62.367,-3.718],[-62.393,-3.716],[-62.423,-3.731],[-62.449,-3.802],[-62.543,-3.851],[-62.705,-3.878],[-62.863,-3.938],[-63.018,-4.032],[-63.097,-4.078],[-63.152,-4.072],[-63.177,-4.035],[-63.216,-3.974],[-63.283,-3.923],[-63.45,-3.871],[-63.573,-3.854],[-63.654,-3.872],[-63.747,-3.868],[-63.854,-3.843],[-64.035,-3.765],[-64.291,-3.632],[-64.458,-3.524],[-64.576,-3.398],[-64.79,-3.222],[-64.905,-3.128],[-65.07,-2.971],[-65.18,-2.835],[-65.288,-2.747],[-65.395,-2.707],[-65.459,-2.663],[-65.48,-2.615],[-65.558,-2.594],[-65.761,-2.603],[-65.901,-2.493],[-65.977,-2.466],[-66.038,-2.485],[-66.096,-2.477],[-66.153,-2.442],[-66.21,-2.46],[-66.269,-2.532],[-66.334,-2.537],[-66.405,-2.475],[-66.471,-2.439],[-66.531,-2.429],[-66.573,-2.478],[-66.596,-2.588],[-66.641,-2.659],[-66.706,-2.692],[-66.801,-2.715],[-66.925,-2.727],[-67.077,-2.695],[-67.258,-2.619],[-67.384,-2.623],[-67.455,-2.707],[-67.572,-2.779],[-67.736,-2.838],[-67.846,-2.928],[-67.932,-3.108],[-67.927,-3.223],[-67.946,-3.283],[-67.988,-3.326],[-68.095,-3.334],[-68.266,-3.307],[-68.596,-3.345],[-69.084,-3.449],[-69.352,-3.553],[-69.399,-3.655],[-69.416,-3.764],[-69.404,-3.879],[-69.425,-3.974],[-69.478,-4.049],[-69.481,-4.111],[-69.434,-4.161],[-69.459,-4.223],[-69.556,-4.299],[-69.685,-4.335],[-69.847,-4.331],[-69.948,-4.285],[-69.966,-4.236],[-70.017,-4.162],[-70.095,-4.092],[-70.168,-4.05],[-70.198,-3.995],[-70.24,-3.883],[-70.298,-3.844],[-70.339,-3.814],[-70.379,-3.819],[-70.421,-3.85],[-70.486,-3.869],[-70.53,-3.866],[-70.557,-3.87],[-70.9,-3.96],[-71.058,-3.985],[-71.138,-3.963],[-71.193,-3.903],[-71.283,-3.869],[-71.408,-3.862],[-71.521,-3.826],[-71.623,-3.761],[-71.689,-3.65],[-71.718,-3.492],[-71.752,-3.395],[-71.789,-3.359],[-71.914,-3.384],[-72.126,-3.468],[-72.293,-3.503],[-72.476,-3.481],[-72.747,-3.457],[-72.891,-3.467],[-72.997,-3.504],[-73.094,-3.562],[-73.18,-3.643],[-73.211,-3.783],[-73.189,-3.984],[-73.192,-4.099],[-73.221,-4.13],[-73.268,-4.136],[-73.334,-4.117],[-73.366,-4.133],[-73.364,-4.183],[-73.385,-4.231],[-73.431,-4.277],[-73.463,-4.336],[-73.489,-4.445]]]}},{"type":"Feature","properties":{"name":"Amur","scalerank":3},"bbox":[127.491784,47.680501,140.839703,53.219594],"geometry":{"type":"MultiLineString","coordinates":[[[136.81,49.759],[136.843,49.729],[136.844,49.678],[136.825,49.595],[136.721,49.52],[136.53,49.452],[136.394,49.367],[136.311,49.265],[136.271,49.171],[136.275,49.086],[136.162,48.987],[135.818,48.817],[135.745,48.764],[135.669,48.755],[135.565,48.771],[135.445,48.768],[135.307,48.746],[135.185,48.705],[135.077,48.645],[135.026,48.571],[135.032,48.482],[134.965,48.421],[134.823,48.388],[134.709,48.383],[134.623,48.406],[134.487,48.403],[134.206,48.36],[133.842,48.274],[133.672,48.208],[133.573,48.133],[133.468,48.097],[133.301,48.102],[133.144,48.106],[133.02,48.064],[132.877,47.979],[132.773,47.94],[132.707,47.947],[132.637,47.89],[132.562,47.769],[132.476,47.715],[132.38,47.729],[132.15,47.718],[131.785,47.681],[131.557,47.682],[131.464,47.723],[131.319,47.728],[131.122,47.698],[131.003,47.691],[130.962,47.709],[130.933,47.76],[130.915,47.843],[130.849,47.929],[130.733,48.019],[130.712,48.128],[130.787,48.255],[130.804,48.341],[130.763,48.388],[130.747,48.43],[130.659,48.483],[130.597,48.575],[130.552,48.603],[130.566,48.68],[130.617,48.773],[130.553,48.861],[130.355,48.866],[130.196,48.892],[130.037,48.972],[129.793,49.199],[129.671,49.278],[129.591,49.287],[129.534,49.323],[129.498,49.389],[129.441,49.389],[129.385,49.389],[129.35,49.362],[129.31,49.354],[129.248,49.379],[129.185,49.381],[129.12,49.362],[129.065,49.375],[129.02,49.419],[128.938,49.449],[128.819,49.464],[128.77,49.495],[128.791,49.542],[128.769,49.577],[128.704,49.6],[128.527,49.594],[128.237,49.559],[128,49.569],[127.814,49.622],[127.711,49.672],[127.69,49.717],[127.637,49.76],[127.551,49.802],[127.502,49.873],[127.492,49.975],[127.512,50.072],[127.59,50.209]],[[139.858,51.579],[139.806,51.563],[139.705,51.558],[139.602,51.544],[139.495,51.505],[139.449,51.449],[139.378,51.405],[139.283,51.374],[139.159,51.363],[139.008,51.375],[138.918,51.35],[138.89,51.291],[138.825,51.248],[138.675,51.207],[138.068,50.856],[137.708,50.714],[137.391,50.665],[137.187,50.607],[137.095,50.54],[137.054,50.493],[137.07,50.454]],[[140.114,51.764],[140.147,51.786],[140.206,51.814],[140.218,51.875],[140.182,51.964],[140.215,52.046],[140.317,52.121],[140.385,52.226],[140.42,52.362],[140.405,52.468],[140.338,52.545],[140.262,52.592],[140.178,52.61],[140.125,52.657],[140.104,52.734],[139.996,52.822],[139.801,52.922],[139.757,53.032],[139.863,53.153],[140.003,53.215],[140.176,53.22],[140.343,53.188],[140.504,53.119],[140.614,53.091],[140.707,53.111],[140.783,53.105],[140.84,53.088]]]}},{"type":"Feature","properties":{"name":"Angara","scalerank":2},"bbox":[92.998076,51.870219,104.866912,58.973248],"geometry":{"type":"MultiLineString","coordinates":[[[104.867,51.87],[104.437,52.165],[104.29,52.289],[104.281,52.339],[104.205,52.399],[104.059,52.47],[103.973,52.54],[103.945,52.61],[103.877,52.674],[103.77,52.733],[103.71,52.799],[103.698,52.873],[103.617,52.934],[103.469,52.982],[103.39,53.032],[103.374,53.107]],[[101.803,56.291],[101.817,56.561],[101.77,56.687],[101.668,56.76],[101.561,56.801],[101.449,56.808],[101.391,56.848],[101.387,56.919],[101.461,56.97],[101.612,57.002],[101.778,56.988],[101.959,56.929],[102.113,56.898],[102.239,56.894],[102.316,56.92],[102.358,57.004]],[[102.674,57.943],[102.795,58.122],[102.837,58.245],[102.84,58.373],[102.78,58.524],[102.659,58.698],[102.48,58.83],[102.462,58.836]],[[102.489,58.829],[102.462,58.836]],[[102.462,58.836],[102.101,58.933]],[[102.462,58.836],[102.243,58.919],[102.101,58.933]],[[102.101,58.933],[101.842,58.956],[101.276,58.941],[100.98,58.899],[100.954,58.83],[100.817,58.758],[100.568,58.681],[100.437,58.627],[100.424,58.598],[100.434,58.555],[100.465,58.5],[100.441,58.439],[100.361,58.371],[100.251,58.346],[100.11,58.364],[99.986,58.412],[99.881,58.489],[99.754,58.536],[99.603,58.553],[99.472,58.594],[99.361,58.66],[99.241,58.701],[99.113,58.717],[98.962,58.701],[98.788,58.652],[98.691,58.6],[98.67,58.547],[98.628,58.506],[98.565,58.476],[98.322,58.446],[97.899,58.413],[97.572,58.408],[97.339,58.432],[97.171,58.43],[97.066,58.404],[96.984,58.393],[96.923,58.399],[96.85,58.432],[96.765,58.491],[96.514,58.527],[96.098,58.541],[95.777,58.522],[95.55,58.472],[95.418,58.425],[95.383,58.381],[95.235,58.307],[94.975,58.203],[94.599,58.14],[94.108,58.12],[93.73,58.129],[93.467,58.168],[93.279,58.161],[93.166,58.11],[93.08,58.086],[92.998,58.1]],[[102.101,58.933],[101.948,58.973]]]}},{"type":"Feature","properties":{"name":"Araguaia","scalerank":4},"bbox":[-53.211346,-17.854827,-48.159251,-5.30288],"geometry":{"type":"MultiLineString","coordinates":[[[-53.115,-17.855],[-53.211,-17.409],[-53.202,-17.302],[-53.158,-17.209],[-53.078,-17.095],[-53.033,-16.995],[-53.024,-16.91],[-52.943,-16.814],[-52.789,-16.705],[-52.68,-16.576],[-52.615,-16.427],[-52.545,-16.329],[-52.469,-16.282],[-52.434,-16.218],[-52.441,-16.136],[-52.417,-16.082],[-52.362,-16.058],[-52.308,-16.009],[-52.257,-15.936],[-52.141,-15.872],[-51.962,-15.819],[-51.847,-15.747],[-51.799,-15.656],[-51.779,-15.593],[-51.788,-15.557],[-51.773,-15.523],[-51.732,-15.49],[-51.696,-15.403],[-51.665,-15.261],[-51.59,-15.142],[-51.471,-15.044],[-51.372,-15.024],[-51.286,-15.003],[-51.246,-15.004],[-51.189,-14.977],[-51.114,-14.838],[-50.978,-14.463],[-50.941,-14.201],[-50.909,-14.107],[-50.868,-14.095],[-50.852,-13.995],[-50.861,-13.807],[-50.8,-13.612],[-50.667,-13.41],[-50.598,-13.249],[-50.595,-13.131],[-50.566,-13.015],[-50.484,-12.844],[-50.566,-12.82],[-50.614,-12.764],[-50.655,-12.667],[-50.66,-12.558],[-50.629,-12.437],[-50.632,-12.289],[-50.668,-12.112],[-50.675,-11.99],[-50.653,-11.922],[-50.661,-11.854],[-50.717,-11.749],[-50.666,-11.652],[-50.671,-11.574],[-50.717,-11.483],[-50.708,-11.346],[-50.645,-11.163],[-50.61,-11.001],[-50.6,-10.79],[-50.599,-10.69],[-50.551,-10.567],[-50.455,-10.388],[-50.403,-10.258],[-50.395,-10.177],[-50.337,-10.034],[-50.175,-9.73],[-50.084,-9.422],[-49.979,-9.22],[-49.83,-9.022],[-49.708,-8.895],[-49.613,-8.839],[-49.502,-8.704],[-49.374,-8.489],[-49.283,-8.301],[-49.227,-8.14],[-49.19,-7.995],[-49.172,-7.867],[-49.22,-7.752],[-49.334,-7.649],[-49.34,-7.51],[-49.24,-7.335],[-49.196,-7.167],[-49.21,-7.006],[-49.08,-6.856],[-48.805,-6.718],[-48.653,-6.596],[-48.622,-6.489],[-48.58,-6.414],[-48.527,-6.372],[-48.471,-6.353],[-48.41,-6.358],[-48.391,-6.309],[-48.414,-6.207],[-48.39,-6.142],[-48.319,-6.112],[-48.297,-6.067],[-48.321,-6.007],[-48.307,-5.966],[-48.254,-5.945],[-48.245,-5.889],[-48.28,-5.796],[-48.259,-5.724],[-48.181,-5.672],[-48.159,-5.619],[-48.193,-5.565],[-48.231,-5.533],[-48.275,-5.523],[-48.317,-5.486],[-48.357,-5.424],[-48.422,-5.398],[-48.511,-5.408],[-48.598,-5.399],[-48.723,-5.355],[-48.937,-5.303]]]}},{"type":"Feature","properties":{"name":"Argun’","scalerank":3},"bbox":[117.873457,49.51349,121.405437,53.317056],"geometry":{"type":"MultiLineString","coordinates":[[[121.405,53.317],[120.985,53.285],[120.704,53.172],[120.421,52.968],[120.218,52.84],[120.095,52.787],[120.044,52.718],[120.068,52.633],[120.173,52.602],[120.36,52.627],[120.521,52.615],[120.656,52.567],[120.699,52.494],[120.65,52.396],[120.665,52.3],[120.744,52.205],[120.75,52.097],[120.682,51.973],[120.511,51.849],[120.237,51.723],[120.067,51.601],[119.967,51.422],[119.813,51.267],[119.757,51.179],[119.746,51.108],[119.685,51.03],[119.573,50.947],[119.512,50.863],[119.502,50.779],[119.446,50.703],[119.344,50.634],[119.281,50.561],[119.256,50.484],[119.217,50.433],[119.164,50.406],[119.192,50.38],[119.302,50.354],[119.346,50.279],[119.326,50.155],[119.26,50.066],[119.147,50.013],[118.98,49.979],[118.756,49.963],[118.452,49.845],[117.873,49.513]]]}},{"type":"Feature","properties":{"name":"Arkansas","scalerank":4},"bbox":[-106.380762,33.796697,-91.077148,39.222361],"geometry":{"type":"MultiLineString","coordinates":[[[-91.077,33.797],[-91.122,33.824],[-91.15,33.864],[-91.167,33.922],[-91.217,33.955],[-91.299,33.962],[-91.323,33.974],[-91.33,33.991],[-91.343,34.004],[-91.387,34.005],[-91.419,34.026],[-91.439,34.066],[-91.488,34.091],[-91.564,34.1],[-91.682,34.153],[-91.844,34.249],[-91.921,34.271],[-91.939,34.267],[-91.973,34.275],[-92.017,34.316],[-92.109,34.448],[-92.155,34.566],[-92.155,34.673],[-92.225,34.756],[-92.365,34.818],[-92.447,34.877],[-92.469,34.934],[-92.506,34.972],[-92.558,34.993],[-92.577,35.035],[-92.562,35.096],[-92.595,35.119],[-92.713,35.095],[-92.831,35.161],[-92.93,35.184],[-93.05,35.185],[-93.193,35.244],[-93.358,35.363],[-93.521,35.415],[-93.682,35.399],[-93.797,35.421],[-93.864,35.479],[-93.958,35.494],[-94.078,35.467],[-94.139,35.434],[-94.141,35.396],[-94.162,35.373],[-94.202,35.367],[-94.268,35.385],[-94.358,35.43],[-94.43,35.415],[-94.484,35.342],[-94.529,35.314],[-94.567,35.331],[-94.602,35.325],[-94.635,35.297],[-94.666,35.3],[-94.694,35.333],[-94.792,35.375],[-94.959,35.425],[-95.074,35.488],[-95.138,35.565],[-95.19,35.603],[-95.229,35.605],[-95.245,35.637],[-95.236,35.699],[-95.251,35.747],[-95.29,35.78],[-95.388,35.795],[-95.545,35.79],[-95.63,35.816],[-95.643,35.875],[-95.721,35.925],[-95.864,35.967],[-95.958,36.029],[-96.004,36.11],[-96.084,36.152],[-96.199,36.153],[-96.26,36.174],[-96.266,36.213],[-96.316,36.256],[-96.409,36.303],[-96.477,36.322],[-96.521,36.312],[-96.542,36.332],[-96.54,36.382],[-96.578,36.415],[-96.656,36.431],[-96.711,36.473],[-96.742,36.539],[-96.767,36.542],[-96.806,36.532],[-96.865,36.494],[-96.921,36.469],[-96.96,36.472],[-96.986,36.486],[-96.999,36.513],[-96.979,36.542],[-96.944,36.567],[-96.94,36.579],[-96.957,36.591],[-97,36.595],[-97.041,36.619],[-97.053,36.664],[-96.993,36.706],[-96.862,36.745],[-96.836,36.766],[-96.838,36.782],[-96.877,36.797],[-96.913,36.866],[-96.932,36.981],[-96.986,37.058],[-97.074,37.098],[-97.135,37.189],[-97.167,37.332],[-97.237,37.499],[-97.344,37.69],[-97.695,37.925],[-98.289,38.205],[-98.633,38.346],[-98.728,38.349],[-98.854,38.308],[-99.011,38.223],[-99.218,38.055],[-99.474,37.805],[-99.698,37.697],[-99.987,37.748],[-100.776,37.935],[-101.127,37.971],[-101.304,37.918],[-101.627,37.95],[-102.095,38.066],[-102.559,38.118],[-103.017,38.106],[-103.32,38.081],[-103.467,38.042],[-103.594,38.048],[-103.699,38.099],[-103.833,38.136],[-104.075,38.174],[-104.237,38.238],[-104.411,38.26],[-104.649,38.261],[-104.826,38.298],[-104.94,38.371],[-105.093,38.425],[-105.283,38.459],[-105.47,38.451],[-105.654,38.4],[-105.832,38.425],[-106.005,38.527],[-106.089,38.611],[-106.087,38.677],[-106.135,38.802],[-106.286,39.078],[-106.381,39.222]]]}},{"type":"Feature","properties":{"name":"Ayeyarwady","scalerank":2},"bbox":[94.739933,16.182837,97.51904,25.701016],"geometry":{"type":"MultiLineString","coordinates":[[[97.519,25.701],[97.508,25.69],[97.515,25.668],[97.506,25.59],[97.449,25.417],[97.394,25.337],[97.34,25.35],[97.292,25.31],[97.249,25.216],[97.25,25.152],[97.293,25.12],[97.29,25.1],[97.239,25.091],[97.216,25.064],[97.22,25.019],[97.196,24.981],[97.117,24.933],[97.055,24.835],[97.055,24.755],[97.095,24.659],[97.117,24.552],[97.12,24.432],[97.142,24.347],[97.184,24.296],[97.198,24.252],[97.183,24.214],[97.114,24.178],[96.991,24.145],[96.892,24.169],[96.819,24.25],[96.737,24.307],[96.647,24.341],[96.561,24.344],[96.479,24.317],[96.402,24.251],[96.331,24.148],[96.291,24.059],[96.28,23.946],[96.085,23.653],[96.006,23.359],[95.979,22.966],[95.949,22.754],[95.917,22.723],[95.923,22.663],[95.968,22.574],[95.984,22.495],[95.97,22.427],[95.976,22.377],[96,22.347],[96.02,22.23],[96.034,22.026],[96.009,21.907],[95.946,21.873],[95.879,21.875],[95.811,21.913],[95.71,21.928],[95.578,21.921],[95.481,21.871],[95.418,21.779],[95.373,21.666],[95.344,21.531],[95.315,21.458],[95.269,21.438],[95.173,21.345],[95.061,21.287],[94.9,21.232],[94.82,21.146],[94.82,21.03],[94.794,20.933],[94.74,20.854],[94.761,20.702],[94.857,20.477],[94.907,20.305],[94.912,20.184],[94.956,20.071],[95.081,19.91],[95.14,19.845],[95.169,19.71],[95.188,19.485],[95.177,19.277],[95.136,19.087],[95.14,18.945],[95.189,18.852],[95.18,18.771],[95.113,18.702],[95.076,18.641],[95.067,18.588],[95.143,18.479],[95.303,18.314],[95.4,18.181],[95.433,18.083],[95.452,17.956],[95.455,17.856],[95.456,17.803],[95.472,17.744],[95.485,17.698],[95.539,17.642],[95.561,17.586],[95.552,17.529],[95.58,17.48],[95.645,17.439],[95.655,17.39],[95.611,17.332],[95.603,17.254],[95.632,17.158],[95.625,17.086],[95.582,17.039],[95.574,16.977],[95.6,16.902],[95.543,16.838],[95.481,16.814],[95.404,16.784],[95.331,16.721],[95.322,16.647],[95.236,16.52],[94.992,16.251],[94.952,16.21],[94.893,16.183]]]}},{"type":"Feature","properties":{"name":"Bafing","scalerank":4},"bbox":[-12.088249,10.521839,-10.215495,13.777867],"geometry":{"type":"MultiLineString","coordinates":[[[-12.088,10.59],[-12.006,10.529],[-11.93,10.522],[-11.835,10.549],[-11.775,10.619],[-11.752,10.731],[-11.728,10.792],[-11.691,10.809],[-11.621,10.812],[-11.602,10.864],[-11.611,10.965],[-11.58,11.073],[-11.509,11.188],[-11.443,11.251],[-11.385,11.263],[-11.303,11.317],[-11.198,11.413],[-11.128,11.498],[-11.092,11.574],[-11.059,11.6],[-11.029,11.575],[-10.965,11.574],[-10.869,11.595],[-10.744,11.734],[-10.59,11.99],[-10.466,12.139],[-10.373,12.18],[-10.341,12.231],[-10.37,12.292],[-10.345,12.395],[-10.267,12.54],[-10.238,12.636],[-10.26,12.684],[-10.252,12.725],[-10.215,12.759],[-10.223,12.797],[-10.274,12.838],[-10.294,12.883],[-10.282,12.932],[-10.292,12.957],[-10.323,12.96],[-10.352,13.021],[-10.379,13.138],[-10.43,13.212],[-10.505,13.241],[-10.609,13.256],[-10.742,13.255],[-10.804,13.297],[-10.796,13.382],[-10.772,13.427],[-10.738,13.438],[-10.734,13.454],[-10.753,13.503],[-10.833,13.64],[-10.867,13.735],[-10.873,13.751],[-10.892,13.778]]]}},{"type":"Feature","properties":{"name":"Bahr el Jebel","scalerank":1},"bbox":[31.148311,3.613656,32.015855,6.829661],"geometry":{"type":"MultiLineString","coordinates":[[[32.016,3.614],[31.711,3.944],[31.588,4.101],[31.544,4.194],[31.517,4.326],[31.507,4.496],[31.525,4.606],[31.57,4.656],[31.635,4.817],[31.719,5.087],[31.77,5.3],[31.788,5.455],[31.789,5.589],[31.774,5.702],[31.743,5.802],[31.673,5.93],[31.46,6.357],[31.329,6.582],[31.148,6.83]]]}},{"type":"Feature","properties":{"name":"Bahr el Jebel","scalerank":1},"bbox":[30.2001,6.829661,31.148311,9.530814],"geometry":{"type":"MultiLineString","coordinates":[[[31.148,6.83],[30.922,6.983],[30.77,7.153],[30.617,7.39],[30.547,7.521],[30.56,7.545],[30.549,7.582],[30.512,7.632],[30.508,7.693],[30.536,7.765],[30.508,7.88],[30.426,8.037],[30.366,8.124],[30.329,8.141],[30.323,8.227],[30.348,8.383],[30.339,8.485],[30.296,8.534],[30.284,8.59],[30.301,8.654],[30.289,8.704],[30.248,8.742],[30.218,8.818],[30.2,8.933],[30.233,9.043],[30.316,9.147],[30.35,9.237],[30.333,9.311],[30.37,9.395],[30.46,9.489],[30.618,9.531],[30.846,9.52],[31.001,9.494],[31.125,9.433]]]}},{"type":"Feature","properties":{"name":"Barwon","scalerank":3},"bbox":[147.414548,-30.124569,150.469607,-28.558101],"geometry":{"type":"MultiLineString","coordinates":[[[150.47,-28.65],[150.341,-28.564],[150.15,-28.558],[149.853,-28.604],[149.677,-28.612],[149.595,-28.565],[149.512,-28.579],[149.467,-28.608],[149.433,-28.657],[149.335,-28.723],[149.174,-28.807],[149.081,-28.875],[149.058,-28.928],[148.993,-28.986],[148.887,-29.05],[148.796,-29.188],[148.72,-29.4],[148.641,-29.528],[148.558,-29.571],[148.429,-29.688],[148.254,-29.879],[147.978,-30.013],[147.415,-30.125]]]}},{"type":"Feature","properties":{"name":"Benue","scalerank":4},"bbox":[6.776,7.788052,11.924058,9.496527],"geometry":{"type":"MultiLineString","coordinates":[[[11.924,9.491],[11.783,9.497],[11.574,9.409],[11.249,9.23],[11.038,9.061],[10.941,8.901],[10.858,8.795],[10.788,8.745],[10.636,8.707],[10.401,8.684],[10.218,8.59],[10.086,8.427],[9.977,8.327],[9.847,8.272],[9.53,8.121],[9.395,8.039],[9.337,7.976],[9.141,7.892],[8.807,7.788],[8.437,7.799],[7.829,7.99],[7.422,8.019],[7.156,7.968],[6.776,7.793]]]}},{"type":"Feature","properties":{"name":"Borcea","scalerank":2},"bbox":[27.266584,44.137797,27.934605,44.744117],"geometry":{"type":"MultiLineString","coordinates":[[[27.267,44.138],[27.769,44.363],[27.93,44.486],[27.935,44.592],[27.922,44.67],[27.877,44.744]]]}},{"type":"Feature","properties":{"name":"Braco Menor","scalerank":4},"bbox":[-50.484045,-12.845831,-49.888965,-9.730207],"geometry":{"type":"MultiLineString","coordinates":[[[-50.484,-12.846],[-50.392,-12.617],[-50.296,-12.49],[-50.164,-12.388],[-50.105,-12.313],[-50.12,-12.266],[-50.114,-12.209],[-50.06,-12.093],[-50.036,-12.065],[-49.999,-12.058],[-49.948,-12.071],[-49.914,-12.034],[-49.897,-11.945],[-49.904,-11.873],[-49.935,-11.816],[-49.931,-11.693],[-49.892,-11.504],[-49.889,-11.399],[-49.92,-11.376],[-49.933,-11.316],[-49.926,-11.217],[-49.939,-11.111],[-49.974,-10.998],[-49.978,-10.772],[-49.954,-10.435],[-49.963,-10.191],[-50.006,-10.04],[-50.048,-9.96],[-50.09,-9.952],[-50.126,-9.923],[-50.158,-9.873],[-50.174,-9.819],[-50.175,-9.73]]]}},{"type":"Feature","properties":{"name":"Brahmaputra","scalerank":2},"bbox":[89.612649,23.459395,95.443766,28.002916],"geometry":{"type":"MultiLineString","coordinates":[[[89.739,24.33],[89.714,24.135],[89.708,23.962],[89.744,23.859],[89.868,23.72],[89.994,23.621],[90.074,23.573],[90.267,23.459]],[[89.739,24.33],[89.809,24.172],[89.923,24.082],[90.116,23.971],[90.214,23.869],[90.218,23.776],[90.244,23.735],[90.291,23.745],[90.355,23.709],[90.476,23.583],[90.562,23.537]],[[95.396,28.003],[95.444,27.884],[95.369,27.806],[95.189,27.729],[95.116,27.698],[95.104,27.683],[95.109,27.678],[95.122,27.676],[95.137,27.666],[95.139,27.644],[95.084,27.615],[94.972,27.586],[94.878,27.543],[94.801,27.487],[94.725,27.413],[94.652,27.322],[94.63,27.278],[94.597,27.234],[94.567,27.189],[94.559,27.131],[94.518,27.072],[94.443,27.014],[94.335,26.952],[94.193,26.885],[94.12,26.867],[94.023,26.867],[93.752,26.732],[93.403,26.739],[93.245,26.718],[93.161,26.671],[93.009,26.636],[92.787,26.612],[92.656,26.58],[92.615,26.538],[92.544,26.521],[92.442,26.529],[92.312,26.495],[92.155,26.418],[92.071,26.361],[92.062,26.323],[91.966,26.27],[91.644,26.164],[91.547,26.148],[91.436,26.151],[91.25,26.183],[91.152,26.205],[91.052,26.192],[90.917,26.151],[90.76,26.155],[90.58,26.204],[90.356,26.174],[90.088,26.065],[89.89,25.901],[89.762,25.682],[89.699,25.49],[89.701,25.325],[89.68,25.168],[89.621,25.026],[89.613,24.948],[89.62,24.895],[89.729,24.649],[89.75,24.411],[89.739,24.33]]]}},{"type":"Feature","properties":{"name":"Bratul Chillia","scalerank":2},"bbox":[28.760705,45.180033,29.705918,45.419657],"geometry":{"type":"MultiLineString","coordinates":[[[29.706,45.26],[29.652,45.314],[29.568,45.371],[29.404,45.42],[29.224,45.403],[29.027,45.321],[28.894,45.29],[28.824,45.311],[28.782,45.31],[28.767,45.286],[28.77,45.267],[28.791,45.252],[28.788,45.241],[28.761,45.234],[28.781,45.218],[28.883,45.18]]]}},{"type":"Feature","properties":{"name":"Bratul Sfintu Gheorghe","scalerank":2},"bbox":[28.883075,44.915476,29.605459,45.180033],"geometry":{"type":"MultiLineString","coordinates":[[[28.883,45.18],[29.075,45.1],[29.147,45.084],[29.175,45.089],[29.205,45.08],[29.276,45.007],[29.348,44.97],[29.42,44.97],[29.495,44.95],[29.605,44.915]]]}},{"type":"Feature","properties":{"name":"Bratul Sulina","scalerank":2},"bbox":[28.882713,45.151637,29.678633,45.179827],"geometry":{"type":"MultiLineString","coordinates":[[[28.883,45.18],[29.679,45.152]]]}},{"type":"Feature","properties":{"name":"Bykovskaya Protoka","scalerank":1},"bbox":[126.656952,72.294399,127.726085,72.523997],"geometry":{"type":"MultiLineString","coordinates":[[[126.69,72.294],[126.657,72.423],[126.674,72.485],[126.729,72.524],[126.984,72.515],[127.666,72.43],[127.726,72.413]]]}},{"type":"Feature","properties":{"name":"Bénoué","scalerank":4},"bbox":[11.924058,7.777458,13.999487,9.505803],"geometry":{"type":"MultiLineString","coordinates":[[[13.524,7.777],[13.674,7.855],[13.717,7.922],[13.705,8.006],[13.736,8.071],[13.85,8.138],[13.96,8.24],[13.998,8.312],[13.999,8.388],[13.977,8.453],[13.93,8.506],[13.927,8.597],[13.966,8.726],[13.925,8.833],[13.801,8.917],[13.681,9.054],[13.565,9.244],[13.475,9.314],[13.412,9.264],[13.319,9.226],[13.197,9.199],[13.084,9.223],[12.927,9.335],[12.821,9.375],[12.717,9.351],[12.581,9.277],[12.456,9.307],[12.342,9.443],[12.195,9.506],[11.924,9.491]]]}},{"type":"Feature","properties":{"name":"Chang Jiang","scalerank":1},"bbox":[103.850747,28.620656,113.1277,31.06136],"geometry":{"type":"MultiLineString","coordinates":[[[103.851,28.668],[103.942,28.627],[104.094,28.621],[104.335,28.636],[104.492,28.679],[104.564,28.749],[104.62,28.779],[104.65,28.795],[104.753,28.817],[104.833,28.816],[104.893,28.79],[104.939,28.793],[104.985,28.79],[105.012,28.778],[105.043,28.746],[105.091,28.724],[105.128,28.732],[105.153,28.769],[105.209,28.786],[105.296,28.785],[105.351,28.805],[105.373,28.848],[105.424,28.877],[105.503,28.892],[105.547,28.915],[105.577,28.922],[105.619,28.906],[105.673,28.898],[105.741,28.918],[105.785,28.906],[105.803,28.862],[105.829,28.839],[105.861,28.837],[105.882,28.852],[105.89,28.884],[105.876,28.915],[105.838,28.943],[105.834,28.98],[105.865,29.025],[105.946,29.058],[106.076,29.08],[106.146,29.125],[106.157,29.195],[106.253,29.274],[106.434,29.363],[106.518,29.426],[106.505,29.462],[106.523,29.516],[106.572,29.589],[106.618,29.612],[106.66,29.586],[106.721,29.578],[106.802,29.588],[106.894,29.65],[106.998,29.763],[107.084,29.787],[107.15,29.721],[107.237,29.699],[107.345,29.718],[107.419,29.771],[107.458,29.856],[107.53,29.89],[107.634,29.873],[107.842,30.043],[108.308,30.58],[108.391,30.692],[108.418,30.755],[108.417,30.808],[108.443,30.853],[108.496,30.892],[108.757,30.936],[109.46,31.01],[109.545,31.034],[109.598,31.031],[109.646,31.008],[109.742,31.016],[109.884,31.054],[109.984,31.061],[110.043,31.037],[110.143,31.032],[110.285,31.045],[110.474,31.02],[110.828,30.922],[110.971,30.852],[111.045,30.835],[111.098,30.847],[111.159,30.829],[111.228,30.781],[111.309,30.673],[111.399,30.507],[111.465,30.418],[111.507,30.407],[111.52,30.384],[111.507,30.351],[111.512,30.318],[111.538,30.287],[111.571,30.287],[111.612,30.311],[111.736,30.389],[111.818,30.426],[111.86,30.421],[111.911,30.387],[111.969,30.323],[112.058,30.293],[112.179,30.295],[112.247,30.278],[112.263,30.242],[112.252,30.191],[112.215,30.125],[112.252,30.068],[112.363,30.018],[112.406,29.927],[112.381,29.793],[112.41,29.738],[112.492,29.762],[112.544,29.792],[112.569,29.784],[112.593,29.766],[112.604,29.752],[112.629,29.752],[112.632,29.765],[112.657,29.788],[112.707,29.799],[112.739,29.786],[112.732,29.772],[112.745,29.754],[112.782,29.744],[112.819,29.737],[112.885,29.76],[112.942,29.74],[112.955,29.691],[112.94,29.669],[112.917,29.6],[112.924,29.53],[112.951,29.508],[112.989,29.505],[113.017,29.494],[113.031,29.481],[113.053,29.469],[113.097,29.456],[113.128,29.463]]]}},{"type":"Feature","properties":{"name":"Columbia","scalerank":3},"bbox":[-123.220587,45.591068,-115.865429,52.102091],"geometry":{"type":"MultiLineString","coordinates":[[[-122.15,45.594],[-122.203,45.591],[-122.561,45.625],[-122.65,45.627],[-122.726,45.674],[-122.746,45.75],[-122.843,45.978],[-122.942,46.115],[-123.042,46.16],[-123.121,46.179],[-123.221,46.154]],[[-118.168,48.232],[-118.232,48.086],[-118.284,48.035],[-118.346,48.032],[-118.368,47.996],[-118.349,47.927],[-118.351,47.879],[-118.375,47.849],[-118.433,47.857],[-118.525,47.903],[-118.665,47.927],[-118.854,47.93],[-118.983,47.982],[-119.052,48.082],[-119.228,48.101],[-119.511,48.04],[-119.681,48.03],[-119.74,48.073],[-119.801,48.085],[-119.864,48.066],[-119.887,48.029],[-119.868,47.975],[-119.87,47.929],[-119.894,47.891],[-119.969,47.813],[-120.04,47.783],[-120.14,47.763],[-120.214,47.693],[-120.262,47.575],[-120.273,47.487],[-120.248,47.429],[-120.194,47.382],[-120.068,47.329],[-120.068,47.275],[-120.049,47.245],[-120.01,47.219],[-119.997,47.176],[-120.011,47.117],[-119.992,46.985],[-119.939,46.78],[-119.838,46.674],[-119.687,46.667],[-119.577,46.681],[-119.506,46.716],[-119.417,46.679],[-119.311,46.569],[-119.256,46.456],[-119.253,46.341],[-119.201,46.269],[-119.108,46.237],[-119.085,46.233],[-119.057,46.22],[-119.036,46.206],[-118.968,46.132],[-118.948,46.11],[-118.932,46.095],[-118.925,46.08],[-118.931,46.063],[-118.959,46.038],[-118.99,46.019],[-119.05,45.981],[-119.177,45.945],[-119.429,45.934],[-119.934,45.838],[-120.156,45.762],[-120.351,45.725],[-120.716,45.69],[-121.045,45.639],[-121.184,45.644],[-121.243,45.687],[-121.402,45.712],[-121.663,45.718],[-121.882,45.689],[-122.085,45.603],[-122.15,45.594]],[[-117.907,49.342],[-117.721,49.331],[-117.676,49.275],[-117.711,49.172],[-117.701,49.098],[-117.648,49.055],[-117.682,49.015],[-117.717,48.975],[-117.908,48.858],[-118.021,48.766],[-118.074,48.663]],[[-117.88,50.103],[-117.917,50.092],[-117.925,50.064],[-117.915,50.016],[-117.95,49.971],[-118.029,49.929],[-118.074,49.881],[-118.092,49.802]],[[-115.865,50.287],[-116.081,50.591],[-116.224,50.758],[-116.365,50.89],[-116.545,51.01],[-116.762,51.12],[-116.931,51.244],[-117.052,51.383],[-117.183,51.471],[-117.324,51.507],[-117.425,51.558],[-117.517,51.659]],[[-117.873,51.87],[-118.366,52.09]],[[-118.527,52.102],[-118.581,52.052],[-118.595,51.999],[-118.589,51.925],[-118.611,51.858],[-118.661,51.796],[-118.681,51.742],[-118.672,51.696],[-118.599,51.59],[-118.463,51.426],[-118.359,51.323],[-118.289,51.281],[-118.237,51.214],[-118.205,51.12],[-118.195,51.049],[-118.208,51],[-118.138,50.903],[-117.906,50.683]]]}},{"type":"Feature","properties":{"name":"Congo","scalerank":2},"bbox":[13.068174,-8.272001,27.048716,2.178498],"geometry":{"type":"MultiLineString","coordinates":[[[26.441,-8.272],[26.654,-8.223],[26.742,-8.193],[26.776,-8.165],[26.794,-8.124],[26.794,-8.069],[26.838,-8.011],[26.928,-7.949],[26.973,-7.9],[26.973,-7.864],[26.929,-7.804],[26.839,-7.72],[26.865,-7.529],[27.009,-7.229],[27.049,-6.991],[26.984,-6.815],[26.961,-6.664],[26.98,-6.537],[26.97,-6.422],[26.931,-6.319],[26.906,-6.173],[26.895,-5.982],[26.9,-5.818],[26.93,-5.61]],[[24.292,0.782],[24.178,0.924],[24.005,1.022],[23.734,1.123],[23.461,1.342],[23.184,1.679],[22.968,1.873],[22.735,1.95],[22.557,2.101],[22.396,2.161],[22.194,2.178],[21.969,2.178],[21.721,2.158],[21.499,2.113],[21.304,2.041],[20.944,1.995],[20.418,1.972],[19.902,1.864],[19.143,1.574],[18.714,1.223],[18.526,1.052],[18.436,0.944],[18.343,0.692],[18.199,0.1],[18.184,0.063],[18.109,-0.124],[17.9,-0.391],[17.753,-0.549],[17.543,-0.775],[17.279,-1],[17.108,-1.064],[16.975,-1.14],[16.88,-1.226],[16.849,-1.272],[16.78,-1.376],[16.622,-1.699],[16.541,-1.84],[16.434,-1.961],[16.274,-2.108],[16.215,-2.178],[16.192,-2.279],[16.202,-2.465],[16.217,-3.03],[16.191,-3.194],[16.147,-3.464],[15.99,-3.766],[15.872,-3.934],[15.755,-3.986],[15.6,-4.031],[15.526,-4.088],[15.481,-4.172],[15.395,-4.245],[15.267,-4.308],[15.106,-4.461],[14.912,-4.706],[14.779,-4.846],[14.708,-4.882],[14.634,-4.885],[14.558,-4.856],[14.494,-4.852],[14.418,-4.883],[14.234,-4.912],[14.133,-4.945],[14.054,-4.991],[14.005,-5.052],[13.985,-5.129],[13.938,-5.205],[13.863,-5.278],[13.832,-5.301],[13.809,-5.303],[13.777,-5.279],[13.752,-5.279],[13.735,-5.303],[13.692,-5.31],[13.623,-5.3],[13.574,-5.316],[13.543,-5.359],[13.55,-5.414],[13.595,-5.482],[13.591,-5.513],[13.565,-5.531],[13.553,-5.576],[13.564,-5.655],[13.512,-5.743],[13.399,-5.841],[13.303,-5.882],[13.184,-5.856],[13.068,-5.865]]]}},{"type":"Feature","properties":{"name":"Damietta Branch","scalerank":1},"bbox":[31.078134,30.151261,31.839225,31.526319],"geometry":{"type":"MultiLineString","coordinates":[[[31.163,30.151],[31.078,30.325],[31.107,30.419],[31.21,30.508],[31.25,30.623],[31.226,30.766],[31.224,30.869],[31.245,30.932],[31.31,31.019],[31.42,31.128],[31.509,31.186],[31.579,31.192],[31.671,31.278],[31.839,31.526]]]}},{"type":"Feature","properties":{"name":"Danube","scalerank":2},"bbox":[17.206423,43.670797,28.760705,48.061098],"geometry":{"type":"MultiLineString","coordinates":[[[17.206,48.061],[17.481,47.888],[17.635,47.81],[17.762,47.77],[18.146,47.763],[18.754,47.788],[18.795,47.809],[19,47.819],[19.071,47.807],[19.103,47.779],[19.123,47.731],[19.124,47.709],[19.073,47.552],[19.06,47.481],[19.03,47.413],[18.959,47.365],[18.907,47.26],[18.884,47.151],[18.928,47.083],[18.935,47.033],[18.94,47],[18.936,46.885],[18.945,46.804],[18.983,46.74],[18.966,46.685],[18.894,46.638],[18.874,46.586],[18.905,46.528],[18.919,46.423],[18.916,46.271],[18.859,46.151],[18.748,46.063],[18.727,46.014],[18.759,45.935],[18.839,45.836],[18.894,45.767],[18.947,45.656],[18.918,45.601],[18.954,45.558],[19.055,45.527],[19.064,45.515],[19.033,45.502],[19.008,45.466],[19.005,45.4],[19.093,45.337],[19.273,45.278],[19.475,45.243],[19.699,45.233],[19.828,45.241],[19.863,45.269],[19.907,45.259],[19.959,45.213],[20.045,45.186],[20.163,45.179],[20.253,45.15],[20.282,45.126],[20.315,45.099],[20.339,45.038],[20.326,44.969],[20.353,44.911],[20.421,44.864],[20.5,44.843],[20.591,44.847],[20.636,44.828],[20.634,44.786],[20.666,44.741],[20.731,44.693],[20.913,44.708],[21.36,44.827],[21.523,44.79],[21.597,44.755],[21.636,44.71],[21.74,44.681],[21.909,44.666],[22.027,44.62],[22.093,44.542],[22.201,44.561],[22.351,44.676],[22.498,44.706],[22.642,44.651],[22.721,44.606],[22.734,44.57],[22.701,44.556],[22.62,44.562],[22.554,44.54],[22.502,44.49],[22.495,44.435],[22.531,44.378],[22.582,44.338],[22.648,44.316],[22.683,44.286],[22.688,44.248],[22.775,44.195],[22.945,44.127],[23.028,44.078],[23.024,44.047],[22.985,44.017],[22.911,43.987],[22.868,43.948],[22.856,43.899],[22.868,43.865],[22.919,43.834],[23.225,43.874],[23.535,43.854],[23.951,43.787],[24.227,43.763],[24.431,43.794],[25.16,43.686],[25.497,43.671],[25.686,43.712],[25.819,43.767],[25.933,43.871],[26.216,44.007],[26.489,44.084],[26.848,44.146],[27.087,44.167],[27.222,44.143],[27.267,44.138],[27.338,44.133],[27.412,44.138],[27.594,44.179],[27.86,44.263],[28.022,44.343],[28.08,44.419],[28.083,44.476],[28.032,44.513],[28.013,44.558],[28.025,44.611],[27.992,44.664],[27.907,44.719],[27.877,44.744],[27.85,44.768],[27.83,44.796],[27.831,44.83],[27.863,44.865],[27.895,44.968],[27.926,45.139],[27.965,45.269],[28.011,45.358],[28.079,45.414],[28.212,45.45],[28.318,45.347],[28.451,45.292],[28.761,45.234]]]}},{"type":"Feature","properties":{"name":"Darling","scalerank":3},"bbox":[141.91757,-34.116832,147.414548,-29.927527],"geometry":{"type":"MultiLineString","coordinates":[[[147.415,-30.125],[147.262,-30.122],[147.201,-30.107],[147.182,-30.078],[147.048,-30.027],[146.799,-29.953],[146.656,-29.928],[146.616,-29.95],[146.46,-29.962],[146.188,-29.963],[146.043,-29.983],[146.026,-30.023],[145.909,-30.103],[145.692,-30.224],[145.565,-30.316],[145.528,-30.378],[145.467,-30.409],[145.338,-30.409],[145.272,-30.464],[145.219,-30.481],[145.157,-30.479],[145.11,-30.51],[145.075,-30.575],[145.008,-30.626],[144.906,-30.662],[144.813,-30.733],[144.728,-30.838],[144.622,-30.9],[144.494,-30.921],[144.411,-30.965],[144.372,-31.033],[144.27,-31.102],[144.107,-31.173],[144.022,-31.25],[144.017,-31.333],[143.904,-31.403],[143.683,-31.458],[143.548,-31.514],[143.5,-31.57],[143.454,-31.59],[143.411,-31.575],[143.373,-31.609],[143.341,-31.692],[143.298,-31.737],[143.245,-31.745],[143.197,-31.779],[143.156,-31.839],[143.104,-31.881],[143.04,-31.903],[143.005,-31.956],[142.999,-32.039],[142.978,-32.09],[142.926,-32.116],[142.538,-32.333],[142.404,-32.505],[142.388,-32.804],[142.397,-32.951],[142.375,-33.048],[142.326,-33.143],[142.368,-33.239],[142.501,-33.335],[142.57,-33.4],[142.575,-33.435],[142.535,-33.512],[142.449,-33.632],[142.312,-33.723],[142.124,-33.787],[142.002,-33.867],[141.944,-33.964],[141.918,-34.038],[141.926,-34.117]]]}},{"type":"Feature","properties":{"name":"Dicle","scalerank":4},"bbox":[39.64309,37.062493,42.376566,38.415588],"geometry":{"type":"MultiLineString","coordinates":[[[39.643,38.416],[40.018,38.348],[40.024,38.306],[40.068,38.269],[40.15,38.223],[40.178,38.179],[40.153,38.136],[40.171,38.106],[40.235,38.091],[40.262,38.023],[40.252,37.903],[40.427,37.832],[40.969,37.8],[41.155,37.757],[41.358,37.744],[41.64,37.746],[41.8,37.709],[41.84,37.632],[41.854,37.556],[41.841,37.481],[41.882,37.441],[41.979,37.435],[42.094,37.395],[42.226,37.322],[42.313,37.23],[42.377,37.062]]]}},{"type":"Feature","properties":{"name":"Dihang","scalerank":2},"bbox":[94.356029,28.002916,95.417566,29.875954],"geometry":{"type":"MultiLineString","coordinates":[[[94.356,29.31],[94.526,29.439],[94.641,29.484],[94.759,29.489],[94.844,29.521],[94.897,29.58],[94.919,29.636],[94.909,29.689],[94.959,29.728],[95.069,29.752],[95.125,29.793],[95.128,29.851],[95.171,29.876],[95.255,29.867],[95.294,29.85],[95.29,29.824],[95.312,29.801],[95.36,29.781],[95.395,29.691],[95.418,29.531],[95.385,29.41],[95.298,29.329],[95.191,29.258],[95.064,29.198],[94.944,29.09],[94.83,28.933],[94.809,28.846],[94.88,28.829],[94.961,28.751],[95.052,28.61],[95.097,28.506],[95.094,28.439],[95.068,28.376],[95.018,28.316],[95.003,28.258],[95.022,28.202],[95.088,28.172],[95.199,28.169],[95.291,28.127],[95.396,28.003]]]}},{"type":"Feature","properties":{"name":"Dnepre","scalerank":4},"bbox":[33.390655,54.917217,33.890986,55.873696],"geometry":{"type":"MultiLineString","coordinates":[[[33.735,55.874],[33.818,55.827],[33.826,55.802],[33.788,55.784],[33.803,55.764],[33.872,55.742],[33.891,55.713],[33.845,55.657],[33.768,55.57],[33.702,55.546],[33.622,55.556],[33.585,55.498],[33.59,55.372],[33.57,55.287],[33.524,55.243],[33.473,55.145],[33.391,54.917]]]}},{"type":"Feature","properties":{"name":"Dnipro","scalerank":4},"bbox":[30.03427,46.615605,35.193697,55.001139],"geometry":{"type":"MultiLineString","coordinates":[[[32.578,46.616],[32.645,46.65],[32.934,46.717],[33.067,46.759],[33.237,46.777],[33.357,46.786],[33.451,46.809],[33.54,46.831]],[[35.105,47.84],[35.13,47.972],[35.118,48.038],[35.077,48.081],[35.087,48.108],[35.149,48.12],[35.185,48.15],[35.194,48.199],[35.17,48.28],[35.113,48.394],[34.959,48.477],[34.819,48.492],[34.708,48.53],[34.41,48.64],[34.225,48.736],[34.065,48.808],[33.717,48.942],[33.508,49.008],[33.363,49.065],[33.194,49.094]],[[31.888,49.554],[31.691,49.636],[31.462,49.757]],[[31.44,50],[31.244,49.979],[31.071,50.023],[30.856,50.126],[30.707,50.222],[30.625,50.312],[30.567,50.417],[30.515,50.597]],[[33.391,54.917],[33.109,54.986],[32.978,55.001],[32.903,54.986],[32.823,54.958],[32.738,54.916],[32.687,54.871],[32.67,54.822],[32.611,54.763],[32.512,54.694],[32.382,54.695],[32.221,54.765],[32.006,54.777],[31.598,54.707],[30.974,54.655],[30.718,54.613],[30.622,54.564],[30.552,54.544],[30.509,54.553],[30.463,54.537],[30.413,54.495],[30.36,54.425],[30.304,54.326],[30.318,54.185],[30.405,54.001],[30.407,53.899],[30.324,53.879],[30.275,53.802],[30.261,53.666],[30.284,53.523],[30.371,53.297],[30.279,53.25],[30.26,53.206],[30.284,53.148],[30.251,53.12],[30.162,53.124],[30.091,53.101],[30.038,53.051],[30.034,52.954],[30.081,52.809],[30.143,52.71],[30.222,52.658],[30.258,52.606],[30.252,52.555],[30.279,52.507],[30.342,52.462],[30.365,52.43],[30.351,52.409],[30.397,52.38],[30.503,52.342],[30.546,52.306],[30.525,52.272],[30.584,52.197],[30.722,52.08],[30.796,51.996],[30.805,51.944],[30.773,51.894],[30.699,51.844],[30.625,51.766],[30.551,51.658],[30.547,51.545],[30.612,51.427],[30.611,51.33],[30.508,51.217]]]}},{"type":"Feature","properties":{"name":"Donau","scalerank":2},"bbox":[8.219788,47.930718,17.206423,49.027499],"geometry":{"type":"MultiLineString","coordinates":[[[8.22,48.047],[8.49,47.931],[8.696,47.936],[8.836,47.976],[8.979,48.053],[9.132,48.086],[9.295,48.078],[9.421,48.116],[9.509,48.202],[9.589,48.244],[9.661,48.241],[9.784,48.289],[9.959,48.388],[10.127,48.453],[10.289,48.483],[10.385,48.516],[10.415,48.552],[10.524,48.607],[10.712,48.679],[11.025,48.735],[11.684,48.794],[11.766,48.871],[11.85,48.906],[11.964,48.925],[12.024,48.958],[12.033,49.027],[12.242,49.018],[12.361,48.992],[12.507,48.924]],[[17.206,48.061],[17.165,48.117],[17.111,48.146],[17.029,48.167],[16.878,48.172],[16.659,48.161],[16.486,48.213],[16.36,48.327],[16.209,48.38],[16.034,48.369],[15.861,48.379],[15.693,48.411],[15.573,48.424],[15.502,48.417],[15.431,48.371],[15.36,48.286],[15.265,48.229],[15.147,48.198],[15.036,48.198],[14.932,48.227],[14.829,48.227],[14.726,48.197],[14.583,48.219],[14.4,48.292],[14.243,48.328],[14.114,48.329],[14.037,48.352],[14.012,48.399],[13.872,48.462],[13.487,48.582],[13.316,48.602],[13.2,48.636],[13.081,48.691],[13.005,48.748],[12.972,48.806],[12.909,48.836],[12.816,48.836],[12.704,48.86],[12.507,48.931]]]}},{"type":"Feature","properties":{"name":"El Bahr el Abyad","scalerank":1},"bbox":[31.124747,9.353977,32.795652,15.63455],"geometry":{"type":"MultiLineString","coordinates":[[[31.125,9.433],[31.346,9.366],[31.453,9.354],[31.518,9.376],[31.581,9.445],[31.64,9.562],[31.746,9.657],[31.899,9.731],[32.036,9.834],[32.158,9.968],[32.235,10.072],[32.267,10.148],[32.27,10.246],[32.244,10.369],[32.201,10.435],[32.139,10.446],[32.108,10.471],[32.106,10.51],[32.24,10.656],[32.511,10.908],[32.645,11.103],[32.642,11.24],[32.673,11.414],[32.737,11.624],[32.764,11.795],[32.749,11.995],[32.73,12.19],[32.743,12.333],[32.783,12.489],[32.791,12.652],[32.765,12.822],[32.767,12.939],[32.796,13.004],[32.752,13.117],[32.635,13.277],[32.586,13.424],[32.604,13.559],[32.587,13.638],[32.535,13.662],[32.5,13.704],[32.481,13.764],[32.439,13.825],[32.373,13.886],[32.295,14.032],[32.205,14.264],[32.172,14.465],[32.196,14.637],[32.262,14.783],[32.37,14.902],[32.44,15.13],[32.49,15.635]]]}},{"type":"Feature","properties":{"name":"El Bahr el Azraq","scalerank":3},"bbox":[32.490141,10.155091,35.353377,15.63455],"geometry":{"type":"MultiLineString","coordinates":[[[35.353,10.155],[35.343,10.187],[35.293,10.411],[35.242,10.517],[35.147,10.573],[35.182,10.974],[35.161,11.14],[35.097,11.202],[34.993,11.249],[34.778,11.296]],[[34.38,11.783],[34.324,12.048],[34.317,12.194],[34.341,12.308],[34.301,12.403],[34.199,12.478],[34.157,12.534],[34.176,12.572],[34.175,12.637],[34.154,12.729],[34.117,12.804],[34.065,12.863],[34.04,12.872],[34,12.902],[33.981,12.958],[33.961,13.144],[33.93,13.258],[33.89,13.3],[33.828,13.325],[33.744,13.334],[33.692,13.381],[33.672,13.466],[33.639,13.53],[33.593,13.573],[33.582,13.619],[33.607,13.669],[33.602,13.708],[33.578,13.734],[33.581,13.756],[33.597,13.772],[33.599,13.793],[33.58,13.819],[33.574,13.839],[33.581,13.856],[33.596,13.867],[33.604,13.887],[33.591,13.937],[33.609,14.011],[33.657,14.109],[33.566,14.344],[33.337,14.716],[33.211,14.956],[33.189,15.064],[33.134,15.16],[33.046,15.244],[32.949,15.304],[32.842,15.339],[32.735,15.423],[32.628,15.553],[32.554,15.622],[32.49,15.635]]]}},{"type":"Feature","properties":{"name":"Ertis","scalerank":2},"bbox":[74.993593,47.726545,85.267075,53.985594],"geometry":{"type":"MultiLineString","coordinates":[[[85.267,47.994],[84.999,47.928],[84.88,47.88],[84.822,47.828],[84.729,47.783],[84.6,47.744],[84.491,47.727],[84.357,47.732]],[[83.364,49.644],[83.128,49.682],[82.991,49.748],[82.872,49.856],[82.696,49.947],[82.462,50.021],[82.321,50.101],[82.273,50.185],[82.15,50.219],[81.953,50.202],[81.775,50.228],[81.614,50.295],[81.482,50.325],[81.379,50.319],[81.248,50.338],[81.089,50.382],[80.963,50.392],[80.87,50.367],[80.691,50.36],[80.426,50.373],[80.242,50.41],[80.139,50.473],[80.019,50.496],[79.882,50.479],[79.702,50.517],[79.479,50.608],[79.313,50.662],[79.203,50.678],[79.116,50.667],[79.05,50.63],[78.9,50.651],[78.545,50.767],[78.348,50.858],[78.245,50.923],[78.171,50.993],[78.106,51.094],[78.05,51.225],[77.96,51.335],[77.837,51.424],[77.691,51.499],[77.521,51.56],[77.441,51.651],[77.451,51.771],[77.334,51.886],[77.089,51.997],[76.96,52.108],[76.948,52.219],[76.9,52.303],[76.814,52.36],[76.78,52.411],[76.796,52.455],[76.794,52.502],[76.775,52.552],[76.734,52.589],[76.673,52.612],[76.654,52.64],[76.678,52.672],[76.679,52.704],[76.659,52.736],[76.55,52.816],[76.514,52.827],[76.494,52.83],[76.479,52.85],[76.485,52.885],[76.461,52.899],[76.314,52.905],[76.26,52.93],[76.242,52.98],[76.144,53.015],[75.967,53.034],[75.855,53.078],[75.806,53.146],[75.727,53.202],[75.619,53.246],[75.568,53.282],[75.567,53.304],[75.545,53.322],[75.521,53.333],[75.503,53.344],[75.506,53.361],[75.503,53.397],[75.457,53.455],[75.357,53.52],[75.203,53.59],[75.101,53.654],[75.05,53.71],[75.04,53.789],[75.07,53.891],[75.062,53.953],[74.994,53.986]]]}},{"type":"Feature","properties":{"name":"Ertix","scalerank":2},"bbox":[85.267075,46.990181,90.325371,48.019188],"geometry":{"type":"MultiLineString","coordinates":[[[90.325,47.65],[90.284,47.491],[90.253,47.43],[90.201,47.408],[90.132,47.401],[90.064,47.356],[89.973,47.269],[89.872,47.213],[89.763,47.187],[89.655,47.126],[89.546,47.03],[89.406,46.99],[89.233,47.005],[89.032,47.061],[88.804,47.159],[88.515,47.233],[88.166,47.284],[87.847,47.348],[87.559,47.427],[87.387,47.495],[87.331,47.555],[87.266,47.58],[87.19,47.572],[87.1,47.591],[86.944,47.66],[86.607,47.832],[86.433,47.878],[86.31,47.853],[86.154,47.876],[85.966,47.945],[85.792,47.98],[85.634,47.982],[85.544,47.994],[85.521,48.016],[85.449,48.019],[85.267,47.994]]]}},{"type":"Feature","properties":{"name":"Euphrates","scalerank":3},"bbox":[40.992568,30.90168,47.468452,34.509057],"geometry":{"type":"MultiLineString","coordinates":[[[45.463,31.305],[45.541,31.229],[45.685,31.184],[45.922,31.146],[46.121,31.086],[46.363,30.965],[46.483,30.903],[46.58,30.902],[46.692,30.942],[46.886,30.959],[47.16,30.953],[47.331,30.967],[47.399,31],[47.442,31.004],[47.468,30.968]],[[40.993,34.428],[41.119,34.388],[41.177,34.393],[41.208,34.43],[41.276,34.443],[41.38,34.43],[41.43,34.436],[41.448,34.44],[41.471,34.449],[41.502,34.436],[41.591,34.448],[41.717,34.497],[41.827,34.509],[41.921,34.484],[41.99,34.446],[42.055,34.369],[42.122,34.302],[42.17,34.288],[42.22,34.306],[42.248,34.297],[42.263,34.29],[42.286,34.292],[42.303,34.334],[42.33,34.346],[42.366,34.329],[42.366,34.302],[42.331,34.264],[42.332,34.231],[42.369,34.205],[42.383,34.165],[42.375,34.114],[42.417,34.059],[42.447,34.041],[42.51,34.001],[42.551,33.944],[42.541,33.888],[42.563,33.87],[42.617,33.891],[42.673,33.89],[42.73,33.865],[42.748,33.82],[42.724,33.752],[42.767,33.671],[42.877,33.577],[42.965,33.521],[43.032,33.503],[43.079,33.505],[43.106,33.526],[43.155,33.515],[43.228,33.471],[43.288,33.455],[43.334,33.466],[43.454,33.442],[43.536,33.418],[43.65,33.384],[43.776,33.311],[43.832,33.226],[43.872,33.199],[43.905,33.199],[43.948,33.195],[44.029,33.16],[44.122,33.053],[44.254,32.828],[44.263,32.793],[44.264,32.727],[44.237,32.624],[44.255,32.496],[44.321,32.349],[44.355,32.235],[44.356,32.157],[44.387,32.072],[44.448,31.981],[44.477,31.878],[44.475,31.762],[44.548,31.648],[44.77,31.479],[45.042,31.441],[45.158,31.403],[45.209,31.352],[45.293,31.321],[45.467,31.305]]]}},{"type":"Feature","properties":{"name":"Firat","scalerank":3},"bbox":[37.847799,36.835633,41.455485,40.180183],"geometry":{"type":"MultiLineString","coordinates":[[[38.768,38.813],[38.555,38.768],[38.45,38.714],[38.383,38.635],[38.355,38.581],[38.367,38.551],[38.452,38.508],[38.61,38.45],[38.719,38.426],[38.78,38.435],[38.847,38.413],[38.921,38.358],[38.997,38.334],[39.075,38.34],[39.115,38.306],[39.115,38.23],[39.149,38.19],[39.218,38.183],[39.248,38.154],[39.239,38.102],[39.171,38.034],[39.042,37.949],[38.978,37.887],[38.978,37.849],[38.956,37.82],[38.949,37.797],[38.924,37.745],[38.841,37.713],[38.829,37.69],[38.838,37.666],[38.813,37.645],[38.701,37.631],[38.608,37.593],[38.533,37.532],[38.439,37.495],[38.328,37.483],[38.25,37.461],[38.207,37.429],[38.137,37.421],[38.039,37.437],[37.966,37.425],[37.92,37.384],[37.855,37.292],[37.848,37.217],[37.862,37.116],[37.897,37.061],[37.951,37.054],[37.991,36.996],[38.026,36.836]],[[41.455,40.18],[41.328,40.016],[40.985,39.944],[40.77,39.928],[40.569,39.945],[40.396,39.942],[40.251,39.919],[40.169,39.895],[40.15,39.869],[40.17,39.824],[40.23,39.76],[40.24,39.694],[40.203,39.626],[40.163,39.584],[40.122,39.568],[39.939,39.595],[39.613,39.666],[39.415,39.683],[39.343,39.648],[39.196,39.619],[38.976,39.594],[38.74,39.536],[38.488,39.445],[38.426,39.342],[38.555,39.229],[38.643,39.17],[38.689,39.167],[38.718,39.144],[38.74,39.078]]]}},{"type":"Feature","properties":{"name":"Ganges","scalerank":3},"bbox":[78.022194,21.721103,90.435028,30.888477],"geometry":{"type":"MultiLineString","coordinates":[[[89.483,22.276],[89.425,22.496],[89.372,22.581],[89.3,22.619]],[[89.3,22.619],[89.261,22.574],[89.255,22.445],[89.286,22.308],[89.354,22.16],[89.379,22.058],[89.352,21.972],[89.351,21.886],[89.336,21.788],[89.354,21.721]],[[88.44,22.986],[88.385,22.868],[88.347,22.735],[88.344,22.629],[88.29,22.549],[88.185,22.496],[88.118,22.41],[88.087,22.218]],[[88.44,22.986],[88.518,22.975],[88.598,22.975],[88.682,22.954],[88.756,22.915],[88.82,22.858],[88.843,22.803],[88.823,22.748],[88.845,22.7],[88.91,22.659],[88.971,22.511],[89.05,22.275],[89.056,22.186],[89.051,22.093]],[[90.074,23.573],[90.096,23.34],[90.127,23.252],[90.181,23.206],[90.228,23.178],[90.244,23.138],[90.265,23.116],[90.299,23.088],[90.302,23.055],[90.315,23.016],[90.362,22.961],[90.361,22.876],[90.394,22.775],[90.435,22.752]],[[89.109,23.992],[89.219,23.808],[89.302,23.733],[89.381,23.694],[89.447,23.64],[89.5,23.572],[89.52,23.525],[89.509,23.499],[89.527,23.483],[89.575,23.477],[89.598,23.443],[89.598,23.383],[89.615,23.337],[89.632,23.301],[89.638,23.252],[89.66,23.223],[89.709,23.192],[89.719,23.133],[89.765,23.02],[89.926,22.84],[90.008,22.685],[90.014,22.563],[89.985,22.466]],[[89.109,23.992],[89.2,23.933],[89.281,23.931],[89.38,23.901],[89.497,23.844],[89.604,23.823],[89.749,23.848]],[[88.397,24.389],[88.51,24.261],[88.534,24.208],[88.527,24.166],[88.554,24.129],[88.616,24.098],[88.643,24.059],[88.636,24.012],[88.69,23.968],[88.805,23.928],[88.864,23.856],[88.868,23.752],[88.837,23.666],[88.772,23.598],[88.764,23.531],[88.811,23.463],[88.853,23.441],[88.885,23.423],[88.906,23.39],[88.926,23.363],[88.989,23.333],[89.002,23.263],[89.028,23.186],[89.089,23.113],[89.113,23.04],[89.1,22.97],[89.113,22.893],[89.154,22.809],[89.208,22.749],[89.268,22.708],[89.276,22.703],[89.271,22.679],[89.3,22.619]],[[88.397,24.389],[88.499,24.347],[88.642,24.326],[88.724,24.275],[88.742,24.193],[88.77,24.144],[88.806,24.127],[88.858,24.131],[88.926,24.155],[89.01,24.109],[89.109,23.992]],[[87.92,24.825],[87.94,24.666],[88.019,24.543],[88.175,24.389],[88.238,24.234],[88.209,24.079],[88.205,23.945],[88.227,23.831],[88.215,23.74],[88.183,23.7],[88.214,23.637],[88.272,23.587],[88.304,23.543],[88.345,23.53],[88.361,23.461],[88.352,23.333],[88.375,23.255],[88.43,23.227],[88.467,23.186],[88.486,23.134],[88.459,23.027],[88.44,22.986]],[[87.92,24.825],[87.946,24.753],[87.999,24.661],[88.079,24.55],[88.145,24.486],[88.225,24.461],[88.287,24.48],[88.338,24.454],[88.397,24.389]],[[79.841,30.888],[79.82,30.837],[79.829,30.787],[79.859,30.722],[79.865,30.679],[79.834,30.648],[79.745,30.543],[79.667,30.522],[79.571,30.55],[79.47,30.516],[79.313,30.372],[79.232,30.301],[79.159,30.285],[79.067,30.3],[78.939,30.292],[78.777,30.26],[78.669,30.201],[78.614,30.116],[78.52,30.09],[78.387,30.124],[78.281,30.093],[78.203,29.998],[78.17,29.889],[78.183,29.768],[78.139,29.673],[78.04,29.606],[78.022,29.492],[78.086,29.332],[78.106,29.181],[78.084,29.04],[78.098,28.882],[78.176,28.621],[78.242,28.522],[78.271,28.443],[78.284,28.352],[78.337,28.253],[78.43,28.146],[78.603,28.026],[78.855,27.893],[79.025,27.825],[79.112,27.82],[79.167,27.786],[79.192,27.723],[79.255,27.68],[79.358,27.658],[79.446,27.62],[79.519,27.568],[79.591,27.466],[79.662,27.316],[79.733,27.217],[79.838,27.145],[79.922,27.126],[79.998,27.025],[80.094,26.837],[80.238,26.648],[80.43,26.459],[80.544,26.317],[80.58,26.222],[80.652,26.138],[80.76,26.066],[80.869,26.038],[80.978,26.053],[81.123,25.989],[81.303,25.844],[81.395,25.746],[81.398,25.692],[81.458,25.646],[81.573,25.606],[81.649,25.564],[81.686,25.518],[81.756,25.499],[81.857,25.507],[81.907,25.487],[81.903,25.413],[82.042,25.312],[82.12,25.285],[82.183,25.296],[82.215,25.272],[82.217,25.259],[82.226,25.243],[82.239,25.241],[82.254,25.246],[82.274,25.262],[82.3,25.26],[82.318,25.23],[82.345,25.227],[82.38,25.249],[82.436,25.235],[82.513,25.184],[82.552,25.184],[82.563,25.203],[82.585,25.218],[82.62,25.22],[82.786,25.144],[82.879,25.142],[82.965,25.188],[83.017,25.239],[83.033,25.295],[83.074,25.33],[83.139,25.344],[83.159,25.377],[83.135,25.427],[83.139,25.472],[83.17,25.51],[83.242,25.519],[83.353,25.498],[83.44,25.466],[83.489,25.444],[83.513,25.462],[83.513,25.497],[83.518,25.534],[83.6,25.584],[83.67,25.607],[83.713,25.59],[83.752,25.542],[83.803,25.519],[83.866,25.522],[83.959,25.577],[84.082,25.683],[84.171,25.722],[84.226,25.694],[84.284,25.701],[84.343,25.744],[84.428,25.747],[84.54,25.711],[84.634,25.708],[84.711,25.738],[84.827,25.747],[84.981,25.734],[85.119,25.683],[85.239,25.592],[85.338,25.544],[85.412,25.535],[85.456,25.538],[85.501,25.545],[85.555,25.544],[85.618,25.494],[85.697,25.474],[85.786,25.495],[85.88,25.462],[85.979,25.377],[86.098,25.324],[86.237,25.303],[86.371,25.341],[86.5,25.437],[86.571,25.448],[86.584,25.373],[86.617,25.315],[86.668,25.276],[86.743,25.28],[86.841,25.327],[86.965,25.32],[87.115,25.26],[87.219,25.267],[87.275,25.34],[87.35,25.383],[87.444,25.394],[87.518,25.366],[87.572,25.3],[87.644,25.257],[87.734,25.237],[87.779,25.193],[87.78,25.124],[87.824,25.064],[87.911,25.013],[87.942,24.956],[87.919,24.893],[87.92,24.825]]]}},{"type":"Feature","properties":{"name":"Gharraf Canal","scalerank":4},"bbox":[45.809122,30.963588,46.405416,32.502202],"geometry":{"type":"MultiLineString","coordinates":[[[45.809,32.502],[45.901,32.431],[45.928,32.377],[45.923,32.316],[45.943,32.264],[45.989,32.219],[45.998,32.133],[45.97,32.005],[45.986,31.922],[46.046,31.883],[46.089,31.773],[46.116,31.592],[46.154,31.457],[46.203,31.367],[46.276,31.282],[46.371,31.202],[46.405,31.112],[46.366,30.964]]]}},{"type":"Feature","properties":{"name":"Grande","scalerank":3},"bbox":[-66.322923,-22.155237,-44.058055,-15.859755],"geometry":{"type":"MultiLineString","coordinates":[[[-44.45,-22.155],[-44.304,-22.047],[-44.208,-21.948],[-44.112,-21.822],[-44.062,-21.734],[-44.058,-21.684],[-44.068,-21.658],[-44.093,-21.657],[-44.127,-21.613],[-44.171,-21.524],[-44.241,-21.476],[-44.387,-21.465]],[[-44.616,-21.318],[-44.686,-21.236],[-44.739,-21.206],[-44.799,-21.201],[-44.857,-21.176],[-44.915,-21.13],[-44.971,-21.125],[-45.026,-21.161],[-45.076,-21.175],[-45.122,-21.169],[-45.164,-21.14],[-45.205,-21.093]],[[-46.326,-20.668],[-46.587,-20.623]],[[-47.073,-20.284],[-47.329,-20.118],[-47.428,-20.036],[-47.46,-20.001],[-47.518,-19.994],[-47.594,-20.019],[-47.656,-20.023],[-47.696,-19.991],[-47.75,-19.977],[-47.819,-19.981],[-47.86,-20.012],[-47.862,-20.056],[-47.909,-20.082],[-47.991,-20.083],[-48.051,-20.12],[-48.109,-20.117],[-48.178,-20.083],[-48.253,-20.093],[-48.361,-20.139],[-48.716,-20.144],[-48.812,-20.159],[-48.858,-20.233],[-48.887,-20.37],[-48.918,-20.429],[-48.952,-20.41],[-48.978,-20.338],[-48.995,-20.214],[-49.04,-20.187],[-49.113,-20.259],[-49.166,-20.295],[-49.2,-20.294],[-49.239,-20.246],[-49.284,-20.149],[-49.29,-20.072],[-49.259,-20.017],[-49.278,-19.987],[-49.385,-19.98]],[[-50.364,-19.859],[-50.434,-19.8],[-50.489,-19.791],[-50.584,-19.821]],[[-63.757,-19.028],[-63.619,-19.071],[-63.565,-19.049],[-63.548,-18.977],[-63.497,-18.928],[-63.411,-18.904],[-63.31,-18.847],[-63.195,-18.756],[-63.074,-18.615],[-62.949,-18.425],[-62.858,-18.197],[-62.773,-17.799],[-62.786,-17.598],[-62.775,-17.465],[-62.743,-17.334],[-62.738,-17.243],[-62.762,-17.192],[-62.823,-17.151],[-62.922,-17.121],[-63,-17.031],[-63.059,-16.88],[-63.259,-16.732],[-63.601,-16.585],[-63.804,-16.449],[-63.869,-16.322],[-63.965,-16.237],[-64.092,-16.192],[-64.162,-16.148],[-64.176,-16.104],[-64.303,-16.027],[-64.664,-15.86]],[[-66.323,-17.577],[-66.019,-17.862],[-65.96,-17.952],[-65.916,-17.978],[-65.868,-17.972],[-65.793,-18.009],[-65.642,-18.129],[-65.39,-18.371],[-65.287,-18.493],[-65.25,-18.575],[-65.19,-18.626],[-65.108,-18.645],[-65.051,-18.63],[-65.018,-18.581],[-64.956,-18.538],[-64.863,-18.503],[-64.756,-18.53],[-64.635,-18.621],[-64.529,-18.651],[-64.437,-18.618],[-64.342,-18.686],[-64.242,-18.855],[-64.16,-18.954],[-64.097,-18.985],[-64.05,-19.042],[-64.021,-19.126],[-63.985,-19.165],[-63.94,-19.158],[-63.906,-19.122],[-63.884,-19.058],[-63.842,-19.027],[-63.751,-19.028]]]}},{"type":"Feature","properties":{"name":"Guaporé","scalerank":3},"bbox":[-65.447137,-11.913174,-65.031167,-10.392285],"geometry":{"type":"MultiLineString","coordinates":[[[-65.031,-11.913],[-65.037,-11.829],[-65.09,-11.741],[-65.115,-11.735],[-65.143,-11.752],[-65.163,-11.765],[-65.186,-11.75],[-65.19,-11.71],[-65.175,-11.647],[-65.206,-11.581],[-65.282,-11.511],[-65.322,-11.439],[-65.325,-11.365],[-65.342,-11.315],[-65.373,-11.29],[-65.39,-11.246],[-65.394,-11.184],[-65.372,-11.11],[-65.324,-11.025],[-65.334,-10.893],[-65.402,-10.715],[-65.44,-10.586],[-65.447,-10.507],[-65.437,-10.449],[-65.395,-10.392]]]}},{"type":"Feature","properties":{"name":"Hailar","scalerank":3},"bbox":[117.873457,49.191985,122.287141,49.849283],"geometry":{"type":"MultiLineString","coordinates":[[[117.873,49.513],[117.912,49.429],[117.969,49.374],[118.057,49.319],[118.175,49.332],[118.323,49.412],[118.44,49.437],[118.524,49.405],[118.583,49.347],[118.617,49.262],[118.747,49.212],[119.086,49.192],[119.232,49.199],[119.337,49.226],[119.45,49.275],[119.71,49.275],[120.118,49.225],[120.518,49.256],[120.911,49.368],[121.216,49.473],[121.433,49.572],[121.626,49.635],[121.878,49.678],[122.287,49.849]]]}},{"type":"Feature","properties":{"name":"Heilong Jiang","scalerank":3},"bbox":[121.405437,50.208977,127.59028,53.555594],"geometry":{"type":"MultiLineString","coordinates":[[[127.59,50.209],[127.395,50.299],[127.337,50.35],[127.351,50.394],[127.341,50.428],[127.306,50.454],[127.308,50.494],[127.347,50.55],[127.347,50.621],[127.307,50.708],[127.198,50.829],[127.02,50.986],[126.925,51.1],[126.912,51.172],[126.888,51.23],[126.854,51.261],[126.834,51.315],[126.848,51.374],[126.827,51.412],[126.802,51.448],[126.805,51.506],[126.775,51.545],[126.709,51.566],[126.689,51.61],[126.701,51.703],[126.654,51.781],[126.511,51.926],[126.468,52.031],[126.456,52.126],[126.395,52.173],[126.391,52.214],[126.384,52.286],[126.346,52.306],[126.324,52.332],[126.342,52.362],[126.313,52.4],[126.238,52.445],[126.203,52.484],[126.194,52.519],[126.157,52.547],[126.046,52.573],[126.016,52.61],[126.023,52.643],[126.047,52.673],[126.06,52.692],[126.056,52.716],[126.048,52.739],[126.004,52.768],[125.942,52.801],[125.872,52.872],[125.783,52.891],[125.728,52.891],[125.681,52.931],[125.695,52.956],[125.692,53.004],[125.649,53.042],[125.596,53.057],[125.546,53.048],[125.422,53.084],[125.226,53.166],[125.075,53.204],[124.971,53.197],[124.907,53.173],[124.882,53.13],[124.812,53.134],[124.64,53.211],[124.466,53.23],[124.369,53.271],[124.291,53.341],[124.22,53.37],[124.154,53.359],[123.995,53.406],[123.741,53.511],[123.608,53.547],[123.56,53.527],[123.535,53.526],[123.489,53.529],[123.424,53.531],[123.31,53.556],[123.154,53.545],[122.958,53.498],[122.745,53.469],[122.516,53.457],[122.38,53.463],[122.338,53.485],[122.089,53.451],[121.405,53.317]]]}},{"type":"Feature","properties":{"name":"Hongshui","scalerank":4},"bbox":[106.943633,23.662432,109.528643,25.224688],"geometry":{"type":"MultiLineString","coordinates":[[[106.944,25.225],[106.963,25.223],[106.974,25.2],[106.982,25.134],[107.019,25.061],[107.063,25.029],[107.156,25.009],[107.277,24.875],[107.315,24.796],[107.312,24.729],[107.362,24.603],[107.467,24.417],[107.542,24.318],[107.586,24.308],[107.608,24.281],[107.608,24.236],[107.578,24.189],[107.516,24.139],[107.494,24.087],[107.512,24.031],[107.547,23.986],[107.601,23.954],[107.643,23.945],[107.674,23.961],[107.733,23.905],[107.821,23.776],[107.902,23.722],[107.975,23.744],[108.039,23.782],[108.094,23.836],[108.131,23.857],[108.152,23.843],[108.223,23.889],[108.343,23.995],[108.453,24.035],[108.552,24.007],[108.631,23.96],[108.691,23.891],[108.758,23.85],[108.833,23.836],[108.865,23.806],[108.855,23.758],[108.873,23.71],[108.919,23.662],[108.999,23.663],[109.112,23.712],[109.192,23.723],[109.238,23.695],[109.281,23.688],[109.322,23.7],[109.369,23.746],[109.423,23.825],[109.469,23.847],[109.529,23.796]]]}},{"type":"Feature","properties":{"name":"Huang","scalerank":3},"bbox":[96.164187,33.355794,114.830852,40.874663],"geometry":{"type":"MultiLineString","coordinates":[[[97.288,34.835],[97.547,34.876]],[[97.763,35.088],[97.934,35.082],[98.028,35.034],[98.101,34.94],[98.197,34.874],[98.318,34.835],[98.382,34.798],[98.396,34.747],[98.4,34.674],[98.384,34.631],[98.348,34.593],[98.376,34.531],[98.469,34.445],[98.563,34.39],[98.661,34.367],[98.713,34.38],[98.72,34.43],[98.752,34.461],[98.809,34.473],[98.892,34.462],[99.001,34.428],[99.058,34.301],[99.061,34.081],[99.123,33.915],[99.245,33.803],[99.324,33.748],[99.359,33.751],[99.381,33.771],[99.391,33.809],[99.439,33.812],[99.526,33.781],[99.62,33.775],[99.721,33.791],[99.868,33.744],[100.062,33.631],[100.191,33.604],[100.256,33.662],[100.278,33.709],[100.33,33.757],[100.434,33.799],[100.587,33.883],[100.689,33.926],[100.74,33.928],[100.825,33.878],[100.942,33.777],[101.009,33.764],[101.026,33.839],[101.123,33.827],[101.301,33.727],[101.481,33.678],[101.663,33.679],[101.809,33.611],[101.919,33.473],[102.005,33.388],[102.066,33.356],[102.193,33.371],[102.385,33.434],[102.482,33.484],[102.482,33.521],[102.45,33.557],[102.387,33.592],[102.353,33.638],[102.33,33.725],[102.316,33.745],[102.285,33.8],[102.206,33.897],[102.103,33.959],[101.976,33.986],[101.838,34.047],[101.687,34.143],[101.517,34.219],[101.328,34.273],[101.21,34.35],[101.163,34.45],[101.087,34.513],[100.982,34.539],[100.912,34.593],[100.878,34.677],[100.815,34.708],[100.721,34.686],[100.63,34.708],[100.54,34.773],[100.455,34.813],[100.376,34.827],[100.307,34.936],[100.22,35.241],[100.259,35.282],[100.236,35.338],[100.166,35.424],[100.172,35.543],[100.255,35.695],[100.334,35.774],[100.409,35.777],[100.546,35.869],[100.744,36.05],[100.898,36.142],[101.009,36.145],[101.071,36.135],[101.085,36.112],[101.176,36.089],[101.343,36.065],[101.495,36.086],[101.63,36.151],[101.763,36.152],[101.893,36.086],[101.993,35.997],[102.064,35.886],[102.185,35.845],[102.356,35.873],[102.61,35.86],[102.948,35.806],[103.177,35.812],[103.299,35.878],[103.317,35.931],[103.232,35.97],[103.256,36.04],[103.388,36.139],[103.56,36.158],[103.771,36.096],[103.916,36.068],[103.995,36.075],[104.031,36.104],[104.023,36.156],[104.072,36.229],[104.179,36.322],[104.352,36.428],[104.591,36.547],[104.713,36.628],[104.72,36.671],[104.69,36.728],[104.625,36.798],[104.528,36.85],[104.4,36.884],[104.327,36.946],[104.308,37.035],[104.314,37.093],[104.353,37.174],[104.446,37.197],[104.52,37.241],[104.576,37.307],[104.692,37.359],[104.957,37.415],[104.998,37.461],[105.152,37.483],[105.433,37.495],[105.649,37.522],[105.8,37.565],[105.905,37.661],[105.964,37.81],[106.037,37.916],[106.125,37.977],[106.196,38.064],[106.251,38.177],[106.338,38.282],[106.457,38.378],[106.531,38.498],[106.559,38.64],[106.64,38.78],[106.774,38.918],[106.851,39.017],[106.871,39.075],[106.849,39.183],[106.783,39.34],[106.759,39.483],[106.776,39.611],[106.768,39.76],[106.718,40.016],[107.043,40.286],[107.149,40.396],[107.144,40.434],[107.174,40.5],[107.239,40.592],[107.38,40.671],[107.598,40.738],[107.72,40.793],[107.745,40.837],[107.862,40.865],[108.07,40.875],[108.19,40.863],[108.224,40.83],[108.29,40.815],[108.389,40.816],[108.476,40.778],[108.553,40.7],[108.651,40.632],[108.77,40.573],[108.884,40.547],[108.992,40.554],[109.134,40.535],[109.309,40.49],[109.45,40.489],[109.555,40.53],[109.635,40.532],[109.687,40.494],[109.836,40.491],[110.08,40.524],[110.303,40.484],[110.505,40.373],[110.675,40.302],[110.811,40.271],[110.919,40.266],[110.996,40.286],[111.125,40.235],[111.307,40.11],[111.407,40.013],[111.426,39.942],[111.416,39.867],[111.378,39.789],[111.385,39.718],[111.437,39.653],[111.433,39.576],[111.373,39.488],[111.284,39.43],[111.212,39.414],[111.168,39.4],[111.156,39.37],[111.155,39.347],[111.192,39.297],[111.199,39.24],[111.145,39.125],[111.081,39.044],[111.009,38.997],[110.98,38.956],[110.996,38.92],[110.97,38.832],[110.904,38.692],[110.878,38.6],[110.891,38.557],[110.798,38.443],[110.599,38.258],[110.503,38.113],[110.511,38.008],[110.585,37.881],[110.725,37.732],[110.782,37.614],[110.758,37.525],[110.719,37.465],[110.664,37.434],[110.644,37.384],[110.658,37.316],[110.61,37.217],[110.5,37.087],[110.427,37.021],[110.391,37.019],[110.384,37.005],[110.407,36.98],[110.408,36.919],[110.387,36.823],[110.393,36.763],[110.425,36.739],[110.428,36.717],[110.403,36.698],[110.417,36.648],[110.471,36.566],[110.486,36.429],[110.46,36.237],[110.49,36.006],[110.576,35.733],[110.579,35.534],[110.459,35.343],[110.366,35.234],[110.316,35.135],[110.278,35.008],[110.262,34.868],[110.27,34.637],[110.465,34.597],[110.619,34.604],[110.795,34.645],[110.89,34.683],[110.97,34.724],[111.027,34.746],[111.101,34.795],[111.243,34.83],[111.453,34.852],[111.589,34.899],[111.651,34.972],[111.736,35.03],[111.844,35.074],[112.118,35.022],[112.559,34.872],[112.857,34.809],[113.012,34.831],[113.156,34.875],[113.288,34.94],[113.399,34.974],[113.489,34.978],[113.617,34.954],[113.784,34.902],[113.9,34.895],[113.965,34.931],[114.156,34.936],[114.473,34.91],[114.681,34.928],[114.798,34.978],[114.831,35.02]],[[96.164,35.13],[96.748,35.053],[97.072,34.931]]]}},{"type":"Feature","properties":{"name":"Huang","scalerank":3},"bbox":[114.837673,35.019775,119.03566,37.823609],"geometry":{"type":"MultiLineString","coordinates":[[[114.838,35.02],[114.862,35.061],[114.866,35.145],[114.905,35.229],[115.014,35.33],[115.136,35.406],[115.272,35.459],[115.34,35.503],[115.341,35.538],[115.382,35.597],[115.463,35.681],[115.596,35.758],[115.781,35.83],[115.871,35.88],[115.866,35.91],[115.883,35.939],[115.924,35.966],[115.966,35.976],[116.036,36.071],[116.078,36.11],[116.116,36.143],[116.227,36.201],[116.451,36.339],[116.581,36.44],[116.593,36.49],[116.644,36.561],[116.735,36.656],[116.862,36.726],[117.024,36.773],[117.151,36.862],[117.24,36.994],[117.352,37.082],[117.485,37.127],[117.571,37.175],[117.608,37.228],[117.693,37.256],[117.825,37.26],[117.97,37.29],[118.128,37.347],[118.238,37.431],[118.298,37.541],[118.385,37.604],[118.498,37.619],[118.645,37.678],[118.826,37.78],[118.946,37.824],[119.036,37.809]]]}},{"type":"Feature","properties":{"name":"Ideriyn","scalerank":2},"bbox":[97.412897,47.998983,100.699621,49.263092],"geometry":{"type":"MultiLineString","coordinates":[[[98.007,47.999],[97.617,48.075],[97.452,48.141],[97.413,48.202],[97.444,48.279],[97.454,48.357],[97.443,48.435],[97.529,48.541],[97.711,48.673],[98.05,48.736],[98.547,48.73],[98.923,48.697],[99.179,48.638],[99.588,48.725],[100.152,48.958],[100.473,49.076],[100.551,49.077],[100.613,49.098],[100.659,49.139],[100.686,49.185],[100.7,49.263]]]}},{"type":"Feature","properties":{"name":"Indaiá","scalerank":4},"bbox":[-46.498913,-20.352297,-45.088715,-19.050878],"geometry":{"type":"MultiLineString","coordinates":[[[-46.499,-20.321],[-46.322,-20.352],[-46.097,-20.348],[-46.002,-20.337],[-45.961,-20.318],[-45.947,-20.296],[-45.961,-20.273],[-45.943,-20.231],[-45.896,-20.173],[-45.819,-20.14],[-45.714,-20.133],[-45.64,-20.068],[-45.598,-19.945],[-45.554,-19.87],[-45.506,-19.841],[-45.492,-19.8],[-45.513,-19.746],[-45.496,-19.688],[-45.443,-19.626],[-45.395,-19.524],[-45.352,-19.383],[-45.281,-19.284],[-45.182,-19.227],[-45.121,-19.161],[-45.089,-19.051]]]}},{"type":"Feature","properties":{"name":"Indus","scalerank":3},"bbox":[67.45395,23.84826,79.734596,35.836366],"geometry":{"type":"MultiLineString","coordinates":[[[67.86,23.903],[67.925,24.001]],[[67.646,23.92],[67.711,23.957],[67.714,24.001],[67.713,24.066]],[[67.925,24.001],[68,24.007],[68.017,23.991],[68.025,23.934],[68.042,23.892],[68.037,23.848]],[[67.925,24.001],[67.924,24.056],[67.801,24.059],[67.76,24.053],[67.713,24.066]],[[67.713,24.066],[67.661,24.105]],[[79.735,32.444],[79.43,32.745]],[[79.437,32.738],[79.341,32.881],[79.22,32.996],[79.044,33.133],[78.907,33.189],[78.809,33.165],[78.64,33.208],[78.245,33.398],[78.183,33.445],[78.152,33.493],[78.15,33.542],[78.077,33.62],[77.931,33.727],[77.792,33.857],[77.66,34.011],[77.53,34.106],[77.339,34.16],[76.967,34.288],[76.782,34.386],[76.661,34.498],[76.529,34.583],[76.388,34.639],[76.285,34.708],[76.222,34.789],[76.196,34.861],[76.209,34.924],[76.142,35.008],[75.995,35.113],[75.902,35.21],[75.863,35.297],[75.791,35.335],[75.688,35.321],[75.568,35.357],[75.431,35.443],[75.353,35.511],[75.333,35.561],[75.264,35.59],[75.145,35.598],[75.001,35.632],[74.83,35.694],[74.74,35.753],[74.73,35.812],[74.701,35.836],[74.654,35.826],[74.631,35.748],[74.632,35.601],[74.575,35.5],[74.461,35.445],[74.342,35.415],[74.22,35.408],[74.058,35.436],[73.857,35.497],[73.645,35.531],[73.423,35.538],[73.302,35.471],[73.28,35.33],[73.175,35.204],[72.986,35.093],[72.885,35.004],[72.872,34.939],[72.895,34.886],[72.955,34.845],[72.945,34.809],[72.864,34.777],[72.814,34.726],[72.782,34.623]],[[72.707,34.086],[72.652,34.032],[72.592,34.015],[72.509,34.019],[72.411,34],[72.297,33.959],[72.239,33.895],[72.236,33.809],[72.197,33.772],[72.124,33.784],[72.071,33.779],[72.038,33.757],[71.986,33.665],[71.914,33.504],[71.839,33.406],[71.762,33.372],[71.722,33.274],[71.72,33.111],[71.651,32.994],[71.516,32.923],[71.425,32.838],[71.355,32.689],[71.344,32.484],[71.273,32.311],[71.07,31.999],[70.861,31.569],[70.801,31.3],[70.829,30.92],[70.77,30.811],[70.775,30.716],[70.824,30.6],[70.83,30.485],[70.793,30.372],[70.792,30.212],[70.827,30.004],[70.792,29.825],[70.688,29.676],[70.657,29.55],[70.699,29.45],[70.702,29.353],[70.666,29.261],[70.651,29.176],[70.657,29.098],[70.612,29.023],[70.515,28.952],[70.443,28.916],[70.397,28.915],[70.287,28.835],[70.115,28.677],[69.962,28.576],[69.829,28.531],[69.715,28.444],[69.621,28.315],[69.535,28.246],[69.458,28.237],[69.409,28.212],[69.389,28.172],[69.356,28.157],[69.311,28.165],[69.249,28.141],[69.171,28.085],[69.107,28.058],[69.059,28.061],[69.026,28.04],[69.008,27.995],[68.98,27.975],[68.942,27.981],[68.929,27.955],[68.943,27.897],[68.928,27.853],[68.883,27.823],[68.884,27.792],[68.932,27.761],[68.95,27.737],[68.938,27.719],[68.826,27.678],[68.762,27.698],[68.705,27.759],[68.669,27.771],[68.654,27.731],[68.573,27.688],[68.426,27.641],[68.337,27.603],[68.307,27.572],[68.3,27.511],[68.318,27.42],[68.297,27.371],[68.239,27.366],[68.194,27.342],[68.162,27.3],[68.16,27.263],[68.188,27.231],[68.175,27.208],[68.121,27.193],[68.099,27.163],[68.109,27.117],[68.063,27.062],[67.963,26.998],[67.911,26.91],[67.905,26.742],[67.891,26.487],[67.9,26.369],[67.926,26.302],[67.982,26.243],[68.068,26.192],[68.117,26.14],[68.13,26.088],[68.202,25.999],[68.332,25.873],[68.379,25.795],[68.341,25.765],[68.348,25.728],[68.4,25.684],[68.398,25.621],[68.342,25.539],[68.323,25.444],[68.34,25.334],[68.337,25.262],[68.313,25.226],[68.319,25.192],[68.353,25.158],[68.352,25.139],[68.314,25.132],[68.286,25.089],[68.269,25.009],[68.245,24.979],[68.214,24.997],[68.183,24.973],[68.155,24.907],[68.116,24.873],[68.068,24.87],[68.025,24.76],[67.986,24.544],[67.936,24.43],[67.874,24.418],[67.85,24.396],[67.863,24.363],[67.849,24.344],[67.806,24.339],[67.796,24.318],[67.818,24.282],[67.787,24.239],[67.702,24.191],[67.659,24.146],[67.659,24.104],[67.627,24.078],[67.532,24.061],[67.454,24.04]]]}},{"type":"Feature","properties":{"name":"Irrawaddy Delta","scalerank":2},"bbox":[94.656217,15.839137,96.189095,17.907564],"geometry":{"type":"MultiLineString","coordinates":[[[94.703,16.512],[94.728,16.673],[94.744,16.783],[94.742,16.908],[94.795,17.035],[94.903,17.164],[94.954,17.257],[94.948,17.315],[94.977,17.352],[95.042,17.371],[95.12,17.472],[95.21,17.656],[95.304,17.766],[95.455,17.856],[95.482,17.88],[95.52,17.908],[95.575,17.904],[95.633,17.81],[95.694,17.625],[95.783,17.438],[95.899,17.251],[95.956,17.13],[95.952,17.074],[96.042,16.969],[96.09,16.847],[96.189,16.768]],[[95.481,16.814],[95.323,16.328],[95.237,16.133],[95.133,16.025],[95.099,15.958],[95.078,15.839]],[[95.6,16.902],[95.649,16.768],[95.719,16.709],[95.829,16.653],[95.872,16.593],[95.847,16.529],[95.845,16.478],[95.867,16.44],[95.91,16.412],[95.994,16.39],[96.043,16.34]],[[95.472,17.744],[95.406,17.718],[95.356,17.666],[95.296,17.554],[95.291,17.502],[95.323,17.468],[95.34,17.431],[95.335,17.379],[95.317,17.348],[95.276,17.323],[95.263,17.302],[95.253,17.224],[95.248,17.178],[95.213,17.144],[95.186,17.078],[95.166,16.979],[95.175,16.903],[95.213,16.852],[95.222,16.796],[95.176,16.674],[95.145,16.61],[95.107,16.574],[95.061,16.566],[95.014,16.503],[94.968,16.388],[94.907,16.288],[94.794,16.162],[94.748,16.08],[94.656,15.989]]]}},{"type":"Feature","properties":{"name":"Irtysh","scalerank":2},"bbox":[68.215092,53.985594,74.993593,61.124435],"geometry":{"type":"MultiLineString","coordinates":[[[74.994,53.986],[74.918,54.003],[74.904,54.028],[74.924,54.066],[74.872,54.128],[74.745,54.214],[74.66,54.291],[74.617,54.36],[74.558,54.4],[74.484,54.41],[74.4,54.449],[74.305,54.517],[74.125,54.586],[73.728,54.694]],[[73.722,54.694],[73.539,54.805],[73.434,54.845],[73.347,54.85],[73.318,54.888],[73.346,54.96],[73.308,55.009],[73.203,55.036],[73.157,55.097],[73.17,55.193],[73.128,55.242],[73.029,55.245],[72.993,55.266],[73.02,55.305],[73.163,55.389],[73.424,55.518],[73.662,55.618],[73.878,55.689],[74.081,55.729],[74.272,55.739],[74.469,55.833],[74.672,56.011],[74.709,56.058],[74.709,56.092],[74.676,56.126],[74.67,56.148],[74.69,56.162],[74.699,56.203],[74.681,56.264],[74.698,56.286],[74.729,56.289],[74.737,56.317],[74.721,56.337],[74.74,56.371],[74.749,56.396],[74.735,56.419],[74.706,56.427],[74.678,56.478],[74.68,56.563],[74.656,56.607],[74.606,56.609],[74.59,56.627],[74.609,56.663],[74.595,56.693],[74.577,56.717],[74.585,56.734],[74.597,56.757],[74.552,56.845],[74.511,56.893],[74.456,56.923],[74.387,56.936],[74.366,56.95],[74.334,56.988],[74.181,57.017],[74.117,57.053],[74.142,57.096],[74.119,57.133],[74.049,57.163],[73.965,57.174],[73.869,57.166],[73.77,57.179],[73.669,57.213],[73.635,57.239],[73.633,57.258],[73.599,57.272],[73.504,57.265],[73.441,57.278],[73.436,57.306],[73.371,57.327],[73.247,57.342],[73.18,57.362],[73.171,57.388],[73.113,57.408],[73.007,57.422],[72.949,57.441],[72.903,57.458],[72.867,57.447],[72.78,57.442],[72.625,57.472],[72.529,57.502],[72.492,57.52],[72.45,57.534],[72.413,57.529],[72.389,57.536],[72.334,57.565],[72.231,57.579],[71.951,57.581],[71.855,57.608],[71.82,57.63],[71.751,57.643],[71.606,57.635],[71.527,57.645],[71.515,57.674],[71.473,57.699],[71.4,57.719],[71.312,57.721],[71.209,57.704],[71.108,57.71],[71.007,57.74],[70.964,57.764],[70.92,57.765],[70.873,57.761],[70.785,57.777],[70.683,57.822],[70.615,57.821],[70.597,57.823],[70.569,57.851],[70.526,57.859],[70.468,57.847],[70.425,57.861],[70.398,57.902],[70.396,57.928],[70.373,57.957],[70.294,57.977],[70.225,57.977],[70.176,57.954],[70.137,57.959],[70.107,57.99],[70.053,58.009],[69.974,58.015],[69.877,58.001],[69.763,57.967],[69.649,57.96],[69.536,57.98],[69.48,58],[69.427,58.017],[69.316,57.995],[69.239,58],[69.197,58.032],[69.14,58.032],[69.07,58],[69,58],[68.931,58.032],[68.871,58.037],[68.818,58.014],[68.73,58.037],[68.605,58.108],[68.464,58.149],[68.226,58.168]],[[68.861,61.124],[69.011,61.019],[69.161,60.976],[69.362,60.959],[69.516,60.885],[69.623,60.755],[69.724,60.683],[69.802,60.668],[69.83,60.65],[69.836,60.621],[69.816,60.604],[69.782,60.567],[69.769,60.512],[69.801,60.463],[69.804,60.419],[69.778,60.38],[69.785,60.354],[69.825,60.342],[69.854,60.311],[69.874,60.259],[69.862,60.239],[69.821,60.237],[69.77,60.207],[69.729,60.17],[69.721,60.126],[69.738,60.095],[69.781,60.078],[69.854,60.058],[69.888,60.005],[69.866,59.943],[69.865,59.901],[69.888,59.866],[69.871,59.835],[69.82,59.839],[69.777,59.817],[69.757,59.766],[69.699,59.744],[69.601,59.75],[69.498,59.727],[69.334,59.65],[69.284,59.577],[69.223,59.555],[69.133,59.561],[69.075,59.536],[69.047,59.481],[68.997,59.452],[68.925,59.451],[68.911,59.43],[68.929,59.402],[68.905,59.354],[68.831,59.292],[68.799,59.24],[68.81,59.198],[68.843,59.173],[68.882,59.161],[68.882,59.138],[68.862,59.12],[68.854,59.084],[68.873,59.057],[68.856,59.021],[68.812,59.013],[68.801,59.002],[68.821,58.967],[68.812,58.935],[68.762,58.926],[68.749,58.9],[68.75,58.877],[68.737,58.859],[68.697,58.853],[68.689,58.827],[68.705,58.788],[68.671,58.764],[68.627,58.77],[68.569,58.753],[68.556,58.679],[68.564,58.607],[68.566,58.562],[68.549,58.521],[68.469,58.512],[68.399,58.5],[68.355,58.47],[68.331,58.431],[68.328,58.383],[68.283,58.355],[68.24,58.342],[68.219,58.328],[68.215,58.29],[68.233,58.246],[68.222,58.166]]]}},{"type":"Feature","properties":{"name":"Jinsha","scalerank":1},"bbox":[98.54151,25.981464,103.858705,31.689797],"geometry":{"type":"MultiLineString","coordinates":[[[99.399,28.12],[99.431,27.842],[99.494,27.642],[99.6,27.426],[99.727,27.246],[99.874,27.101],[99.954,26.994],[99.967,26.922],[99.996,26.904],[100.041,26.94],[100.063,27.012],[100.063,27.12],[100.109,27.221],[100.199,27.314],[100.232,27.399],[100.206,27.474],[100.219,27.554],[100.27,27.64],[100.296,27.721],[100.298,27.795],[100.33,27.834],[100.39,27.837],[100.427,27.754],[100.442,27.584],[100.472,27.484],[100.519,27.454],[100.545,27.393],[100.55,27.301],[100.523,27.238],[100.463,27.202],[100.45,27.169],[100.481,27.139],[100.486,27.05],[100.463,26.901],[100.437,26.817],[100.408,26.797],[100.411,26.691],[100.444,26.499],[100.449,26.378],[100.425,26.326],[100.428,26.279],[100.459,26.236],[100.582,26.203],[100.798,26.178],[100.961,26.211],[101.071,26.301],[101.2,26.357],[101.349,26.381],[101.447,26.442],[101.495,26.541],[101.59,26.593],[101.734,26.599],[101.841,26.554],[101.912,26.46],[101.94,26.363],[101.925,26.261],[101.899,26.193],[101.863,26.157],[101.847,26.098],[101.852,26.016],[101.912,25.981],[102.027,25.994],[102.126,26.057],[102.21,26.171],[102.331,26.266],[102.489,26.341],[102.583,26.37],[102.612,26.353],[102.622,26.324],[102.614,26.281],[102.635,26.252],[102.686,26.237],[102.753,26.263],[102.836,26.331],[102.905,26.365],[102.961,26.365],[102.99,26.395],[102.994,26.455],[103.011,26.498],[103.042,26.523],[103.018,26.633],[102.94,26.828],[102.897,27.013],[102.89,27.189],[102.903,27.313],[102.938,27.385],[102.969,27.412],[102.998,27.395],[103.046,27.398],[103.147,27.434],[103.2,27.534],[103.237,27.572],[103.276,27.583],[103.293,27.601],[103.287,27.627],[103.326,27.67],[103.41,27.73],[103.479,27.814],[103.535,27.922],[103.532,27.992],[103.471,28.026],[103.444,28.065],[103.451,28.111],[103.484,28.161],[103.589,28.25],[103.626,28.264],[103.663,28.257],[103.702,28.229],[103.762,28.243],[103.841,28.298],[103.859,28.377],[103.816,28.48],[103.809,28.565],[103.851,28.668]],[[98.542,31.69],[98.799,31.438],[98.855,31.323],[98.797,31.261],[98.738,31.252],[98.679,31.295],[98.638,31.28],[98.615,31.206],[98.653,31.125],[98.753,31.036],[98.799,30.963],[98.791,30.908],[98.831,30.842],[98.917,30.766],[98.947,30.711],[98.919,30.68],[98.943,30.477],[99.018,30.102],[99.039,29.849],[99.004,29.717],[99.014,29.551],[99.096,29.25],[99.146,28.641],[99.221,28.36],[99.399,28.126]]]}},{"type":"Feature","properties":{"name":"Kagera","scalerank":1},"bbox":[29.59347,-3.365014,31.767601,-0.935705],"geometry":{"type":"MultiLineString","coordinates":[[[29.593,-2.984],[29.827,-3.047],[29.901,-3.091],[29.895,-3.137],[29.909,-3.16],[29.943,-3.16],[29.976,-3.184],[30.021,-3.256],[29.99,-3.315],[29.99,-3.345],[30.01,-3.365],[30.105,-3.315],[30.274,-3.196],[30.391,-3.088],[30.455,-2.991],[30.47,-2.92],[30.433,-2.875],[30.424,-2.824],[30.441,-2.769],[30.53,-2.679],[30.691,-2.554],[30.774,-2.463],[30.779,-2.404],[30.798,-2.363],[30.829,-2.339],[30.855,-2.265],[30.877,-2.143],[30.865,-2.044],[30.819,-1.967],[30.807,-1.851],[30.828,-1.694],[30.813,-1.563],[30.762,-1.459],[30.711,-1.397],[30.632,-1.367],[30.508,-1.208],[30.47,-1.131],[30.477,-1.083],[30.52,-1.063],[30.599,-1.07],[30.673,-1.051],[30.742,-1.008],[30.809,-0.995],[30.874,-1.013],[30.942,-1.063],[31.012,-1.143],[31.125,-1.2],[31.28,-1.234],[31.409,-1.239],[31.512,-1.213],[31.573,-1.157],[31.594,-1.072],[31.645,-1.006],[31.768,-0.936]]]}},{"type":"Feature","properties":{"name":"Kasai","scalerank":3},"bbox":[16.190619,-11.249442,22.307042,-3.052061],"geometry":{"type":"MultiLineString","coordinates":[[[22.237,-11.249],[22.217,-11.013],[22.178,-10.892],[22.203,-10.829],[22.28,-10.784],[22.307,-10.691],[22.283,-10.552],[22.282,-10.453],[22.302,-10.397],[22.275,-10.259],[22.198,-10.041],[22.089,-9.863],[21.949,-9.726],[21.857,-9.594],[21.813,-9.469],[21.829,-9.168],[21.905,-8.693],[21.896,-8.341],[21.801,-8.112],[21.78,-7.865],[21.834,-7.602],[21.842,-7.421],[21.785,-7.275],[21.692,-7.109],[21.547,-6.964],[21.206,-6.692],[20.939,-6.535],[20.783,-6.366],[20.648,-6.134],[20.58,-5.993],[20.579,-5.943],[20.638,-5.876],[20.755,-5.793],[20.835,-5.712],[20.898,-5.596],[21.038,-5.339],[21.075,-5.102],[21.055,-4.8],[20.966,-4.611],[20.808,-4.537],[20.688,-4.455],[20.606,-4.365],[20.522,-4.309],[20.464,-4.295],[20.403,-4.3],[20.375,-4.319],[20.355,-4.362],[20.323,-4.39],[20.285,-4.39],[20.145,-4.315],[19.904,-4.162],[19.742,-4.081],[19.66,-4.072],[19.41,-3.959],[18.991,-3.743],[18.74,-3.626],[18.616,-3.601],[18.51,-3.599],[18.414,-3.551],[18.292,-3.457],[18.13,-3.412],[17.928,-3.415],[17.796,-3.391],[17.735,-3.34],[17.674,-3.313],[17.613,-3.31],[17.427,-3.234],[17.355,-3.2],[17.06,-3.059],[16.978,-3.052],[16.885,-3.073],[16.745,-3.086],[16.519,-3.07],[16.364,-3.073],[16.281,-3.097],[16.231,-3.139],[16.191,-3.194]]]}},{"type":"Feature","properties":{"name":"Kibali","scalerank":3},"bbox":[28.585987,2.333088,30.438587,3.597507],"geometry":{"type":"MultiLineString","coordinates":[[[30.371,2.333],[30.439,2.663],[30.363,2.825],[30.278,2.878],[30.159,2.876],[30.008,2.924],[29.825,3.024],[29.68,3.081],[29.571,3.094],[29.509,3.15],[29.495,3.249],[29.44,3.3],[29.347,3.303],[29.245,3.381],[29.135,3.535],[29.033,3.598],[28.938,3.568],[28.814,3.564],[28.586,3.596]]]}},{"type":"Feature","properties":{"name":"Kolyma","scalerank":4},"bbox":[145.215974,61.453975,160.856053,68.788515],"geometry":{"type":"MultiLineString","coordinates":[[[145.216,61.856],[145.606,61.899],[145.801,61.877],[145.943,61.839],[146.096,61.78],[146.23,61.697],[146.344,61.59],[146.486,61.509],[146.657,61.455],[146.812,61.454],[146.95,61.508],[147.052,61.522],[147.119,61.497],[147.225,61.52],[147.371,61.59],[147.433,61.708],[147.412,61.873],[147.355,61.985],[147.26,62.045],[147.255,62.14],[147.342,62.271],[147.464,62.331],[147.624,62.32],[147.718,62.299],[147.747,62.266],[147.816,62.243],[147.924,62.229],[148.025,62.18],[148.12,62.095],[148.244,62.075],[148.397,62.119],[148.524,62.107],[148.625,62.037],[148.663,61.98],[148.622,61.913],[148.727,61.785],[148.747,61.729],[148.718,61.704],[148.722,61.68],[148.758,61.659],[148.859,61.666],[149.027,61.7],[149.2,61.699],[149.379,61.66],[149.501,61.674],[149.566,61.741],[149.601,61.802],[149.606,61.859],[149.656,61.897],[149.752,61.917],[149.81,61.943],[149.83,61.976],[149.915,62.02],[150.064,62.075],[150.19,62.092],[150.292,62.072],[150.429,62.088],[150.601,62.141],[150.714,62.197],[150.766,62.257],[150.8,62.341],[150.817,62.449],[150.804,62.533],[150.763,62.593],[150.777,62.639],[150.845,62.672],[151.056,62.665],[151.41,62.619],[151.618,62.559],[151.682,62.486],[151.742,62.454],[151.798,62.462],[151.865,62.499],[151.942,62.565],[151.992,62.556],[152.015,62.471],[152.084,62.427],[152.201,62.425],[152.271,62.435],[152.293,62.458],[152.292,62.488],[152.27,62.525],[152.326,62.608],[152.462,62.736],[152.505,62.823],[152.456,62.87],[152.461,62.929],[152.521,63],[152.543,63.063],[152.53,63.118],[152.543,63.162],[152.584,63.194],[152.598,63.244],[152.583,63.312],[152.65,63.361],[152.798,63.394],[152.908,63.456],[152.982,63.549],[153.158,63.67],[153.437,63.819],[153.664,63.902],[153.841,63.917],[154.057,63.96],[154.315,64.033],[154.468,64.088],[154.517,64.127],[154.542,64.168],[154.542,64.213],[154.498,64.224],[154.41,64.203],[154.372,64.227],[154.383,64.295],[154.317,64.354],[154.175,64.406],[154.08,64.512],[154.031,64.671],[153.835,64.734],[153.493,64.701],[153.222,64.716],[153.022,64.779],[152.818,64.813],[152.611,64.817],[152.487,64.839],[152.447,64.879],[152.327,64.925],[152.127,64.98],[151.964,65.042],[151.837,65.113],[151.768,65.164],[151.758,65.195],[151.703,65.22],[151.606,65.237],[151.549,65.265],[151.534,65.303],[151.497,65.331],[151.439,65.349],[151.343,65.415],[151.21,65.532],[151.145,65.603],[151.15,65.628],[151.059,65.69],[150.873,65.788],[150.768,65.887],[150.744,65.986],[150.755,66.04],[150.777,66.061],[150.785,66.088],[150.773,66.129],[150.798,66.149],[150.944,66.139],[151.037,66.162],[151.08,66.223],[151.105,66.235],[151.148,66.235],[151.254,66.211],[151.374,66.216],[151.509,66.25],[151.596,66.256],[151.634,66.232],[151.654,66.241],[151.654,66.285],[151.692,66.332],[151.77,66.382],[151.798,66.421],[151.778,66.447],[151.921,66.503],[152.4,66.647],[152.439,66.673],[152.434,66.702],[152.385,66.732],[152.392,66.751],[152.455,66.758],[152.538,66.806],[152.64,66.896],[152.768,66.964],[152.922,67.012],[153.007,67.061],[153.025,67.109],[153.18,67.151],[153.473,67.186],[153.625,67.214],[153.635,67.234],[153.6,67.278],[153.52,67.346],[153.535,67.407],[153.644,67.463],[154.088,67.534],[154.865,67.62],[155.354,67.646],[155.555,67.614],[155.804,67.61],[156.101,67.636],[156.217,67.657],[156.247,67.671],[156.25,67.692],[156.282,67.717],[156.348,67.736],[156.354,67.753],[156.336,67.775],[156.2,67.819],[156.132,67.874],[156.132,67.918],[156.146,67.944],[156.256,67.961],[156.502,67.937],[156.667,67.939],[156.793,67.982],[157.432,68.093],[157.654,68.175],[157.671,68.265],[157.772,68.36],[157.956,68.46],[158.019,68.545],[157.963,68.616],[158.015,68.656],[158.175,68.666],[158.318,68.705],[158.446,68.771],[158.549,68.789],[158.667,68.741],[159.059,68.774],[159.157,68.783],[159.19,68.768],[159.192,68.735],[159.179,68.694],[159.215,68.67],[159.395,68.632],[160.127,68.54],[160.559,68.512],[160.679,68.542],[160.856,68.538]]]}},{"type":"Feature","properties":{"name":"Kyzyl-Khem","scalerank":4},"bbox":[95.780025,51.294983,98.000251,51.518742],"geometry":{"type":"MultiLineString","coordinates":[[[98,51.514],[97.879,51.519],[97.703,51.48],[97.298,51.36],[96.524,51.346],[96.235,51.356],[96.174,51.383],[96.099,51.383],[95.965,51.342],[95.78,51.295]]]}},{"type":"Feature","properties":{"name":"La Grande Rivière","scalerank":4},"bbox":[-78.945693,53.406456,-70.361979,53.915934],"geometry":{"type":"MultiLineString","coordinates":[[[-70.48,53.406],[-70.42,53.408],[-70.387,53.435],[-70.362,53.487],[-70.473,53.492],[-70.845,53.428]],[[-71.117,53.591],[-71.277,53.664],[-71.452,53.678],[-71.816,53.646]],[[-72.036,53.598],[-72.094,53.602],[-72.102,53.616],[-72.078,53.64],[-72.082,53.655],[-72.113,53.659],[-72.28,53.621],[-72.35,53.63],[-72.389,53.675],[-72.503,53.691],[-72.692,53.679],[-72.727,53.704],[-72.852,53.765],[-73.143,53.866],[-73.328,53.916],[-73.407,53.914],[-73.536,53.877],[-73.714,53.805],[-73.962,53.748],[-74.439,53.684]],[[-77.42,53.798],[-77.626,53.82],[-77.826,53.806],[-78.088,53.764],[-78.39,53.762],[-78.901,53.817],[-78.924,53.823],[-78.946,53.832]]]}},{"type":"Feature","properties":{"name":"Lancang","scalerank":2},"bbox":[96.941298,17.820515,102.232551,31.965543],"geometry":{"type":"MultiLineString","coordinates":[[[96.941,31.966],[97.055,31.692],[97.121,31.577],[97.175,31.528],[97.207,31.463],[97.215,31.381],[97.204,31.325],[97.173,31.296],[97.168,31.233],[97.188,31.134],[97.243,31.05],[97.332,30.979],[97.377,30.89],[97.378,30.785],[97.495,30.618],[97.846,30.278],[97.963,30.162],[98.037,30.046],[98.109,29.89],[98.161,29.81],[98.194,29.806],[98.242,29.763],[98.307,29.68],[98.363,29.568],[98.411,29.427],[98.484,29.307],[98.582,29.209],[98.619,29.126],[98.595,29.058],[98.593,29.009],[98.624,28.963],[98.67,28.772],[98.727,28.632],[98.809,28.478],[98.863,28.304],[98.889,28.109],[98.938,27.959],[99.012,27.856],[99.036,27.768],[99.01,27.695],[99.005,27.623],[99.028,27.516],[99.088,27.377],[99.104,27.308],[99.094,27.265],[99.11,27.215],[99.151,27.16],[99.175,27.071],[99.182,26.948],[99.165,26.801],[99.124,26.632],[99.114,26.531],[99.135,26.498],[99.141,26.38],[99.134,26.176],[99.139,26.021],[99.157,25.918],[99.213,25.792],[99.31,25.644],[99.341,25.521],[99.308,25.423],[99.341,25.315],[99.44,25.198],[99.525,25.129],[99.599,25.109],[99.7,25.017],[99.828,24.853],[99.939,24.762],[100.031,24.743],[100.087,24.718],[100.106,24.687],[100.14,24.69],[100.187,24.727],[100.251,24.747],[100.332,24.75],[100.418,24.682],[100.511,24.545],[100.548,24.388],[100.529,24.211],[100.485,24.108],[100.416,24.078],[100.388,24.026],[100.401,23.953],[100.356,23.854],[100.252,23.73],[100.185,23.62],[100.139,23.473],[100.067,23.278],[100.106,23.149],[100.233,23.023],[100.313,22.887],[100.347,22.744],[100.415,22.636],[100.517,22.563],[100.567,22.502],[100.565,22.451],[100.588,22.398],[100.636,22.343],[100.647,22.306],[100.622,22.288],[100.632,22.268],[100.677,22.247],[100.705,22.205],[100.715,22.141],[100.77,22.047],[100.869,21.923],[100.984,21.845],[101.115,21.813],[101.166,21.789],[101.134,21.774],[101.128,21.705],[101.147,21.582],[101.08,21.469],[100.928,21.366],[100.82,21.314],[100.757,21.313],[100.703,21.251],[100.659,21.13],[100.614,21.059],[100.567,21.038],[100.536,20.992],[100.522,20.922],[100.549,20.884],[100.618,20.879],[100.623,20.86],[100.565,20.825],[100.493,20.813],[100.407,20.823],[100.326,20.796],[100.249,20.73],[100.184,20.589],[100.13,20.372],[100.115,20.258],[100.14,20.245],[100.174,20.273],[100.218,20.34],[100.266,20.377],[100.318,20.386],[100.373,20.34],[100.432,20.241],[100.492,20.184],[100.553,20.17],[100.589,20.073],[100.597,19.893],[100.653,19.825],[100.755,19.87],[100.857,19.878],[100.959,19.849],[101.037,19.848],[101.091,19.875],[101.153,19.872],[101.223,19.838],[101.333,19.822],[101.484,19.823],[101.699,19.89],[101.979,20.022],[102.137,20.087],[102.173,20.083],[102.205,20.058],[102.233,20.011],[102.141,19.903],[101.93,19.734],[101.823,19.604],[101.822,19.513],[101.842,19.451],[101.885,19.419],[101.886,19.372],[101.845,19.31],[101.819,19.181],[101.808,18.984],[101.816,18.855],[101.841,18.794],[101.826,18.698],[101.77,18.568],[101.658,18.422],[101.488,18.262],[101.408,18.119],[101.419,17.992],[101.459,17.902],[101.564,17.821]]]}},{"type":"Feature","properties":{"name":"Lek","scalerank":4},"bbox":[4.084847,51.896264,5.331075,51.994088],"geometry":{"type":"MultiLineString","coordinates":[[[5.331,51.963],[5.161,51.994],[4.999,51.977],[4.787,51.925],[4.596,51.898],[4.426,51.896],[4.28,51.919],[4.085,51.994]]]}},{"type":"Feature","properties":{"name":"Lena","scalerank":1},"bbox":[105.069897,53.844827,130.051318,72.294399],"geometry":{"type":"MultiLineString","coordinates":[[[120.648,60.403],[120.343,60.396],[120.184,60.35],[120.069,60.262],[119.874,60.229],[119.599,60.252],[119.355,60.191],[119.142,60.046],[118.959,59.966],[118.805,59.949],[118.678,59.917],[118.575,59.87],[118.51,59.824],[118.482,59.778],[118.42,59.745],[118.323,59.725],[117.998,59.805],[117.447,59.986],[117.129,60.134],[117.046,60.249],[116.964,60.331],[116.884,60.381],[116.669,60.439],[116.321,60.505],[116.031,60.598],[115.798,60.717],[115.503,60.775],[115.146,60.773],[114.893,60.745],[114.743,60.692],[114.549,60.567],[114.311,60.369],[114.137,60.26],[114.029,60.241],[113.823,60.125],[113.519,59.912],[113.24,59.779],[112.983,59.728],[112.836,59.674],[112.798,59.618],[112.745,59.578],[112.643,59.545],[112.543,59.363],[112.394,59.274],[112.161,59.215],[112.01,59.197],[111.942,59.218],[111.846,59.187],[111.723,59.104],[111.549,59.019],[111.323,58.93],[111.202,58.847],[111.186,58.769],[111.117,58.739],[110.993,58.758],[110.949,58.746],[110.929,58.71],[110.805,58.659],[110.56,58.662],[110.282,58.645],[109.97,58.606],[109.798,58.539],[109.764,58.445],[109.694,58.359],[109.587,58.279],[109.498,58.231],[109.427,58.215],[109.341,58.225],[109.239,58.261],[109.154,58.275],[109.085,58.264],[108.94,58.21],[108.721,58.113],[108.606,58.044],[108.594,58.001],[108.553,57.972],[108.482,57.956],[108.409,57.907],[108.332,57.825],[108.229,57.785],[108.1,57.787],[108.034,57.759],[108.029,57.702],[107.957,57.659],[107.904,57.635],[107.894,57.61],[107.918,57.57],[107.872,57.523],[107.697,57.438],[107.619,57.408],[107.593,57.386],[107.584,57.357],[107.565,57.343],[107.519,57.346],[107.487,57.329],[107.471,57.292],[107.415,57.271],[107.318,57.264],[107.251,57.276],[107.213,57.308],[107.149,57.326],[107.059,57.328],[106.989,57.31],[106.937,57.27],[106.918,57.232],[106.93,57.196],[106.912,57.146],[106.865,57.083],[106.747,57.043],[106.558,57.026],[106.425,57.028],[106.348,57.051],[106.256,57.011],[106.15,56.909],[105.986,56.833],[105.764,56.783],[105.672,56.742],[105.712,56.711],[105.831,56.696],[106.031,56.698],[106.173,56.671],[106.256,56.617],[106.292,56.56],[106.281,56.501],[106.25,56.451],[106.201,56.411],[106.058,56.366],[105.822,56.316],[105.695,56.266],[105.676,56.217],[105.718,56.152],[105.821,56.07],[105.852,55.976],[105.811,55.869],[105.731,55.755],[105.613,55.633],[105.52,55.49],[105.45,55.326],[105.331,55.197],[105.163,55.103],[105.076,55.008],[105.07,54.913],[105.108,54.85],[105.19,54.82],[105.234,54.754],[105.241,54.649],[105.224,54.55],[105.185,54.456],[105.221,54.384],[105.332,54.334],[105.457,54.238],[105.665,54.022],[105.806,54.006],[105.873,53.973],[105.913,53.916],[105.974,53.878],[106.056,53.858],[106.305,53.857],[106.927,53.884],[106.996,53.85],[107.053,53.845],[107.119,53.858],[107.159,53.894],[107.171,53.952],[107.234,53.999],[107.347,54.036],[107.456,54.105],[107.562,54.205],[107.657,54.265],[107.783,54.294],[108.021,54.246],[108.107,54.2],[108.118,54.138],[108.088,54.082],[107.98,54.004]],[[126.69,72.294],[126.897,72.05],[127.02,71.946],[127.127,71.899],[127.168,71.845],[127.142,71.784],[127.162,71.683],[127.229,71.542],[127.258,71.412],[127.25,71.294],[127.317,71.184],[127.459,71.082],[127.507,70.999],[127.46,70.934],[127.472,70.879],[127.414,70.742],[127.091,70.606],[126.789,70.541],[126.509,70.545],[126.231,70.527],[125.954,70.487],[125.801,70.449],[125.77,70.414],[125.833,70.367],[125.99,70.309],[126.019,70.235],[125.919,70.145],[125.773,70.069],[125.485,69.974],[125.201,69.904],[125.079,69.826],[125.023,69.716],[124.902,69.58],[124.722,69.4],[124.622,69.336],[124.251,69.181],[124.094,69.097],[124.026,69.03],[123.985,68.926],[123.971,68.785],[123.927,68.634],[123.853,68.474],[123.774,68.349],[123.689,68.259],[123.535,68.173],[123.31,68.092],[123.15,67.929],[123.057,67.685],[123.095,67.455],[123.263,67.237],[123.398,66.997],[123.5,66.737],[123.588,66.581],[123.697,66.503],[123.738,66.461],[123.876,66.198],[124.028,66.022],[124.211,65.873],[124.285,65.733],[124.251,65.602],[124.268,65.504],[124.337,65.441],[124.374,65.379],[124.377,65.316],[124.408,65.252],[124.466,65.184],[124.593,65.098],[124.79,64.992],[124.954,64.931],[125.085,64.916],[125.22,64.879],[125.359,64.818],[125.454,64.747],[125.503,64.665],[125.744,64.575],[126.175,64.478],[126.423,64.403],[126.506,64.378],[126.853,64.224],[127.292,63.965],[127.586,63.843],[127.88,63.772],[128.078,63.697],[128.178,63.618],[128.291,63.561],[128.417,63.527],[128.641,63.516],[128.963,63.528],[129.188,63.523],[129.38,63.49],[129.586,63.305],[129.637,63.199],[129.603,63.11],[129.622,63.034],[129.695,62.971],[129.764,62.858],[129.828,62.696],[129.909,62.569],[130.009,62.479],[130.051,62.396],[130.037,62.322],[129.997,62.27],[129.934,62.24],[129.892,62.16],[129.873,62.031],[129.788,61.893],[129.638,61.748],[129.476,61.631],[129.216,61.499],[128.751,61.323],[128.481,61.266],[128.249,61.269],[127.893,61.228],[127.413,61.142],[127.047,61.103],[126.796,61.112],[126.554,61.101],[126.322,61.071],[126.097,61.014],[125.881,60.931],[125.578,60.857],[124.995,60.758],[124.893,60.71],[124.73,60.688],[124.473,60.675],[124.279,60.646],[124.147,60.599],[123.552,60.576],[122.297,60.575],[121.653,60.598],[121.425,60.643],[121.162,60.622],[120.864,60.537],[120.7,60.473],[120.654,60.407]]]}},{"type":"Feature","properties":{"name":"Lualaba","scalerank":2},"bbox":[25.413054,-11.7429,26.441311,-8.272001],"geometry":{"type":"MultiLineString","coordinates":[[[26.249,-11.743],[26.166,-11.672],[26.119,-11.658],[26.08,-11.678],[26.03,-11.68],[25.938,-11.653],[25.886,-11.623],[25.84,-11.547],[25.782,-11.417],[25.715,-11.331],[25.639,-11.29],[25.602,-11.247],[25.604,-11.2],[25.59,-11.169],[25.56,-11.153],[25.552,-11.114],[25.566,-11.054],[25.611,-11.005],[25.684,-10.969],[25.726,-10.878],[25.735,-10.731],[25.696,-10.607],[25.61,-10.507],[25.541,-10.467],[25.49,-10.486],[25.449,-10.485],[25.417,-10.462],[25.414,-10.407],[25.441,-10.319],[25.44,-10.23],[25.413,-10.137],[25.441,-10.036],[25.525,-9.926],[25.547,-9.811],[25.506,-9.691],[25.489,-9.587],[25.502,-9.455],[25.561,-9.266],[25.611,-9.229],[25.67,-9.278],[25.729,-9.276],[25.786,-9.221],[25.843,-9.197],[25.901,-9.204],[25.966,-9.137],[26.037,-8.996],[26.058,-8.881],[26.031,-8.792],[26.086,-8.705],[26.223,-8.621],[26.284,-8.544],[26.268,-8.474],[26.282,-8.42],[26.326,-8.383],[26.346,-8.347],[26.341,-8.313],[26.364,-8.29],[26.441,-8.272]]]}},{"type":"Feature","properties":{"name":"Lualaba","scalerank":2},"bbox":[24.292295,-5.610252,27.013886,0.78171],"geometry":{"type":"MultiLineString","coordinates":[[[26.93,-5.61],[27.003,-5.378],[27.014,-5.286],[26.988,-5.256],[26.959,-5.123],[26.927,-4.885],[26.879,-4.731],[26.813,-4.662],[26.652,-4.55],[26.395,-4.397],[26.199,-4.25],[26.065,-4.11],[26.012,-3.958],[26.04,-3.796],[26.013,-3.649],[25.93,-3.519],[25.904,-3.363],[25.935,-3.18],[25.949,-3.023],[25.946,-2.89],[25.927,-2.804],[25.876,-2.745]],[[25.876,-2.752],[25.788,-2.457],[25.785,-2.113],[25.837,-1.623],[25.818,-1.286],[25.682,-1.012],[25.534,-0.816],[25.465,-0.682],[25.423,-0.545],[25.443,-0.386],[25.525,-0.204],[25.554,-0.036],[25.529,0.121],[25.489,0.235],[25.409,0.346],[25.255,0.459],[25.136,0.507],[24.934,0.539],[24.791,0.577],[24.69,0.628],[24.584,0.705],[24.472,0.753],[24.292,0.782]]]}},{"type":"Feature","properties":{"name":"Mackenzie","scalerank":2},"bbox":[-135.637969,61.2482,-117.668109,69.323831],"geometry":{"type":"MultiLineString","coordinates":[[[-117.668,61.308],[-117.706,61.367],[-117.86,61.415],[-118.143,61.47],[-118.323,61.455],[-118.402,61.369],[-118.7,61.3],[-119.22,61.248],[-119.773,61.304],[-120.36,61.468],[-120.673,61.567],[-120.714,61.603],[-120.718,61.648],[-120.686,61.704],[-120.684,61.752],[-120.713,61.792],[-120.868,61.821],[-121.148,61.839],[-121.28,61.864],[-121.363,61.88],[-121.589,61.974],[-122.235,62.118],[-122.603,62.167],[-122.906,62.17],[-123.139,62.204],[-123.388,62.31],[-123.402,62.326],[-123.356,62.405],[-123.25,62.548],[-123.204,62.709],[-123.218,62.889],[-123.254,63.024],[-123.311,63.113],[-123.419,63.199],[-123.577,63.28],[-123.683,63.379],[-123.736,63.493],[-123.83,63.63],[-123.966,63.79],[-124.084,63.897],[-124.183,63.952],[-124.266,63.978],[-124.333,63.977],[-124.39,63.999],[-124.438,64.046],[-124.451,64.104],[-124.429,64.174],[-124.448,64.232],[-124.506,64.278],[-124.584,64.311],[-124.682,64.333],[-124.789,64.405],[-124.906,64.526],[-124.947,64.615],[-124.912,64.671],[-124.943,64.707],[-125.039,64.724],[-125.109,64.764],[-125.153,64.826],[-125.375,64.875],[-125.619,64.895],[-125.775,64.908],[-126.027,64.956],[-126.182,65.049],[-126.459,65.177],[-126.646,65.238],[-126.929,65.291],[-127.061,65.295],[-127.337,65.375],[-128.03,65.608],[-128.401,65.62],[-128.588,65.643],[-128.715,65.681],[-128.75,65.739],[-128.817,65.791],[-128.97,65.867],[-129.065,65.95],[-129.102,66.04],[-129.093,66.109],[-129.038,66.155],[-128.923,66.202],[-128.748,66.251],[-128.666,66.292],[-128.678,66.327],[-128.745,66.358],[-128.867,66.385],[-129.089,66.48],[-129.411,66.644],[-129.699,66.75],[-129.955,66.797],[-130.118,66.86],[-130.189,66.941],[-130.236,67.046],[-130.26,67.174],[-130.306,67.258],[-130.375,67.296],[-130.496,67.325],[-130.705,67.34],[-130.759,67.354],[-130.808,67.374],[-130.882,67.42],[-130.956,67.461],[-131.16,67.489],[-131.437,67.473],[-131.907,67.403],[-132.569,67.278],[-133.02,67.245],[-133.26,67.304],[-133.433,67.371],[-133.539,67.444],[-133.64,67.479],[-133.737,67.477],[-133.887,67.526],[-134.091,67.625],[-134.199,67.718],[-134.212,67.803],[-134.277,67.889],[-134.394,67.976],[-134.448,68.073],[-134.44,68.177],[-134.409,68.231],[-134.366,68.292],[-134.33,68.314],[-134.272,68.318],[-134.199,68.345],[-134.125,68.392],[-134.099,68.429],[-134.075,68.517],[-134.103,68.576],[-134.244,68.706]],[[-134.244,68.706],[-134.391,68.706],[-134.539,68.77],[-134.836,68.964]],[[-134.244,68.706],[-134.545,68.919],[-134.626,69.017],[-134.586,69.071],[-134.503,69.111],[-134.313,69.154],[-134.245,69.192],[-134.174,69.253]],[[-134.836,68.964],[-135.034,68.908],[-135.131,68.903],[-135.195,68.93],[-135.322,68.936],[-135.606,68.911],[-135.638,68.892]],[[-134.836,68.964],[-135.037,69.062],[-135.076,69.11],[-135.02,69.139],[-135.039,69.181],[-135.183,69.263],[-135.255,69.324]]]}},{"type":"Feature","properties":{"name":"Madeira","scalerank":3},"bbox":[-65.42166,-10.392285,-58.689048,-3.342328],"geometry":{"type":"MultiLineString","coordinates":[[[-65.395,-10.392],[-65.313,-10.253],[-65.299,-10.147],[-65.325,-10.027],[-65.328,-9.936],[-65.309,-9.873],[-65.338,-9.79],[-65.414,-9.689],[-65.422,-9.611],[-65.361,-9.556],[-65.233,-9.546],[-65.038,-9.581],[-64.914,-9.583],[-64.863,-9.554],[-64.833,-9.499],[-64.827,-9.416],[-64.802,-9.372],[-64.759,-9.367],[-64.701,-9.32],[-64.627,-9.231],[-64.534,-9.185],[-64.423,-9.181],[-64.341,-9.138],[-64.287,-9.056],[-64.216,-9.002],[-64.127,-8.976],[-64.08,-8.937],[-64.075,-8.884],[-64.035,-8.832],[-63.96,-8.783],[-63.919,-8.729],[-63.913,-8.672],[-63.849,-8.619],[-63.728,-8.572],[-63.636,-8.556],[-63.571,-8.571],[-63.547,-8.555],[-63.562,-8.507],[-63.545,-8.466],[-63.495,-8.432],[-63.438,-8.358],[-63.343,-8.186],[-63.245,-8.215],[-63.131,-8.177],[-62.888,-8.034],[-62.867,-7.945],[-62.9,-7.803],[-62.98,-7.577],[-62.98,-7.351],[-62.898,-7.123],[-62.824,-7.004],[-62.757,-6.994],[-62.688,-6.934],[-62.615,-6.823],[-62.529,-6.762],[-62.429,-6.752],[-62.367,-6.723],[-62.344,-6.675],[-62.344,-6.634],[-62.367,-6.598],[-62.348,-6.538],[-62.288,-6.454],[-62.25,-6.367],[-62.234,-6.278],[-62.184,-6.23],[-62.126,-6.222],[-62.092,-6.218],[-62.058,-6.22],[-61.905,-6.236],[-61.844,-6.21],[-61.827,-6.147],[-61.78,-6.086],[-61.706,-6.026],[-61.668,-5.973],[-61.668,-5.927],[-61.648,-5.901],[-61.609,-5.896],[-61.599,-5.881],[-61.62,-5.856],[-61.549,-5.838],[-61.385,-5.827],[-61.289,-5.781],[-61.258,-5.699],[-61.117,-5.615],[-60.865,-5.529],[-60.734,-5.448],[-60.725,-5.37],[-60.647,-5.293],[-60.529,-5.23],[-60.459,-5.199],[-60.425,-5.176],[-60.388,-5.147],[-60.362,-5.103],[-60.26,-4.977],[-60.171,-4.913],[-60.105,-4.917],[-60.037,-4.897],[-59.966,-4.851],[-59.931,-4.791],[-59.931,-4.714],[-59.914,-4.671],[-59.883,-4.595],[-59.786,-4.432],[-59.699,-4.367],[-59.648,-4.364],[-59.603,-4.37],[-59.574,-4.366],[-59.548,-4.357],[-59.521,-4.342],[-59.489,-4.318],[-59.427,-4.25],[-59.362,-4.156],[-59.328,-4.045],[-59.253,-3.952],[-59.138,-3.875],[-59.083,-3.798],[-59.09,-3.72],[-58.997,-3.596],[-58.689,-3.342]]]}},{"type":"Feature","properties":{"name":"Madison","scalerank":1},"bbox":[-111.718576,44.652985,-110.7437,46.360375],"geometry":{"type":"MultiLineString","coordinates":[[[-110.744,44.727],[-110.859,44.668],[-110.933,44.653],[-111.004,44.662],[-111.054,44.689],[-111.091,44.747],[-111.1,44.757]],[[-111.309,44.868],[-111.329,44.867],[-111.406,44.843],[-111.477,44.852],[-111.553,44.892],[-111.626,44.988],[-111.694,45.141],[-111.719,45.263],[-111.701,45.354],[-111.646,45.458],[-111.553,45.573],[-111.493,45.722],[-111.464,45.904],[-111.43,46.025],[-111.39,46.085],[-111.406,46.177],[-111.516,46.36]]]}},{"type":"Feature","properties":{"name":"Magdalena","scalerank":4},"bbox":[-76.50734,1.896086,-73.765234,11.10971],"geometry":{"type":"MultiLineString","coordinates":[[[-76.507,1.943],[-76.281,1.896],[-76.179,1.898],[-76.097,1.948],[-75.791,2.118],[-75.69,2.198],[-75.692,2.246],[-75.662,2.297],[-75.599,2.352],[-75.572,2.401],[-75.583,2.446],[-75.518,2.57],[-75.376,2.774],[-75.292,2.981],[-75.266,3.19],[-75.159,3.461],[-74.971,3.793],[-74.858,4.038],[-74.82,4.194],[-74.824,4.274],[-74.869,4.278],[-74.861,4.422],[-74.771,4.848],[-74.756,5.189],[-74.723,5.367],[-74.668,5.498],[-74.646,5.615],[-74.657,5.72],[-74.641,5.829],[-74.596,5.944],[-74.576,6.055],[-74.579,6.162],[-74.531,6.265],[-74.433,6.363],[-74.385,6.465],[-74.386,6.573],[-74.317,6.667],[-74.178,6.749],[-74.053,6.848],[-73.943,6.962],[-73.9,7.078],[-73.925,7.195],[-73.907,7.385],[-73.846,7.648],[-73.83,7.846],[-73.858,7.979],[-73.852,8.071],[-73.79,8.15]],[[-73.796,8.15],[-73.765,8.329],[-73.784,8.535],[-73.843,8.827],[-73.942,8.992],[-74.083,9.03],[-74.223,9.104],[-74.361,9.213],[-74.456,9.261],[-74.507,9.249],[-74.559,9.278],[-74.611,9.347],[-74.663,9.391],[-74.742,9.418],[-74.786,9.441],[-74.795,9.494],[-74.786,9.586],[-74.806,9.691],[-74.854,9.81],[-74.86,9.909],[-74.823,9.986],[-74.84,10.06],[-74.912,10.13],[-74.892,10.275],[-74.781,10.495],[-74.727,10.684],[-74.728,10.841],[-74.761,10.972],[-74.845,11.11]]]}},{"type":"Feature","properties":{"name":"Malyy Yenisey","scalerank":4},"bbox":[94.464756,51.294983,95.780025,51.73369],"geometry":{"type":"MultiLineString","coordinates":[[[95.78,51.295],[95.558,51.476],[95.23,51.585],[94.465,51.734]]]}},{"type":"Feature","properties":{"name":"Mamoré","scalerank":3},"bbox":[-65.304122,-15.859755,-64.663774,-11.913174],"geometry":{"type":"MultiLineString","coordinates":[[[-64.664,-15.86],[-64.72,-15.799],[-64.769,-15.676],[-64.828,-15.469],[-64.89,-15.323],[-64.954,-15.237],[-64.998,-15.157],[-65.021,-15.083],[-65.02,-15.025],[-64.996,-14.981],[-65.017,-14.892],[-65.082,-14.756],[-65.087,-14.717],[-65.066,-14.697],[-65.025,-14.615],[-64.978,-14.446],[-64.976,-14.327],[-65.019,-14.257],[-65.038,-14.199],[-65.034,-14.153],[-65.062,-14.086],[-65.121,-13.997],[-65.167,-13.952],[-65.199,-13.949],[-65.211,-13.917],[-65.201,-13.855],[-65.232,-13.781],[-65.304,-13.694],[-65.302,-13.533],[-65.226,-13.299],[-65.191,-13.204],[-65.183,-13.144],[-65.137,-13.112],[-65.118,-13.053],[-65.099,-13.022],[-65.056,-12.998],[-65.029,-12.937],[-65.017,-12.839],[-65.053,-12.694],[-65.137,-12.501],[-65.169,-12.39],[-65.15,-12.361],[-65.151,-12.335],[-65.171,-12.311],[-65.169,-12.292],[-65.142,-12.268],[-65.145,-12.235],[-65.173,-12.165],[-65.155,-12.126],[-65.122,-12.111],[-65.114,-12.081],[-65.126,-12.027],[-65.114,-11.986],[-65.061,-11.955],[-65.031,-11.913]]]}},{"type":"Feature","properties":{"name":"Maquan","scalerank":2},"bbox":[82.40048,29.126284,87.66021,30.411477],"geometry":{"type":"MultiLineString","coordinates":[[[82.4,30.411],[82.723,30.365],[82.825,30.371],[82.886,30.336],[82.939,30.261],[83.164,30.126],[83.761,29.833],[83.925,29.761],[83.983,29.711],[83.987,29.659],[84.014,29.617],[84.063,29.586],[84.189,29.555],[84.392,29.525],[84.501,29.452],[84.517,29.335],[84.634,29.254],[84.854,29.209],[85.014,29.221],[85.115,29.291],[85.226,29.313],[85.409,29.274],[85.592,29.204],[85.867,29.195],[86.295,29.225],[86.734,29.209],[87.184,29.148],[87.472,29.126],[87.66,29.152]]]}},{"type":"Feature","properties":{"name":"Mekong","scalerank":2},"bbox":[101.563651,10.000734,106.136395,18.42332],"geometry":{"type":"MultiLineString","coordinates":[[[104.951,11.591],[104.951,11.508],[104.976,11.472],[105.026,11.453],[105.041,11.428],[105.023,11.395],[105.044,11.212],[105.105,10.879],[105.311,10.535],[105.831,10.001]],[[104.951,11.591],[105.181,11.446],[105.266,11.356],[105.282,11.274],[105.266,11.18],[105.218,11.075],[105.199,10.978],[105.21,10.89],[105.249,10.825],[105.315,10.785],[105.358,10.723],[105.377,10.641],[105.49,10.529],[105.697,10.39],[105.879,10.299],[105.931,10.284],[106.136,10.222]],[[101.564,17.821],[101.687,17.889],[101.744,17.953],[101.775,18.033],[101.819,18.065],[101.875,18.046],[101.947,18.081],[102.035,18.17],[102.101,18.211],[102.148,18.204],[102.232,18.149],[102.352,18.046],[102.459,17.985],[102.553,17.965],[102.598,17.927],[102.596,17.87],[102.617,17.833],[102.661,17.818],[102.68,17.824],[102.675,17.852],[102.718,17.892],[102.807,17.946],[102.899,17.977],[102.991,17.986],[103.051,18.029],[103.091,18.138]],[[103.09,18.137],[103.091,18.138]],[[103.091,18.138],[103.092,18.141]],[[103.091,18.138],[103.149,18.222],[103.2,18.259],[103.263,18.278],[103.28,18.305],[103.249,18.339],[103.252,18.373],[103.288,18.408],[103.367,18.423],[103.488,18.418],[103.63,18.383],[103.792,18.316],[103.899,18.295],[103.95,18.319],[104.049,18.217],[104.196,17.988],[104.323,17.816],[104.428,17.699],[104.539,17.609],[104.656,17.547],[104.74,17.462],[104.816,17.3],[104.759,17.077],[104.744,16.884],[104.751,16.648],[104.819,16.466],[104.95,16.34],[105.026,16.238],[105.047,16.16],[105.149,16.094],[105.331,16.038],[105.406,15.987],[105.376,15.942],[105.373,15.89],[105.399,15.83],[105.462,15.78],[105.562,15.741],[105.622,15.7],[105.641,15.657],[105.639,15.586],[105.616,15.488],[105.574,15.413],[105.513,15.361],[105.52,15.331],[105.595,15.324],[105.666,15.273],[105.782,15.121],[105.868,15.033],[105.907,14.944],[105.926,14.826],[105.915,14.713],[105.873,14.606],[105.86,14.495],[105.873,14.38],[105.864,14.267],[105.832,14.158],[105.855,14.07],[105.934,14.005],[105.981,13.948],[105.996,13.9],[105.996,13.852],[105.982,13.803],[105.991,13.752],[106.021,13.698],[106.005,13.609],[105.94,13.486],[105.918,13.405],[105.949,13.35],[106.023,13.196],[106.025,13.061],[105.981,12.893],[105.978,12.683],[106.018,12.428],[105.985,12.289],[105.88,12.266],[105.763,12.264],[105.636,12.284],[105.543,12.204],[105.486,12.025],[105.389,11.936],[105.252,11.939],[105.168,11.92],[105.137,11.88],[105.09,11.855],[105.025,11.845],[105,11.822],[105.013,11.786],[105.002,11.747],[104.965,11.706],[104.948,11.662],[104.951,11.591]]]}},{"type":"Feature","properties":{"name":"Mississippi","scalerank":1},"bbox":[-95.025822,28.981332,-89.01575,47.482063],"geometry":{"type":"MultiLineString","coordinates":[[[-89.376,28.981],[-89.257,29.155],[-89.016,29.203]],[[-89.261,29.155],[-89.289,29.178]],[[-89.289,29.178],[-89.181,29.336]],[[-89.289,29.178],[-89.433,29.294],[-89.519,29.347],[-89.616,29.387],[-89.666,29.416],[-89.67,29.444],[-89.714,29.486],[-89.758,29.506],[-89.869,29.608],[-89.973,29.689],[-90.007,29.754],[-90.012,29.811],[-89.987,29.86],[-89.958,29.876],[-89.932,29.878],[-89.923,29.888],[-89.923,29.903],[-89.933,29.914],[-90.041,29.932],[-90.25,29.943],[-90.39,29.976],[-90.464,30.032],[-90.582,30.048],[-90.744,30.023],[-90.849,30.04],[-90.878,30.075],[-90.897,30.098],[-90.944,30.127],[-90.99,30.126],[-91.021,30.147],[-91.038,30.181],[-91.074,30.204],[-91.11,30.209],[-91.133,30.227],[-91.13,30.248],[-91.148,30.268],[-91.179,30.285],[-91.191,30.307],[-91.187,30.328],[-91.195,30.352],[-91.226,30.368],[-91.235,30.402],[-91.218,30.479],[-91.226,30.505],[-91.258,30.534],[-91.257,30.565],[-91.276,30.615],[-91.338,30.706],[-91.388,30.744],[-91.423,30.753],[-91.529,30.756],[-91.557,30.78],[-91.547,30.815],[-91.523,30.854],[-91.526,30.871],[-91.546,30.908],[-91.618,30.938],[-91.646,30.952],[-91.66,30.972],[-91.657,30.996],[-91.653,31.03],[-91.611,31.065],[-91.596,31.11],[-91.631,31.218],[-91.618,31.277],[-91.559,31.288],[-91.529,31.345],[-91.529,31.449],[-91.506,31.519],[-91.459,31.555],[-91.415,31.64],[-91.373,31.774],[-91.286,31.884],[-91.157,31.971],[-91.093,32.046],[-91.089,32.104],[-91.075,32.131],[-91.048,32.146],[-91.005,32.186],[-90.948,32.24],[-90.938,32.277],[-90.94,32.303],[-90.945,32.331],[-90.99,32.381],[-91.059,32.424],[-91.104,32.49],[-91.101,32.541],[-91.116,32.586],[-91.15,32.625],[-91.142,32.661],[-91.094,32.694],[-91.092,32.726],[-91.136,32.756],[-91.136,32.809],[-91.093,32.885],[-91.096,32.938],[-91.144,32.967],[-91.153,33.041],[-91.107,33.218],[-91.117,33.241],[-91.163,33.294],[-91.168,33.359],[-91.141,33.439],[-91.154,33.5],[-91.193,33.523],[-91.203,33.547],[-91.215,33.583],[-91.173,33.617],[-91.17,33.647],[-91.207,33.676],[-91.184,33.716],[-91.1,33.767],[-91.077,33.797],[-91.053,33.828],[-91.038,33.901],[-91.05,33.945],[-91.07,33.974],[-91.06,33.989],[-91.043,34.003],[-90.943,34.03],[-90.915,34.049],[-90.909,34.072],[-90.94,34.129],[-90.91,34.189],[-90.817,34.252],[-90.768,34.308],[-90.762,34.356],[-90.718,34.392],[-90.635,34.414],[-90.584,34.504],[-90.564,34.661],[-90.539,34.728],[-90.497,34.738],[-90.475,34.76],[-90.468,34.805],[-90.416,34.852],[-90.32,34.899],[-90.282,34.945],[-90.293,34.97],[-90.294,35.004],[-90.256,35.046],[-90.142,35.114],[-90.093,35.204],[-90.108,35.314],[-90.066,35.414],[-89.967,35.503],[-89.927,35.592],[-89.943,35.679],[-89.895,35.751],[-89.78,35.806],[-89.764,35.828],[-89.768,35.845],[-89.77,35.864],[-89.769,35.872],[-89.764,35.889],[-89.738,35.899],[-89.704,35.907],[-89.689,35.921],[-89.689,35.944],[-89.709,35.983],[-89.698,36.03],[-89.642,36.105],[-89.634,36.168],[-89.675,36.221],[-89.654,36.248],[-89.628,36.255],[-89.595,36.259],[-89.584,36.272],[-89.584,36.288],[-89.612,36.322],[-89.604,36.352],[-89.555,36.373],[-89.541,36.427],[-89.56,36.513],[-89.555,36.541],[-89.55,36.553],[-89.536,36.555],[-89.52,36.555],[-89.497,36.529],[-89.485,36.498],[-89.471,36.489],[-89.452,36.498],[-89.397,36.588],[-89.351,36.611],[-89.331,36.616],[-89.28,36.6],[-89.256,36.594],[-89.203,36.626],[-89.156,36.716],[-89.13,36.811],[-89.122,36.912],[-89.154,36.992],[-89.225,37.053],[-89.272,37.08],[-89.281,37.078],[-89.292,37.071],[-89.296,37.052],[-89.293,37.038],[-89.286,37.023],[-89.29,37.013],[-89.301,37.012],[-89.352,37.036],[-89.414,37.102],[-89.487,37.213],[-89.503,37.301],[-89.462,37.366],[-89.462,37.434],[-89.503,37.506],[-89.523,37.576],[-89.523,37.645],[-89.623,37.747],[-89.823,37.884],[-89.97,37.969],[-90.064,38.001],[-90.174,38.069],[-90.299,38.174],[-90.366,38.254],[-90.374,38.31],[-90.317,38.458],[-90.151,38.781],[-90.132,38.819],[-90.127,38.833],[-90.134,38.847],[-90.15,38.86],[-90.22,38.898],[-90.354,38.93],[-90.478,38.948],[-90.577,38.91],[-90.664,38.987],[-90.737,39.182],[-90.919,39.387],[-91.21,39.603],[-91.379,39.749],[-91.426,39.827],[-91.467,39.943],[-91.502,40.098],[-91.5,40.226],[-91.442,40.379],[-91.391,40.397],[-91.381,40.448],[-91.394,40.537],[-91.339,40.604],[-91.215,40.65],[-91.102,40.75],[-91,40.905],[-90.954,41.016],[-90.964,41.083],[-91.001,41.146],[-91.067,41.206],[-91.082,41.28],[-91.048,41.369],[-90.939,41.426],[-90.754,41.45],[-90.587,41.495],[-90.437,41.56],[-90.348,41.632],[-90.319,41.71],[-90.276,41.77],[-90.218,41.813],[-90.177,41.884],[-90.152,41.982],[-90.149,42.054],[-90.168,42.1],[-90.233,42.154],[-90.347,42.215],[-90.41,42.272],[-90.425,42.326],[-90.485,42.383],[-90.59,42.445],[-90.657,42.521],[-90.688,42.61],[-90.789,42.677],[-90.96,42.72],[-91.07,42.789],[-91.118,42.882],[-91.148,42.986],[-91.161,43.102],[-91.148,43.2],[-91.107,43.278],[-91.117,43.331],[-91.178,43.359],[-91.219,43.395],[-91.238,43.44],[-91.278,43.797],[-91.32,43.936],[-91.383,43.991],[-91.515,44.054],[-91.716,44.126],[-91.841,44.194],[-91.912,44.289],[-92.055,44.4],[-92.149,44.445],[-92.24,44.462],[-92.313,44.498],[-92.367,44.552],[-92.442,44.587],[-92.537,44.601],[-92.644,44.645],[-92.82,44.758],[-92.963,44.79],[-93.03,44.838],[-93.07,44.912],[-93.119,44.937],[-93.175,44.913],[-93.232,44.963],[-93.291,45.087],[-93.349,45.167],[-93.408,45.202],[-93.936,45.389],[-94.063,45.439],[-94.133,45.496],[-94.189,45.577],[-94.212,45.632],[-94.202,45.662],[-94.238,45.714],[-94.32,45.789],[-94.371,45.853],[-94.389,45.906],[-94.386,45.972],[-94.363,46.051],[-94.366,46.125],[-94.394,46.194],[-94.333,46.284],[-94.183,46.396],[-94.091,46.482],[-94.057,46.543],[-93.959,46.569],[-93.798,46.559],[-93.692,46.586],[-93.641,46.651],[-93.572,46.698],[-93.486,46.725],[-93.404,46.807],[-93.325,46.944],[-93.309,47.023],[-93.357,47.044],[-93.402,47.09],[-93.445,47.16],[-93.509,47.211],[-93.593,47.243],[-93.676,47.249],[-93.759,47.228],[-93.798,47.242],[-93.795,47.29],[-93.829,47.312],[-93.901,47.306],[-93.976,47.336],[-94.094,47.433]],[[-95.026,47.156],[-94.968,47.318],[-94.877,47.451],[-94.794,47.482],[-94.637,47.44]],[[-94.508,47.457],[-94.326,47.406]]]}},{"type":"Feature","properties":{"name":"Missouri","scalerank":1},"bbox":[-111.989309,38.578808,-90.133123,48.149981],"geometry":{"type":"MultiLineString","coordinates":[[[-98.56,43.06],[-98.143,42.852],[-97.965,42.806],[-97.881,42.85],[-97.698,42.875],[-97.417,42.881],[-97.239,42.861],[-97.164,42.813],[-97.02,42.76],[-96.805,42.701],[-96.676,42.638],[-96.633,42.569],[-96.558,42.525],[-96.451,42.506],[-96.384,42.418],[-96.356,42.26],[-96.295,42.133],[-96.201,42.036],[-96.154,41.965],[-96.154,41.92],[-96.131,41.872],[-96.087,41.821],[-96.069,41.734],[-96.078,41.611],[-96.059,41.546],[-96.011,41.538],[-95.991,41.52],[-95.997,41.494],[-95.982,41.474],[-95.944,41.461],[-95.933,41.425],[-95.95,41.367],[-95.936,41.331],[-95.892,41.316],[-95.884,41.288],[-95.911,41.245],[-95.907,41.212],[-95.871,41.188],[-95.847,41.08],[-95.834,40.889],[-95.838,40.778],[-95.859,40.745],[-95.826,40.676],[-95.74,40.571],[-95.685,40.466],[-95.662,40.363],[-95.607,40.295],[-95.521,40.265],[-95.464,40.198],[-95.434,40.096],[-95.362,40.01],[-95.116,39.872],[-95.056,39.871],[-94.984,39.891],[-94.93,39.861],[-94.893,39.782],[-94.899,39.741],[-94.946,39.739],[-95.005,39.692],[-95.075,39.597],[-95.058,39.509],[-94.953,39.426],[-94.882,39.343],[-94.847,39.259],[-94.778,39.194],[-94.622,39.124],[-94.504,39.124],[-94.421,39.151],[-94.334,39.204],[-94.239,39.207],[-94.136,39.159],[-94.028,39.154],[-93.915,39.19],[-93.773,39.211],[-93.604,39.218],[-93.513,39.237],[-93.501,39.27],[-93.469,39.271],[-93.418,39.24],[-93.343,39.27],[-93.243,39.361],[-93.108,39.359],[-92.939,39.265],[-92.877,39.192],[-92.922,39.141],[-92.933,39.087],[-92.909,39.03],[-92.816,38.993],[-92.654,38.976],[-92.503,38.89],[-92.293,38.659],[-92.124,38.586],[-91.978,38.598],[-91.801,38.67],[-91.619,38.706],[-91.433,38.707],[-91.238,38.667],[-91.034,38.585],[-90.872,38.579],[-90.752,38.648],[-90.661,38.681],[-90.598,38.681],[-90.513,38.732],[-90.404,38.835],[-90.316,38.86],[-90.256,38.845],[-90.133,38.819]],[[-100.394,44.436],[-100.372,44.415],[-100.345,44.374],[-100.225,44.329],[-100.019,44.286],[-99.922,44.245],[-99.934,44.205],[-99.921,44.171],[-99.883,44.142],[-99.804,44.122],[-99.685,44.113],[-99.647,44.132],[-99.691,44.179],[-99.684,44.205],[-99.626,44.208],[-99.587,44.178],[-99.568,44.115],[-99.51,44.06],[-99.364,43.991]],[[-111.699,46.663],[-111.758,46.671],[-111.814,46.711],[-111.885,46.786],[-111.913,46.837],[-111.898,46.863],[-111.919,46.916],[-111.976,46.997],[-111.989,47.057],[-111.959,47.096],[-111.616,47.342],[-111.454,47.415],[-111.348,47.412],[-111.293,47.439],[-111.29,47.498],[-111.237,47.541],[-111.137,47.567],[-111.037,47.632],[-110.938,47.736],[-110.856,47.784],[-110.792,47.777],[-110.617,47.843],[-110.331,47.984],[-110.167,48.043],[-110.124,48.021],[-110.089,47.968],[-110.062,47.885],[-109.995,47.816],[-109.886,47.762],[-109.609,47.755],[-109.164,47.794],[-108.935,47.795],[-108.922,47.758],[-108.874,47.718],[-108.788,47.677],[-108.607,47.643],[-108.191,47.602]],[[-101.4,47.506],[-101.423,47.484],[-101.407,47.431],[-101.362,47.339],[-101.248,47.282],[-101.066,47.26],[-100.979,47.231],[-100.987,47.196],[-100.967,47.148],[-100.917,47.087],[-100.902,47.034],[-100.921,46.99],[-100.892,46.904],[-100.777,46.714]],[[-106.406,48.021],[-106.367,48.058],[-106.221,48.058],[-105.956,48.033],[-105.729,48.042],[-105.542,48.086],[-105.34,48.1],[-105.125,48.083],[-104.978,48.095],[-104.899,48.136],[-104.75,48.15],[-104.529,48.137],[-104.277,48.093],[-103.996,48.02],[-103.835,47.994],[-103.772,48.027]]]}},{"type":"Feature","properties":{"name":"Murray","scalerank":3},"bbox":[139.2891,-36.967046,148.196929,-33.998906],"geometry":{"type":"MultiLineString","coordinates":[[[148.005,-36.967],[148.162,-36.73],[148.197,-36.625],[148.147,-36.546],[148.034,-36.181],[147.975,-36.046],[147.931,-36.019],[147.762,-35.956],[147.674,-35.954],[147.596,-35.982],[147.538,-35.984],[147.502,-35.959],[147.458,-35.954],[147.407,-35.971],[147.371,-36.004],[147.35,-36.052],[147.323,-36.07],[147.272,-36.049]],[[147.045,-36.108],[146.896,-36.1],[146.761,-36.067],[146.59,-36.005],[146.47,-35.994],[146.403,-36.033],[146.331,-36.054],[146.216,-36.056]],[[146.028,-36.015],[145.815,-35.977],[145.692,-35.931],[145.588,-35.863],[145.432,-35.835],[145.224,-35.846],[145.083,-35.862],[145.008,-35.884],[144.962,-35.923],[144.943,-35.978],[144.944,-36.029],[144.965,-36.075],[144.916,-36.107],[144.799,-36.126],[144.668,-36.088],[144.524,-35.994],[144.427,-35.905],[144.378,-35.82],[144.29,-35.73],[144.163,-35.634],[143.971,-35.528],[143.714,-35.411],[143.585,-35.327],[143.582,-35.275],[143.54,-35.234],[143.459,-35.203],[143.404,-35.168],[143.377,-35.127],[143.363,-35.032],[143.361,-34.882],[143.325,-34.788],[143.221,-34.733],[142.965,-34.693],[142.857,-34.655],[142.812,-34.607],[142.774,-34.588],[142.742,-34.598],[142.705,-34.649],[142.663,-34.741],[142.619,-34.783],[142.571,-34.775],[142.507,-34.712],[142.426,-34.593],[142.388,-34.485],[142.394,-34.387],[142.373,-34.333],[142.328,-34.322],[142.287,-34.286],[142.252,-34.223],[142.158,-34.173],[141.926,-34.117],[141.761,-34.112],[141.666,-34.137],[141.586,-34.191],[141.47,-34.183],[141.318,-34.112],[141.192,-34.073],[141.094,-34.066],[141.026,-34.043],[140.997,-34.016],[140.948,-33.999],[140.914,-34.011],[140.806,-34.062],[140.763,-34.096],[140.784,-34.113],[140.787,-34.145],[140.773,-34.189],[140.715,-34.246],[140.613,-34.315],[140.565,-34.375],[140.571,-34.426],[140.533,-34.433],[140.452,-34.394],[140.392,-34.324],[140.352,-34.223],[140.248,-34.175],[140.08,-34.181],[139.979,-34.176],[139.944,-34.16],[139.933,-34.136],[139.93,-34.103],[139.886,-34.074],[139.801,-34.057],[139.753,-34.051],[139.721,-34.077],[139.657,-34.148],[139.607,-34.383],[139.603,-34.544],[139.645,-34.631],[139.635,-34.695],[139.576,-34.734],[139.57,-34.787],[139.617,-34.852],[139.592,-34.878],[139.495,-34.864],[139.4,-34.884],[139.307,-34.939],[139.289,-34.981],[139.347,-35.011],[139.355,-35.048],[139.313,-35.093],[139.299,-35.133],[139.31,-35.168],[139.351,-35.207],[139.423,-35.25],[139.435,-35.297],[139.374,-35.365],[139.303,-35.399]]]}},{"type":"Feature","properties":{"name":"Nanpan","scalerank":4},"bbox":[103.052811,23.802372,106.943633,25.878912],"geometry":{"type":"MultiLineString","coordinates":[[[103.922,25.879],[103.855,25.801],[103.836,25.725],[103.846,25.574],[103.883,25.341],[103.867,25.219],[103.81,25.129],[103.713,25.048],[103.488,24.939],[103.448,24.935],[103.416,24.955],[103.392,25],[103.326,25.013],[103.219,24.994],[103.165,24.944],[103.165,24.863],[103.132,24.774],[103.064,24.677],[103.053,24.609],[103.098,24.57],[103.105,24.52],[103.074,24.458],[103.08,24.321],[103.146,24.004],[103.169,23.87],[103.195,23.818],[103.232,23.802],[103.262,23.81],[103.288,23.84],[103.376,23.863],[103.527,23.88],[103.61,23.916],[103.626,23.97],[103.619,24.02],[103.59,24.065],[103.591,24.11],[103.623,24.153],[103.674,24.185],[103.746,24.204],[103.825,24.27],[103.912,24.385],[103.987,24.442],[104.052,24.441],[104.151,24.472],[104.353,24.562],[104.537,24.741],[104.681,24.659],[104.8,24.673],[104.941,24.756],[105.056,24.85],[105.144,24.956],[105.208,24.991],[105.247,24.956],[105.308,24.937],[105.39,24.935],[105.45,24.905],[105.489,24.847],[105.583,24.79],[105.731,24.735],[105.833,24.712],[105.888,24.723],[105.942,24.707],[105.994,24.664],[106.065,24.689],[106.154,24.783],[106.188,24.862],[106.166,24.928],[106.231,24.979],[106.381,25.017],[106.509,25.07],[106.614,25.139],[106.742,25.189],[106.874,25.215],[106.944,25.225]]]}},{"type":"Feature","properties":{"name":"Nederrijn","scalerank":4},"bbox":[5.331075,51.872183,6.038629,51.981375],"geometry":{"type":"MultiLineString","coordinates":[[[6.039,51.872],[5.922,51.961],[5.747,51.981],[5.331,51.963]]]}},{"type":"Feature","properties":{"name":"Negro","scalerank":3},"bbox":[-70.336141,-41.047158,-59.896829,2.83329],"geometry":{"type":"MultiLineString","coordinates":[[[-68.014,-38.975],[-67.757,-39.052],[-67.598,-39.074],[-67.453,-39.069],[-67.314,-39.085],[-67.18,-39.123],[-66.987,-39.129],[-66.735,-39.104],[-66.531,-39.1],[-66.373,-39.117],[-66.224,-39.154],[-66.084,-39.212],[-65.931,-39.248],[-65.765,-39.261],[-65.629,-39.331],[-65.521,-39.457],[-65.434,-39.593],[-65.366,-39.74],[-65.234,-39.83],[-65.037,-39.862],[-64.899,-39.91],[-64.82,-39.975],[-64.728,-40.025],[-64.622,-40.062],[-64.503,-40.078],[-64.371,-40.074],[-64.172,-40.166],[-63.905,-40.354],[-63.738,-40.455],[-63.67,-40.469],[-63.574,-40.534],[-63.388,-40.709],[-63.174,-40.743],[-63.028,-40.826],[-62.86,-40.948],[-62.798,-41.047]],[[-70.336,2.058],[-69.967,2.11],[-69.683,2.159],[-69.526,2.204],[-69.401,2.262],[-69.252,2.271],[-69.079,2.23],[-68.932,2.211],[-68.81,2.215],[-68.701,2.264],[-68.603,2.36],[-68.497,2.379],[-68.385,2.321],[-68.277,2.372],[-68.175,2.534],[-68.113,2.606],[-68.093,2.588],[-68.068,2.608],[-68.038,2.665],[-67.955,2.73],[-67.859,2.794],[-67.766,2.833],[-67.667,2.8],[-67.619,2.794],[-67.597,2.769],[-67.568,2.69],[-67.535,2.677],[-67.486,2.644],[-67.392,2.56],[-67.312,2.472],[-67.253,2.429],[-67.211,2.39],[-67.198,2.333],[-67.215,2.275],[-67.165,2.143],[-67.131,2.101],[-67.114,2.051],[-67.131,2],[-67.09,1.94],[-66.988,1.68],[-66.982,1.601],[-66.958,1.564],[-66.931,1.458],[-66.884,1.358],[-66.896,1.29],[-66.876,1.223],[-66.86,1.022],[-66.877,0.938],[-66.921,0.903],[-67.008,0.887],[-67.137,0.889],[-67.231,0.768],[-67.32,0.403],[-67.277,0.156],[-67.201,0.008],[-67.077,-0.122],[-66.984,-0.18],[-66.922,-0.164],[-66.772,-0.216],[-66.535,-0.335],[-66.373,-0.377],[-66.285,-0.343],[-66.172,-0.324],[-66.034,-0.322],[-65.942,-0.303],[-65.896,-0.268],[-65.84,-0.264],[-65.772,-0.291],[-65.681,-0.301],[-65.566,-0.292],[-65.447,-0.316],[-65.261,-0.401],[-65.005,-0.457],[-64.798,-0.449],[-64.43,-0.367],[-64.152,-0.314],[-63.972,-0.304],[-63.796,-0.32],[-63.633,-0.382],[-63.481,-0.492],[-63.31,-0.585],[-63.025,-0.702],[-62.879,-0.874],[-62.73,-0.985],[-62.432,-1.146],[-61.933,-1.377],[-61.881,-1.389],[-61.799,-1.389],[-61.717,-1.401],[-61.62,-1.449],[-61.538,-1.53],[-61.471,-1.642],[-61.437,-1.736],[-61.435,-1.814],[-61.355,-1.926],[-61.197,-2.074],[-61.142,-2.15],[-61.092,-2.218],[-61.04,-2.36],[-60.903,-2.553],[-60.571,-2.922],[-60.451,-3.028],[-60.36,-3.065],[-60.26,-3.069],[-60.158,-3.096],[-60.052,-3.145],[-59.976,-3.158],[-59.897,-3.128]]]}},{"type":"Feature","properties":{"name":"Neuquén","scalerank":4},"bbox":[-70.803425,-38.974727,-68.014034,-36.528829],"geometry":{"type":"MultiLineString","coordinates":[[[-70.803,-36.529],[-70.7,-36.909],[-70.648,-37.077],[-70.648,-37.149],[-70.681,-37.182],[-70.698,-37.227],[-70.699,-37.282],[-70.675,-37.325],[-70.626,-37.355],[-70.51,-37.375],[-70.325,-37.387],[-70.199,-37.42],[-70.13,-37.474],[-70.077,-37.539],[-70.04,-37.615],[-69.991,-37.658],[-69.931,-37.67],[-69.886,-37.767],[-69.857,-37.947],[-69.809,-38.078],[-69.74,-38.159],[-69.7,-38.245],[-69.687,-38.337],[-69.604,-38.435],[-69.452,-38.538],[-69.325,-38.592],[-69.224,-38.597],[-69.102,-38.543],[-68.961,-38.43],[-68.849,-38.371],[-68.769,-38.366],[-68.603,-38.447],[-68.351,-38.614],[-68.173,-38.766],[-68.014,-38.975]]]}},{"type":"Feature","properties":{"name":"Niagara","scalerank":3},"bbox":[-79.066047,43.106103,-79.059226,43.278056],"geometry":{"type":"MultiLineString","coordinates":[[[-79.059,43.278],[-79.066,43.106]]]}},{"type":"Feature","properties":{"name":"Niger","scalerank":3},"bbox":[-10.815717,4.290643,6.776,17.056814],"geometry":{"type":"MultiLineString","coordinates":[[[6.266,4.991],[6.224,4.919],[6.131,4.844],[6.078,4.71],[6.055,4.42],[6.077,4.291]],[[6.266,4.991],[6.271,4.432]],[[6.455,5.363],[6.374,5.346],[6.302,5.316],[6.24,5.274],[6.21,5.235],[6.21,5.201],[6.17,5.164],[6.09,5.124],[5.992,5.13],[5.876,5.182],[5.738,5.191],[5.476,5.154]],[[6.455,5.363],[6.394,5.301],[6.349,5.256],[6.33,5.221],[6.333,5.196],[6.358,5.18],[6.354,5.153],[6.321,5.114],[6.292,5.095],[6.266,5.095],[6.257,5.061],[6.266,4.991]],[[6.557,5.542],[6.606,5.386],[6.587,5.301],[6.522,5.235],[6.474,5.156],[6.443,5.065],[6.461,5.003],[6.526,4.97],[6.573,4.908],[6.599,4.816],[6.643,4.729],[6.709,4.607],[6.715,4.501],[6.71,4.452],[6.71,4.425],[6.715,4.342]],[[-10.732,9.09],[-10.665,9.154],[-10.622,9.235],[-10.58,9.355],[-10.583,9.453],[-10.656,9.566],[-10.642,9.75],[-10.684,9.915],[-10.779,10.121],[-10.816,10.248],[-10.796,10.294],[-10.747,10.322],[-10.668,10.331],[-10.634,10.359],[-10.644,10.403],[-10.613,10.426],[-10.541,10.426],[-10.481,10.452],[-10.433,10.503],[-10.363,10.524],[-10.271,10.513],[-10.218,10.491],[-10.199,10.478],[-10.174,10.472],[-10.151,10.482],[-10.053,10.569],[-9.97,10.608],[-9.901,10.602],[-9.866,10.625],[-9.848,10.642],[-9.801,10.662],[-9.658,10.678],[-9.535,10.781],[-9.433,10.969],[-9.343,11.065],[-9.268,11.067],[-9.199,11.097],[-9.136,11.154],[-9.117,11.239],[-9.14,11.352],[-9.089,11.419],[-8.962,11.438],[-8.852,11.505],[-8.759,11.62],[-8.651,11.719],[-8.527,11.801],[-8.433,11.905],[-8.367,12.031],[-8.281,12.144],[-8.175,12.243],[-8.098,12.375],[-8.051,12.539],[-7.964,12.627],[-7.837,12.636],[-7.666,12.747],[-7.453,12.958],[-7.279,13.104],[-7.078,13.224],[-6.949,13.325],[-6.788,13.362],[-6.551,13.368],[-6.367,13.409],[-6.237,13.484],[-6.146,13.572],[-6.094,13.672],[-6.021,13.71],[-5.902,13.719],[-5.785,13.745],[-5.595,13.887],[-5.435,13.962],[-5.305,13.969],[-5.214,14.008],[-5.164,14.079],[-4.996,14.155],[-4.712,14.236],[-4.549,14.266],[-4.487,14.274],[-4.414,14.313],[-4.201,14.551],[-4.117,14.772],[-4.042,14.885],[-3.948,14.964],[-3.921,15.073],[-3.979,15.281],[-3.954,15.29],[-3.914,15.307],[-3.852,15.354],[-3.82,15.395],[-3.818,15.432],[-3.853,15.456],[-3.927,15.467],[-3.923,15.504],[-3.796,15.603],[-3.787,15.62],[-3.861,15.642],[-3.849,15.66],[-3.812,15.674],[-3.748,15.684],[-3.714,15.732],[-3.708,15.818],[-3.682,15.872],[-3.635,15.894],[-3.598,15.939],[-3.57,16.005],[-3.503,16.047]],[[4.626,9.865],[4.644,9.755],[4.631,9.669],[4.593,9.571],[4.586,9.473],[4.612,9.374],[4.654,9.312],[4.713,9.287],[4.75,9.243],[4.764,9.18],[4.83,9.161],[4.947,9.185],[5.057,9.15],[5.159,9.055],[5.292,8.989],[5.456,8.949],[5.604,8.883],[5.802,8.742],[6.02,8.754],[6.159,8.742],[6.291,8.71],[6.385,8.628],[6.438,8.497],[6.521,8.377],[6.633,8.268],[6.716,8.144],[6.771,8.006],[6.776,7.793],[6.71,7.362],[6.664,6.973],[6.66,6.743],[6.691,6.44],[6.741,6.202],[6.707,5.978],[6.556,5.541],[6.495,5.464],[6.48,5.422],[6.49,5.388],[6.455,5.363]],[[-4.304,15.507],[-4.338,15.621],[-4.317,15.683],[-4.252,15.732],[-4.208,15.793],[-4.185,15.865],[-4.138,15.892],[-4.066,15.873],[-3.961,15.925],[-3.824,16.047],[-3.689,16.113],[-3.556,16.123],[-3.467,16.161]],[[-3.503,16.047],[-3.467,16.161]],[[-3.467,16.161],[-3.424,16.226],[-3.379,16.261],[-3.333,16.266],[-3.31,16.292],[-3.31,16.337],[-3.263,16.386],[-3.222,16.408]],[[-3.222,16.408],[-3.189,16.3],[-3.187,16.253],[-3.206,16.225],[-3.234,16.207],[-3.271,16.199],[-3.302,16.163],[-3.329,16.101],[-3.396,16.062],[-3.503,16.047]],[[-3.222,16.408],[-3.167,16.438],[-3.106,16.511],[-3.08,16.606],[-3.028,16.65],[-2.948,16.643],[-2.743,16.69],[-2.411,16.792],[-2.197,16.837],[-2.101,16.826],[-2.043,16.835],[-2.023,16.864],[-1.897,16.915],[-1.664,16.988],[-1.448,17.035],[-1.25,17.057],[-1.118,17.048],[-1.052,17.009],[-0.965,16.996],[-0.857,17.008],[-0.77,16.993],[-0.705,16.95],[-0.601,16.938],[-0.457,16.955],[-0.346,16.873],[-0.269,16.691],[-0.203,16.577],[-0.148,16.533],[-0.089,16.426],[0.003,16.17],[0.144,15.983],[0.259,15.872],[0.397,15.775],[0.471,15.679],[0.481,15.585],[0.548,15.51],[0.672,15.456],[0.739,15.41],[0.749,15.371],[0.727,15.283],[0.675,15.144],[0.657,15.046],[0.675,14.988],[0.722,14.948],[0.799,14.926],[0.855,14.861],[0.891,14.751],[0.965,14.63],[1.076,14.498],[1.208,14.381],[1.362,14.28],[1.463,14.146],[1.512,13.98],[1.581,13.847],[1.671,13.747],[1.812,13.651],[2.004,13.558],[2.125,13.476],[2.174,13.402],[2.236,13.343],[2.31,13.299],[2.355,13.176],[2.37,12.976],[2.415,12.818],[2.49,12.704],[2.521,12.627],[2.508,12.59],[2.515,12.552],[2.54,12.529],[2.571,12.53],[2.597,12.552],[2.615,12.552],[2.626,12.531],[2.653,12.522],[2.692,12.53],[2.718,12.519],[2.736,12.468],[2.768,12.432],[2.815,12.419],[2.844,12.399],[3.15,12.118],[3.267,11.992],[3.299,11.927],[3.36,11.88],[3.45,11.852],[3.532,11.787],[3.595,11.696],[3.695,11.62],[3.851,11.57],[4.022,11.484],[4.133,11.391],[4.241,11.261],[4.368,11.17],[4.513,11.115],[4.62,11.045],[4.688,10.957],[4.705,10.837],[4.656,10.607]]]}},{"type":"Feature","properties":{"name":"Nile","scalerank":1},"bbox":[30.31663,15.63455,33.968811,30.120694],"geometry":{"type":"MultiLineString","coordinates":[[[32.49,15.635],[32.535,16.04],[32.629,16.256],[32.785,16.418],[32.929,16.508],[33.061,16.526],[33.165,16.566],[33.241,16.628],[33.359,16.686],[33.519,16.738],[33.635,16.825],[33.706,16.944],[33.732,17.029],[33.712,17.079],[33.715,17.151],[33.74,17.246],[33.81,17.379],[33.925,17.55],[33.952,17.699],[33.969,17.792],[33.942,18.107],[33.9,18.278],[33.845,18.305],[33.784,18.364],[33.718,18.455],[33.682,18.555],[33.675,18.662],[33.645,18.724],[33.59,18.741],[33.567,18.847],[33.574,19.043],[33.539,19.173],[33.463,19.237],[33.413,19.308],[33.38,19.423],[33.138,19.503],[33.018,19.511],[32.938,19.474],[32.838,19.383],[32.717,19.238],[32.62,19.161],[32.546,19.152],[32.468,19.083],[32.385,18.954],[32.306,18.89],[32.23,18.891],[32.153,18.865],[32.076,18.812],[32.039,18.743],[32.044,18.661],[32.005,18.606],[31.921,18.58],[31.8,18.452],[31.642,18.223],[31.474,18.077],[31.296,18.015],[31.146,18.002],[31.023,18.036],[30.911,18.087],[30.809,18.154],[30.744,18.257],[30.717,18.397],[30.674,18.499],[30.616,18.562],[30.562,18.66],[30.511,18.794],[30.486,18.988],[30.488,19.243],[30.458,19.471],[30.396,19.672],[30.35,19.786],[30.348,19.822],[30.37,19.857],[30.5,19.914],[30.575,19.967],[30.594,20.016],[30.6,20.098],[30.591,20.214],[30.571,20.291],[30.539,20.329],[30.49,20.351],[30.422,20.358],[30.366,20.417],[30.321,20.527],[30.317,20.616],[30.352,20.683],[30.363,20.735],[30.37,20.774],[30.397,20.805],[30.51,20.84],[30.576,20.9],[30.595,20.985],[30.632,21.044],[30.687,21.076],[30.709,21.121],[30.699,21.177],[30.763,21.249],[30.903,21.337],[30.97,21.399],[30.965,21.436],[30.994,21.493],[31.091,21.609]],[[32.879,23.988],[32.913,24.328],[32.913,24.454],[32.889,24.478],[32.892,24.54],[32.92,24.639],[32.921,24.77],[32.895,24.933],[32.871,25.037],[32.848,25.082],[32.767,25.149],[32.629,25.239],[32.54,25.35],[32.502,25.483],[32.493,25.565],[32.523,25.612],[32.704,25.754],[32.764,25.879],[32.763,26.034],[32.734,26.129],[32.678,26.163],[32.553,26.143],[32.362,26.067],[32.229,26.077],[32.154,26.171],[32.094,26.189],[32.041,26.19],[32.015,26.2],[31.997,26.247],[31.966,26.297],[31.871,26.375],[31.82,26.445],[31.812,26.509],[31.782,26.542],[31.73,26.543],[31.706,26.564],[31.712,26.605],[31.695,26.632],[31.655,26.644],[31.553,26.762],[31.369,27.01],[31.341,27.057],[31.304,27.099],[31.278,27.123],[31.245,27.144],[30.969,27.356],[30.868,27.5],[30.889,27.619],[30.884,27.768],[30.877,27.902],[30.863,27.985],[30.837,28.038],[30.807,28.085],[30.774,28.12],[30.744,28.165],[30.74,28.23],[30.762,28.309],[30.811,28.401],[30.836,28.492],[30.837,28.582],[30.858,28.682],[30.899,28.791],[30.995,28.943],[31.146,29.136],[31.219,29.282],[31.215,29.38],[31.236,29.489],[31.281,29.609],[31.287,29.783],[31.255,29.999],[31.254,30.08],[31.238,30.121]]]}},{"type":"Feature","properties":{"name":"Nmai","scalerank":2},"bbox":[97.51904,25.62009,98.372683,28.424984],"geometry":{"type":"MultiLineString","coordinates":[[[97.983,28.425],[98.192,28.25],[98.297,28.132],[98.335,28.008],[98.342,27.84],[98.302,27.73],[98.215,27.679],[98.154,27.674],[98.118,27.715],[98.08,27.726],[98.04,27.707],[98.042,27.629],[98.087,27.494],[98.172,27.329],[98.296,27.133],[98.362,26.974],[98.373,26.85],[98.354,26.701],[98.281,26.443],[98.158,26.03],[98.096,25.867],[98.055,25.815],[97.976,25.74],[97.86,25.641],[97.775,25.62],[97.72,25.678],[97.641,25.706],[97.558,25.703],[97.519,25.701]]]}},{"type":"Feature","properties":{"name":"North Saskatchewan","scalerank":4},"bbox":[-117.132483,51.993416,-105.06508,54.041301],"geometry":{"type":"MultiLineString","coordinates":[[[-117.132,52.014],[-117.011,52.077],[-116.937,52.072],[-116.838,51.993],[-116.534,52.022],[-116.438,52.079],[-116.448,52.176],[-116.39,52.276],[-116.262,52.379],[-116.053,52.437],[-115.764,52.453],[-115.576,52.44],[-115.488,52.399],[-115.398,52.387],[-115.308,52.404],[-115.211,52.393],[-115.108,52.355],[-115.029,52.345],[-114.975,52.363],[-114.984,52.463],[-115.057,52.644],[-115.111,52.74],[-115.146,52.752],[-115.164,52.785],[-115.166,52.838],[-115.184,52.875],[-115.218,52.895],[-115.227,52.94],[-115.211,53.01],[-115.159,53.05],[-115.071,53.061],[-115.014,53.083],[-114.974,53.131],[-114.841,53.276],[-114.729,53.321],[-114.596,53.314],[-114.483,53.338],[-114.388,53.392],[-114.262,53.396],[-114.104,53.348],[-113.947,53.333],[-113.789,53.35],[-113.691,53.389],[-113.651,53.451],[-113.569,53.5],[-113.445,53.536],[-113.306,53.628],[-113.153,53.777],[-113.024,53.876],[-112.919,53.926],[-112.856,53.975],[-112.834,54.023],[-112.732,54.032],[-112.55,54.003],[-112.41,54.006],[-112.313,54.041],[-112.193,54.022],[-112.05,53.948],[-111.92,53.908],[-111.802,53.902],[-111.737,53.87],[-111.726,53.812],[-111.578,53.774],[-111.292,53.755],[-111.094,53.772],[-110.986,53.825],[-110.858,53.851],[-110.712,53.849],[-110.563,53.801],[-110.411,53.707],[-110.302,53.668],[-110.235,53.686],[-110.123,53.661],[-109.967,53.593],[-109.826,53.564],[-109.702,53.573],[-109.613,53.549],[-109.558,53.492],[-109.535,53.452],[-109.543,53.428],[-109.482,53.409],[-109.352,53.393],[-109.236,53.36],[-109.135,53.308],[-109.022,53.216],[-108.897,53.082],[-108.71,52.971],[-108.459,52.882],[-108.343,52.819],[-108.362,52.781],[-108.361,52.755],[-108.328,52.734]],[[-108.334,52.734],[-108.103,52.611],[-107.985,52.567],[-107.904,52.56],[-107.747,52.502],[-107.513,52.394],[-107.357,52.338],[-107.281,52.334],[-107.18,52.343],[-107.057,52.366],[-106.962,52.441],[-106.895,52.568],[-106.691,52.764],[-106.352,53.029],[-106.15,53.171],[-106.085,53.191],[-106.034,53.185],[-105.996,53.154],[-105.88,53.163],[-105.684,53.211],[-105.456,53.236],[-105.065,53.24]]]}},{"type":"Feature","properties":{"name":"Nu","scalerank":4},"bbox":[96.595582,20.951254,99.088763,30.447909],"geometry":{"type":"MultiLineString","coordinates":[[[96.596,30.448],[96.675,30.443],[96.707,30.406],[96.717,30.333],[96.854,30.245],[97.116,30.142],[97.29,30.032],[97.375,29.918],[97.424,29.817],[97.436,29.729],[97.477,29.635],[97.546,29.536],[97.66,29.447],[97.819,29.367],[97.949,29.226],[98.052,29.023],[98.163,28.87],[98.343,28.715],[98.367,28.577],[98.391,28.522],[98.423,28.502],[98.451,28.402],[98.474,28.22],[98.536,28.088],[98.635,28.003],[98.682,27.913],[98.676,27.817],[98.709,27.722],[98.816,27.581],[98.869,27.341],[98.889,27.059],[98.895,26.656],[98.885,26.362],[98.857,26.177],[98.856,25.931],[98.882,25.625],[98.882,25.372],[98.856,25.173],[98.871,24.991],[98.927,24.828],[98.98,24.723],[99.03,24.677],[99.036,24.594],[98.998,24.475],[99.016,24.383],[99.089,24.317],[99.058,24.248],[98.922,24.175],[98.764,24.116],[98.583,24.07],[98.473,24.026],[98.432,23.984],[98.42,23.933],[98.437,23.872],[98.496,23.783],[98.598,23.667],[98.638,23.563],[98.617,23.472],[98.635,23.417],[98.692,23.398],[98.721,23.357],[98.723,23.294],[98.654,23.248],[98.514,23.22],[98.474,23.173],[98.534,23.109],[98.548,23.068],[98.516,23.051],[98.504,23.024],[98.513,22.988],[98.554,22.953],[98.628,22.918],[98.629,22.871],[98.558,22.812],[98.553,22.706],[98.614,22.555],[98.626,22.432],[98.588,22.336],[98.587,22.251],[98.625,22.177],[98.676,22.115],[98.742,22.065],[98.718,21.995],[98.605,21.905],[98.574,21.79],[98.624,21.651],[98.629,21.564],[98.589,21.531],[98.595,21.483],[98.647,21.421],[98.681,21.337],[98.696,21.231],[98.726,21.145],[98.773,21.077],[98.724,21.02],[98.508,20.951]]]}},{"type":"Feature","properties":{"name":"Nu","scalerank":4},"bbox":[91.518373,30.437109,96.595582,31.943038],"geometry":{"type":"MultiLineString","coordinates":[[[91.518,31.943],[91.546,31.815],[91.6,31.747],[91.691,31.696],[91.755,31.607],[91.794,31.478],[91.863,31.418],[91.963,31.425],[92.032,31.396],[92.071,31.33],[92.134,31.299],[92.221,31.304],[92.282,31.347],[92.319,31.429],[92.428,31.486],[92.703,31.533],[92.869,31.563],[92.958,31.56],[93.027,31.534],[93.156,31.529],[93.347,31.544],[93.524,31.536],[93.687,31.504],[93.819,31.501],[93.922,31.525],[94.106,31.523],[94.371,31.495],[94.528,31.468],[94.575,31.443],[94.576,31.387],[94.529,31.301],[94.531,31.251],[94.583,31.237],[94.629,31.196],[94.669,31.129],[94.71,31.091],[94.752,31.08],[94.821,31.102],[94.919,31.158],[95.039,31.186],[95.181,31.188],[95.301,31.171],[95.399,31.136],[95.486,31.074],[95.563,30.985],[95.667,30.957],[95.799,30.99],[95.962,30.978],[96.157,30.921],[96.283,30.873],[96.34,30.835],[96.411,30.721],[96.497,30.529],[96.554,30.437],[96.596,30.448]]]}},{"type":"Feature","properties":{"name":"Ob","scalerank":4},"bbox":[70.353773,52.331586,85.056235,61.304062],"geometry":{"type":"MultiLineString","coordinates":[[[85.056,52.434],[84.589,52.422],[84.347,52.393],[84.175,52.342],[84.003,52.332],[83.831,52.362],[83.728,52.414],[83.694,52.489],[83.683,52.592],[83.699,52.789],[83.658,52.961],[83.658,53.04],[83.685,53.083],[83.817,53.109],[83.86,53.175],[83.849,53.199],[83.838,53.353],[83.712,53.419],[83.493,53.429],[83.332,53.457],[83.228,53.503],[83.128,53.505],[83.03,53.464],[82.897,53.437],[82.728,53.425],[82.581,53.446],[82.454,53.499],[82.388,53.545],[82.38,53.585],[82.33,53.631],[82.237,53.684],[82.114,53.718],[81.96,53.734],[81.867,53.758],[81.836,53.789],[81.727,53.8],[81.542,53.788],[81.42,53.808],[81.334,53.886]],[[70.354,61.301],[70.784,61.304],[70.979,61.298],[71.081,61.283],[71.154,61.251],[71.199,61.202],[71.257,61.195],[71.329,61.23],[71.447,61.253],[71.695,61.269],[72.044,61.255],[72.223,61.264],[72.347,61.293],[72.466,61.288],[72.581,61.251],[72.678,61.243],[72.757,61.263],[72.907,61.263],[73.237,61.235],[73.566,61.196],[73.71,61.196],[73.779,61.221],[73.877,61.214],[74.002,61.177],[74.118,61.175],[74.223,61.207],[74.314,61.201],[74.385,61.168],[74.429,61.168],[74.449,61.189],[74.515,61.213],[74.645,61.215],[74.75,61.202],[74.868,61.16],[75.333,61.124],[75.535,61.082],[75.627,61.024],[75.714,61.01],[75.794,61.04],[75.887,61.05],[75.994,61.04],[76.135,61],[76.308,60.93],[76.435,60.905],[76.517,60.925],[76.626,60.896],[76.764,60.82],[76.96,60.745],[77.215,60.674],[77.399,60.649],[77.512,60.669],[77.602,60.662],[77.672,60.627],[77.714,60.586],[77.729,60.538],[77.807,60.483],[77.949,60.422],[78.111,60.396],[78.293,60.405],[78.341,60.371],[78.345,60.332],[78.389,60.304],[78.437,60.292],[78.481,60.244],[78.563,60.196],[78.683,60.15],[78.785,60.133],[78.836,60.141],[78.871,60.116],[78.876,60.084],[78.909,60.065],[78.962,60.055],[78.979,60.019],[78.959,59.981],[78.952,59.933],[78.979,59.884],[79.039,59.841],[79.13,59.805],[79.166,59.766],[79.147,59.724],[79.148,59.689],[79.183,59.647],[79.283,59.558],[79.388,59.517],[79.531,59.495],[79.623,59.46],[79.665,59.412],[79.779,59.402],[79.967,59.429],[80.093,59.424],[80.158,59.385],[80.172,59.349],[80.133,59.317],[80.152,59.289],[80.228,59.265],[80.295,59.273],[80.354,59.312],[80.411,59.33],[80.467,59.328],[80.502,59.299],[80.516,59.243],[80.616,59.18],[80.802,59.108],[80.973,59.091],[81.128,59.13],[81.256,59.118],[81.358,59.056],[81.411,59.004],[81.415,58.963],[81.444,58.945],[81.478,58.937],[81.496,58.914],[81.505,58.886],[81.535,58.848],[81.568,58.831],[81.573,58.797],[81.542,58.745],[81.554,58.718],[81.648,58.701],[81.704,58.707],[81.735,58.723],[81.775,58.736],[81.858,58.702],[81.902,58.66],[81.908,58.61],[81.965,58.585],[82.073,58.584],[82.172,58.549],[82.262,58.48],[82.339,58.439],[82.403,58.427],[82.434,58.404],[82.435,58.369],[82.463,58.359],[82.519,58.376],[82.575,58.363],[82.631,58.322],[82.734,58.305],[82.884,58.313],[82.928,58.283],[82.934,58.24],[82.961,58.193],[83.031,58.15],[83.097,58.128],[83.16,58.127],[83.224,58.057],[83.289,57.92],[83.351,57.826],[83.41,57.776],[83.55,57.742],[83.7,57.73],[83.777,57.699],[83.816,57.641],[83.833,57.58],[83.907,57.506],[83.943,57.441],[83.94,57.384],[83.958,57.339],[83.997,57.306],[84.105,57.277],[84.28,57.253],[84.344,57.21],[84.351,57.163],[84.376,57.137],[84.406,57.109],[84.414,57.067],[84.407,57.011],[84.436,56.911],[84.401,56.792],[84.308,56.69],[84.144,56.565],[84.064,56.458],[84.066,56.369],[84.054,56.314],[84.027,56.293],[84.017,56.264],[84.024,56.227],[83.994,56.18],[83.925,56.121],[83.887,56.038],[83.879,55.929],[83.819,55.833],[83.708,55.748],[83.65,55.68],[83.645,55.629],[83.536,55.561],[83.323,55.475],[83.156,55.436],[83.033,55.444],[82.944,55.433],[82.888,55.404],[82.869,55.34],[82.887,55.243],[82.877,55.173],[82.837,55.129],[82.879,55.065],[83.002,54.981],[83.053,54.915],[83.025,54.845]]]}},{"type":"Feature","properties":{"name":"Ob","scalerank":4},"bbox":[68.856914,61.124021,70.353773,61.30122],"geometry":{"type":"MultiLineString","coordinates":[[[68.857,61.124],[69.01,61.198],[69.104,61.213],[69.189,61.196],[69.29,61.215],[69.408,61.272],[69.578,61.284],[69.8,61.251],[70.021,61.252],[70.354,61.301]]]}},{"type":"Feature","properties":{"name":"Ob","scalerank":2},"bbox":[65.140138,61.089346,69.013493,66.814139],"geometry":{"type":"MultiLineString","coordinates":[[[68.857,61.124],[68.786,61.089],[68.589,61.095],[68.465,61.125],[68.348,61.181],[68.309,61.256],[68.348,61.351],[68.353,61.416],[68.325,61.451],[68.134,61.519],[67.779,61.62],[67.586,61.712],[67.553,61.794],[67.455,61.919],[67.292,62.087],[67.043,62.2],[66.707,62.258],[66.511,62.318],[66.455,62.38],[66.39,62.42],[66.281,62.447],[65.988,62.482],[65.68,62.622],[65.258,62.879],[65.163,62.996],[65.14,63.072],[65.149,63.131],[65.211,63.206],[65.335,63.296],[65.472,63.343],[65.527,63.395],[65.524,63.456],[65.557,63.496],[65.701,63.532],[65.767,63.584],[65.757,63.652],[65.732,63.707],[65.709,63.734],[65.721,63.769],[65.788,63.792],[65.805,63.809],[65.796,63.843],[65.781,63.878],[65.803,63.899],[65.805,63.95],[65.789,64.031],[65.806,64.076],[65.858,64.085],[65.885,64.101],[65.889,64.126],[65.93,64.136],[66.008,64.131],[66.031,64.154],[65.998,64.206],[65.953,64.242],[65.895,64.262],[65.885,64.289],[65.923,64.325],[65.92,64.37],[65.876,64.426],[65.8,64.482],[65.69,64.537],[65.685,64.587],[65.706,64.615],[65.688,64.659],[65.554,64.709],[65.501,64.756],[65.529,64.799],[65.533,64.842],[65.512,64.885],[65.543,64.93],[65.565,64.982],[65.524,65.016],[65.408,65.022],[65.301,65.053],[65.257,65.099],[65.277,65.176],[65.362,65.283],[65.455,65.362],[65.557,65.411],[65.606,65.468],[65.605,65.532],[65.625,65.604],[65.667,65.685],[65.736,65.764],[65.831,65.842],[65.877,65.933],[65.871,66.035],[65.83,66.094],[65.821,66.137],[65.839,66.157],[65.883,66.196],[65.957,66.22],[66.097,66.278],[66.3,66.411],[66.451,66.571],[66.663,66.627],[66.936,66.578],[67.153,66.583],[67.315,66.641]],[[67.315,66.641],[67.573,66.629],[67.927,66.547],[68.197,66.538],[68.385,66.6],[68.497,66.656],[68.533,66.707],[68.655,66.752]],[[67.315,66.641],[67.56,66.759],[67.692,66.783],[67.869,66.773],[68.007,66.784],[68.105,66.814],[68.261,66.807],[68.655,66.752]],[[68.655,66.752],[68.907,66.799],[69.013,66.788]]]}},{"type":"Feature","properties":{"name":"Oder","scalerank":4},"bbox":[14.128626,49.637074,18.316588,53.639336],"geometry":{"type":"MultiLineString","coordinates":[[[17.618,49.739],[17.847,49.654],[17.946,49.637],[18.016,49.672],[18.142,49.73],[18.225,49.795],[18.307,49.886],[18.317,49.972],[18.253,50.055],[18.231,50.137],[18.252,50.22],[18.185,50.321],[18.032,50.441],[17.958,50.532],[17.964,50.593],[17.938,50.656],[17.88,50.722],[17.762,50.78],[17.45,50.882],[17.361,50.928],[17.3,50.975],[17.269,51.023],[17.194,51.068],[17.015,51.131],[16.869,51.229],[16.738,51.253],[16.573,51.236],[16.475,51.245],[16.442,51.279],[16.44,51.315],[16.467,51.354],[16.474,51.421],[16.462,51.518],[16.408,51.595],[16.31,51.652],[16.223,51.677],[16.146,51.669],[16.02,51.691],[15.847,51.743],[15.769,51.811],[15.787,51.894],[15.758,51.961],[15.682,52.011],[15.424,52.046],[14.761,52.077],[14.705,52.11],[14.692,52.15],[14.705,52.207],[14.68,52.25],[14.616,52.278],[14.574,52.314],[14.555,52.36],[14.57,52.431],[14.619,52.528],[14.514,52.646],[14.254,52.783],[14.129,52.878],[14.139,52.933],[14.194,52.982],[14.293,53.027],[14.369,53.106],[14.446,53.275],[14.581,53.445],[14.618,53.526],[14.61,53.584],[14.584,53.639]]]}},{"type":"Feature","properties":{"name":"Ohio","scalerank":3},"bbox":[-89.165069,36.992109,-79.990874,40.686199],"geometry":{"type":"MultiLineString","coordinates":[[[-85.186,38.694],[-85.211,38.704],[-85.247,38.727],[-85.307,38.737],[-85.405,38.73],[-85.445,38.683],[-85.425,38.597],[-85.459,38.53],[-85.546,38.484],[-85.609,38.423],[-85.646,38.347],[-85.706,38.301],[-85.788,38.285],[-85.855,38.215],[-85.906,38.091],[-85.961,38.014],[-86.021,37.984],[-86.103,37.992],[-86.208,38.037],[-86.268,38.083],[-86.284,38.13],[-86.315,38.164],[-86.343,38.179],[-86.361,38.179],[-86.363,38.172],[-86.355,38.159],[-86.365,38.145],[-86.43,38.14],[-86.457,38.12],[-86.448,38.086],[-86.463,38.062],[-86.5,38.047],[-86.52,38.015],[-86.522,37.964],[-86.549,37.917],[-86.599,37.875],[-86.673,37.889],[-86.77,37.96],[-86.869,37.976],[-86.969,37.938],[-87.044,37.886],[-87.094,37.821],[-87.141,37.805],[-87.209,37.855],[-87.372,37.923],[-87.457,37.938],[-87.518,37.922],[-87.561,37.929],[-87.576,37.948],[-87.587,37.956],[-87.599,37.946],[-87.601,37.887],[-87.615,37.849],[-87.643,37.833],[-87.665,37.846],[-87.679,37.886],[-87.714,37.9],[-87.77,37.885],[-87.825,37.891],[-87.874,37.916],[-87.892,37.913],[-87.906,37.902],[-87.902,37.855],[-87.912,37.818],[-87.938,37.794],[-87.975,37.788],[-88.022,37.8],[-88.042,37.789],[-88.073,37.771],[-88.129,37.7],[-88.14,37.621],[-88.108,37.534],[-88.191,37.465],[-88.389,37.411],[-88.495,37.364],[-88.507,37.324],[-88.493,37.262],[-88.453,37.178],[-88.446,37.12],[-88.472,37.088],[-88.614,37.11],[-88.873,37.186],[-89.046,37.183],[-89.135,37.102],[-89.165,37.042],[-89.154,36.992]],[[-79.991,40.448],[-80.149,40.522],[-80.223,40.584],[-80.265,40.661],[-80.344,40.686],[-80.519,40.647],[-80.638,40.603],[-80.659,40.563],[-80.623,40.512],[-80.604,40.445],[-80.602,40.364],[-80.668,40.185],[-80.804,39.909],[-80.872,39.736],[-80.874,39.664],[-80.963,39.571],[-81.139,39.456],[-81.263,39.387],[-81.333,39.363],[-81.392,39.365],[-81.44,39.393],[-81.493,39.374],[-81.552,39.308],[-81.606,39.274],[-81.657,39.272],[-81.701,39.229],[-81.737,39.147],[-81.771,39.099],[-81.803,39.086],[-81.805,39.044],[-81.778,38.973],[-81.78,38.947],[-81.795,38.946],[-81.809,38.95],[-81.844,38.934],[-81.882,38.894],[-81.897,38.894],[-81.907,38.9],[-81.919,38.952],[-81.95,38.989],[-82.001,39.011],[-82.072,38.963],[-82.163,38.845],[-82.204,38.768],[-82.188,38.715],[-82.18,38.638],[-82.202,38.606],[-82.252,38.594],[-82.291,38.552],[-82.318,38.48],[-82.387,38.434],[-82.498,38.415],[-82.621,38.451],[-82.758,38.541],[-82.845,38.628],[-82.88,38.71],[-83,38.714],[-83.203,38.639],[-83.357,38.627],[-83.461,38.68],[-83.538,38.7],[-83.616,38.683],[-83.69,38.65],[-83.752,38.669],[-83.828,38.731],[-83.948,38.774],[-84.113,38.798],[-84.227,38.865],[-84.29,38.975],[-84.358,39.05],[-84.43,39.091],[-84.509,39.103],[-84.595,39.086],[-84.661,39.094],[-84.707,39.129],[-84.766,39.125],[-84.837,39.083],[-84.861,39.04],[-84.835,38.996],[-84.837,38.961],[-84.864,38.933],[-84.854,38.913],[-84.807,38.9],[-84.79,38.868],[-84.801,38.819],[-84.901,38.77],[-85.094,38.714],[-85.136,38.697],[-85.17,38.69],[-85.186,38.694]]]}},{"type":"Feature","properties":{"name":"Olenekskaya Protoka","scalerank":1},"bbox":[122.751919,72.294399,126.689663,72.906506],"geometry":{"type":"MultiLineString","coordinates":[[[126.69,72.294],[126.475,72.353],[126.336,72.35],[126.203,72.308],[126.019,72.304],[125.786,72.34],[125.424,72.436],[124.932,72.591],[124.614,72.665],[124.469,72.657],[124.221,72.691],[123.871,72.767],[123.607,72.793],[123.43,72.768],[123.189,72.773],[122.752,72.907]]]}},{"type":"Feature","properties":{"name":"Orange","scalerank":4},"bbox":[16.447555,-30.679161,29.057483,-28.031002],"geometry":{"type":"MultiLineString","coordinates":[[[25.506,-30.612],[25.344,-30.56],[25.212,-30.473],[24.978,-30.263]],[[24.731,-29.979],[24.489,-29.818],[24.392,-29.736],[24.358,-29.678],[24.296,-29.643],[24.207,-29.632],[24.103,-29.586],[23.984,-29.506],[23.923,-29.441],[23.92,-29.393],[23.882,-29.347],[23.808,-29.304],[23.736,-29.23],[23.628,-29.074],[23.577,-29.166],[23.539,-29.205],[23.498,-29.222],[23.452,-29.219],[23.412,-29.203],[23.376,-29.211],[23.348,-29.245],[23.28,-29.288],[23.163,-29.332],[23.1,-29.37],[23.088,-29.39],[23.056,-29.412],[23.014,-29.431],[23.002,-29.486],[22.981,-29.512],[22.924,-29.522],[22.892,-29.529],[22.87,-29.537],[22.852,-29.558],[22.863,-29.624],[22.85,-29.661],[22.812,-29.669],[22.741,-29.613],[22.638,-29.493],[22.507,-29.403],[22.35,-29.343],[22.266,-29.268],[22.257,-29.177],[22.209,-29.061],[22.122,-28.918],[22.056,-28.854],[22.012,-28.867],[21.963,-28.858],[21.908,-28.825],[21.835,-28.721],[21.745,-28.544],[21.662,-28.44],[21.586,-28.408],[21.486,-28.4],[21.362,-28.417],[21.236,-28.494],[21.107,-28.629],[20.97,-28.714],[20.827,-28.748],[20.704,-28.76],[20.602,-28.747],[20.485,-28.692],[20.352,-28.593],[20.21,-28.514],[20.057,-28.453],[19.878,-28.449],[19.671,-28.504],[19.54,-28.575],[19.483,-28.662],[19.407,-28.714],[19.313,-28.733],[19.271,-28.778],[19.282,-28.848],[19.246,-28.902],[19.162,-28.939],[19.026,-28.928],[18.839,-28.869],[18.6,-28.855],[18.311,-28.886],[18.103,-28.872],[17.976,-28.811],[17.842,-28.777],[17.699,-28.768],[17.617,-28.743],[17.448,-28.698],[17.416,-28.621],[17.396,-28.563],[17.348,-28.501],[17.343,-28.452],[17.38,-28.414],[17.386,-28.353],[17.359,-28.269],[17.312,-28.229],[17.246,-28.231],[17.205,-28.199],[17.188,-28.132],[17.149,-28.082],[17.056,-28.031],[16.933,-28.07],[16.875,-28.128],[16.841,-28.219],[16.81,-28.265],[16.795,-28.341],[16.787,-28.395],[16.756,-28.452],[16.723,-28.476],[16.689,-28.465],[16.626,-28.488],[16.487,-28.573],[16.448,-28.618]],[[29.057,-29.082],[29.017,-29.218],[28.958,-29.277],[28.868,-29.304],[28.809,-29.359],[28.766,-29.481],[28.721,-29.55],[28.725,-29.586],[28.762,-29.612],[28.769,-29.643],[28.744,-29.678],[28.746,-29.732],[28.773,-29.802],[28.753,-29.851],[28.686,-29.877],[28.666,-29.91],[28.693,-29.948],[28.686,-29.984],[28.645,-30.018],[28.567,-30.038],[28.454,-30.045],[28.374,-30.032],[28.325,-30.001],[28.209,-30.006],[28.025,-30.049],[27.925,-30.101],[27.906,-30.164],[27.876,-30.213],[27.835,-30.25],[27.792,-30.264],[27.744,-30.257],[27.713,-30.282],[27.698,-30.339],[27.657,-30.374],[27.591,-30.386],[27.51,-30.371],[27.431,-30.339],[27.409,-30.325],[27.39,-30.326],[27.388,-30.335],[27.389,-30.353],[27.377,-30.372],[27.345,-30.386],[27.338,-30.402],[27.337,-30.416],[27.334,-30.427],[27.31,-30.431],[27.295,-30.445],[27.283,-30.476],[27.226,-30.499],[27.082,-30.522],[27.041,-30.541],[27.028,-30.573],[26.988,-30.609],[26.897,-30.654],[26.796,-30.678],[26.684,-30.679],[26.581,-30.65],[26.488,-30.59],[26.401,-30.565],[26.32,-30.574],[26.247,-30.556],[26.18,-30.509],[26.103,-30.5],[25.972,-30.545]]]}},{"type":"Feature","properties":{"name":"Orinoco","scalerank":3},"bbox":[-67.855258,2.152711,-61.098849,9.788188],"geometry":{"type":"MultiLineString","coordinates":[[[-63.436,2.374],[-63.641,2.312],[-63.732,2.258],[-63.779,2.191],[-63.849,2.156],[-63.991,2.153],[-64.279,2.265],[-64.408,2.292],[-64.475,2.271],[-64.68,2.326],[-65.022,2.456],[-65.196,2.587],[-65.202,2.718],[-65.246,2.818],[-65.328,2.886],[-65.393,2.966],[-65.442,3.059],[-65.49,3.117],[-65.537,3.142],[-65.613,3.152],[-65.772,3.142],[-65.942,3.162],[-66.011,3.13],[-66.036,3.052],[-66.129,3.024],[-66.29,3.045],[-66.413,3.091],[-66.5,3.161],[-66.556,3.237],[-66.581,3.318],[-66.645,3.42],[-66.801,3.606],[-66.946,3.706],[-67.002,3.792],[-67.015,3.896],[-67.116,3.948],[-67.302,3.946],[-67.48,3.981],[-67.732,4.087],[-67.783,4.198],[-67.799,4.284],[-67.795,4.381],[-67.814,4.455],[-67.855,4.507],[-67.855,4.665],[-67.814,4.931],[-67.804,5.133],[-67.825,5.27],[-67.788,5.375],[-67.695,5.448],[-67.642,5.559],[-67.631,5.709],[-67.575,5.833],[-67.474,5.93],[-67.439,6.026],[-67.472,6.12],[-67.423,6.202],[-67.4,6.24],[-67.225,6.386],[-67.119,6.557],[-67.062,6.851],[-67.071,7.033],[-66.959,7.151],[-66.73,7.266],[-66.563,7.396],[-66.461,7.542],[-66.297,7.629],[-66.072,7.657],[-65.912,7.714],[-65.769,7.841],[-65.641,7.892],[-65.518,7.901],[-65.358,7.883],[-65.221,7.857],[-65.105,7.823],[-65.004,7.771],[-64.928,7.71],[-64.904,7.681],[-64.887,7.668],[-64.873,7.666],[-64.854,7.668],[-64.838,7.67],[-64.787,7.685],[-64.742,7.709],[-64.59,7.76],[-64.51,7.824],[-64.538,7.892],[-64.545,7.943],[-64.531,7.978],[-64.481,7.999],[-64.395,8.006],[-64.331,8.028],[-64.288,8.065],[-64.222,8.057],[-64.155,8.005],[-64.114,7.981],[-64.089,7.975],[-64.05,7.971],[-63.993,7.974],[-63.924,8.013],[-63.849,8.092],[-63.727,8.136],[-63.558,8.145],[-63.399,8.191],[-63.249,8.273],[-63.101,8.304],[-62.953,8.284],[-62.791,8.334],[-62.615,8.454],[-62.429,8.553],[-62.235,8.633],[-62.152,8.642]],[[-62.152,8.642],[-62.092,8.648],[-62.002,8.6],[-61.88,8.582],[-61.65,8.603],[-61.619,8.597],[-61.395,8.774],[-61.099,8.941]],[[-62.063,9.036],[-62.077,8.975],[-62.065,8.928],[-62.025,8.896],[-62.039,8.828],[-62.137,8.673],[-62.152,8.642]],[[-61.736,9.631],[-61.743,9.603],[-61.849,9.289],[-61.924,9.152],[-62.044,9.055],[-62.063,9.036]],[[-62.3,9.788],[-62.309,9.748],[-62.326,9.721],[-62.414,9.562],[-62.388,9.421],[-62.277,9.245],[-62.18,9.134],[-62.098,9.089],[-62.063,9.036]]]}},{"type":"Feature","properties":{"name":"Paranaíba","scalerank":4},"bbox":[-49.788764,-19.170664,-46.313938,-18.083185],"geometry":{"type":"MultiLineString","coordinates":[[[-46.314,-19.171],[-46.561,-18.852],[-46.517,-18.793],[-46.514,-18.765],[-46.538,-18.748],[-46.54,-18.71],[-46.519,-18.652],[-46.535,-18.564],[-46.586,-18.448],[-46.697,-18.355],[-46.867,-18.284],[-46.992,-18.258],[-47.071,-18.277],[-47.152,-18.228],[-47.235,-18.112],[-47.319,-18.083],[-47.447,-18.171]],[[-48.018,-18.434],[-48.227,-18.34]],[[-49.108,-18.388],[-49.179,-18.405],[-49.247,-18.468],[-49.337,-18.585],[-49.417,-18.603],[-49.488,-18.522],[-49.553,-18.51],[-49.612,-18.567],[-49.678,-18.6],[-49.789,-18.615]]]}},{"type":"Feature","properties":{"name":"Paraná","scalerank":2},"bbox":[-60.756984,-34.03818,-50.489729,-14.319384],"geometry":{"type":"MultiLineString","coordinates":[[[-59.182,-33.806],[-59.082,-33.822],[-58.934,-33.884],[-58.737,-33.994],[-58.591,-34.038],[-58.429,-33.991]],[[-60.39,-33.173],[-60.282,-33.259],[-59.854,-33.534],[-59.548,-33.684],[-59.362,-33.709],[-59.287,-33.742],[-59.241,-33.779],[-59.182,-33.806]],[[-60.39,-33.173],[-60.111,-33.249],[-59.947,-33.268],[-59.823,-33.25],[-59.664,-33.315],[-59.472,-33.463],[-59.328,-33.604],[-59.182,-33.806]],[[-60.391,-33.173],[-60.39,-33.173]],[[-58.605,-27.314],[-58.816,-27.438],[-58.878,-27.512],[-58.85,-27.611],[-58.824,-27.718],[-58.831,-27.826],[-58.862,-27.971],[-58.93,-28.076],[-59.035,-28.142],[-59.087,-28.288],[-59.087,-28.514],[-59.122,-28.735],[-59.192,-28.948],[-59.194,-28.981],[-59.205,-29.032],[-59.227,-29.058],[-59.256,-29.083],[-59.304,-29.104],[-59.44,-29.17],[-59.529,-29.25],[-59.565,-29.335],[-59.605,-29.495],[-59.65,-29.73],[-59.654,-29.898],[-59.615,-29.999],[-59.614,-30.11],[-59.651,-30.233],[-59.656,-30.336],[-59.629,-30.421],[-59.625,-30.526],[-59.637,-30.604],[-59.638,-30.669],[-59.654,-30.717],[-59.675,-30.76],[-59.738,-30.83],[-60.064,-31.27],[-60.302,-31.554],[-60.448,-31.666],[-60.581,-31.699],[-60.666,-31.768],[-60.702,-31.871],[-60.706,-31.959],[-60.676,-32.033],[-60.678,-32.136],[-60.726,-32.335],[-60.757,-32.517],[-60.744,-32.645],[-60.698,-32.78],[-60.631,-32.916],[-60.541,-33.053],[-60.39,-33.173],[-60.39,-33.173]],[[-54.611,-25.433],[-54.632,-26.006],[-54.678,-26.309],[-54.755,-26.533],[-54.826,-26.652],[-54.889,-26.667],[-54.934,-26.703],[-54.962,-26.759],[-55.014,-26.807],[-55.089,-26.845],[-55.13,-26.886],[-55.136,-26.931],[-55.208,-26.96],[-55.346,-26.973],[-55.427,-27.009],[-55.451,-27.068],[-55.497,-27.115],[-55.565,-27.15],[-55.597,-27.208],[-55.594,-27.288],[-55.633,-27.357],[-55.715,-27.415],[-55.79,-27.416],[-55.859,-27.362],[-55.951,-27.326],[-56.067,-27.308],[-56.164,-27.321],[-56.242,-27.367],[-56.311,-27.439],[-56.37,-27.537],[-56.437,-27.554],[-56.511,-27.488],[-56.603,-27.468],[-56.716,-27.494],[-56.805,-27.485],[-56.872,-27.441],[-56.974,-27.436],[-57.112,-27.47],[-57.391,-27.43],[-57.812,-27.317],[-58.168,-27.273],[-58.605,-27.314]],[[-53.786,-23.333],[-53.908,-23.407],[-53.996,-23.57],[-54.05,-23.823],[-54.125,-23.978],[-54.267,-24.066],[-54.067,-24.004],[-53.99,-23.838],[-53.916,-23.577],[-53.858,-23.423],[-53.786,-23.333]],[[-52.961,-22.455],[-53.116,-22.64],[-53.272,-22.752],[-53.481,-22.852],[-53.62,-23.001],[-53.69,-23.198],[-53.786,-23.333]],[[-51.397,-20.441],[-51.534,-20.558],[-51.593,-20.666],[-51.619,-20.807],[-51.692,-20.944],[-51.811,-21.077],[-51.866,-21.183],[-51.857,-21.26],[-51.873,-21.33],[-51.936,-21.423]],[[-50.49,-19.02],[-50.532,-19.087],[-50.578,-19.112],[-50.642,-19.118],[-50.713,-19.161],[-50.792,-19.238],[-50.844,-19.311],[-50.869,-19.377],[-50.871,-19.424],[-50.864,-19.438],[-50.881,-19.459],[-50.924,-19.464],[-50.964,-19.511],[-50.997,-19.668]],[[-55.075,-14.319],[-55.432,-14.357],[-55.8,-14.549],[-56.006,-14.635],[-56.173,-14.68],[-56.316,-14.778],[-56.436,-14.928],[-56.497,-15.037],[-56.497,-15.104],[-56.444,-15.171],[-56.337,-15.239],[-56.275,-15.328],[-56.258,-15.437],[-56.205,-15.531],[-56.117,-15.609],[-56.089,-15.68],[-56.121,-15.746],[-56.133,-15.801],[-56.122,-15.845],[-56.07,-15.896],[-55.977,-15.952],[-55.917,-16.009],[-55.89,-16.069],[-55.905,-16.13],[-55.963,-16.195],[-55.977,-16.254],[-55.947,-16.309],[-55.965,-16.362],[-56.031,-16.413],[-56.134,-16.453],[-56.273,-16.483],[-56.382,-16.565],[-56.461,-16.699],[-56.529,-16.785],[-56.586,-16.822],[-56.62,-16.872],[-56.633,-16.936],[-56.627,-16.993],[-56.59,-17.067],[-56.79,-17.386],[-56.888,-17.518],[-56.98,-17.595],[-57.08,-17.734],[-57.198,-17.812],[-57.37,-17.876],[-57.432,-18.045],[-57.386,-18.321],[-57.407,-18.497],[-57.496,-18.573],[-57.549,-18.664],[-57.567,-18.769],[-57.607,-18.838],[-57.668,-18.873],[-57.688,-18.919],[-57.668,-18.978],[-57.588,-19.019],[-57.448,-19.042],[-57.365,-19.07],[-57.342,-19.103],[-57.304,-19.233],[-57.3,-19.297],[-57.309,-19.351],[-57.345,-19.414],[-57.408,-19.485],[-57.427,-19.529],[-57.403,-19.546],[-57.413,-19.587],[-57.458,-19.652],[-57.522,-19.697],[-57.606,-19.721],[-57.649,-19.752],[-57.649,-19.789],[-57.711,-19.861],[-57.835,-19.97],[-57.962,-20.059],[-58.094,-20.13],[-58.149,-20.177],[-58.129,-20.202],[-58.129,-20.226],[-58.148,-20.25],[-58.115,-20.304],[-58.032,-20.39],[-57.988,-20.498],[-57.984,-20.628],[-57.966,-20.687],[-57.934,-20.675],[-57.904,-20.685],[-57.875,-20.715],[-57.881,-20.746],[-57.921,-20.778],[-57.921,-20.803],[-57.881,-20.822],[-57.874,-20.85],[-57.902,-20.887],[-57.891,-20.918],[-57.843,-20.942],[-57.822,-21.009],[-57.831,-21.119],[-57.852,-21.199],[-57.887,-21.25],[-57.893,-21.289],[-57.868,-21.317],[-57.88,-21.375],[-57.927,-21.464],[-57.937,-21.553],[-57.91,-21.643],[-57.918,-21.789],[-57.981,-22.09],[-57.97,-22.215],[-57.931,-22.29],[-57.862,-22.356],[-57.814,-22.455],[-57.788,-22.589],[-57.817,-22.671],[-57.899,-22.701],[-57.903,-22.751],[-57.829,-22.822],[-57.792,-22.898],[-57.79,-22.98],[-57.713,-23.084],[-57.561,-23.21],[-57.476,-23.348],[-57.459,-23.499],[-57.407,-23.613],[-57.32,-23.692],[-57.293,-23.779],[-57.327,-23.875],[-57.299,-23.972],[-57.208,-24.069],[-57.172,-24.132],[-57.19,-24.162],[-57.17,-24.223],[-57.112,-24.318],[-57.08,-24.403],[-57.073,-24.478],[-57.084,-24.547],[-57.13,-24.64],[-57.124,-24.724],[-57.154,-24.787],[-57.217,-24.857],[-57.237,-24.915],[-57.212,-24.961],[-57.221,-24.984],[-57.264,-24.983],[-57.32,-25.015],[-57.388,-25.08],[-57.448,-25.112],[-57.499,-25.11],[-57.561,-25.154],[-57.635,-25.245],[-57.644,-25.328],[-57.587,-25.405],[-57.563,-25.474],[-57.572,-25.534],[-57.626,-25.599],[-57.725,-25.667],[-57.755,-25.697],[-57.757,-25.726],[-57.782,-25.784],[-57.865,-25.907],[-57.886,-25.964],[-57.891,-26.007],[-57.943,-26.053],[-58.082,-26.139],[-58.111,-26.18],[-58.118,-26.225],[-58.136,-26.251],[-58.155,-26.263],[-58.181,-26.307],[-58.203,-26.381],[-58.205,-26.477],[-58.188,-26.593],[-58.191,-26.63],[-58.222,-26.65],[-58.239,-26.677],[-58.246,-26.731],[-58.272,-26.771],[-58.318,-26.796],[-58.335,-26.825],[-58.323,-26.858],[-58.356,-26.89],[-58.436,-26.922],[-58.485,-26.968],[-58.503,-27.03],[-58.548,-27.084],[-58.619,-27.132],[-58.642,-27.196],[-58.605,-27.314]]]}},{"type":"Feature","properties":{"name":"Peace","scalerank":2},"bbox":[-122.221707,55.933589,-111.410765,59.1521],"geometry":{"type":"MultiLineString","coordinates":[[[-122.222,56.021],[-122.17,55.972],[-122.118,55.962],[-122.048,55.974],[-121.951,56.017],[-121.826,56.091],[-121.631,56.165],[-121.365,56.24],[-121.039,56.238],[-120.654,56.16],[-120.389,56.121],[-120.244,56.122],[-119.735,56.18],[-119.492,56.231],[-119.298,56.294],[-119.145,56.316],[-119.032,56.296],[-118.978,56.267],[-118.984,56.23],[-118.963,56.188],[-118.917,56.14],[-118.907,56.1],[-118.917,56.07],[-118.869,56.017],[-118.716,55.956],[-118.449,55.934],[-118.068,55.949],[-117.739,56.023],[-117.462,56.153],[-117.273,56.288],[-117.171,56.427],[-117.128,56.536],[-117.143,56.616],[-117.177,56.669],[-117.228,56.705],[-117.23,56.733],[-117.253,56.755],[-117.291,56.787],[-117.319,56.843],[-117.295,56.925],[-117.219,57.033],[-117.209,57.083],[-117.213,57.117],[-117.195,57.137],[-117.17,57.148],[-117.121,57.18],[-117.097,57.229],[-117.106,57.268],[-117.133,57.309],[-117.127,57.357],[-117.083,57.417],[-117.091,57.477],[-117.105,57.507],[-117.095,57.53],[-117.058,57.558],[-117.054,57.6],[-117.076,57.622],[-117.094,57.664],[-117.088,57.692],[-117.093,57.719],[-117.106,57.752],[-117.098,57.774],[-117.107,57.795],[-117.1,57.823],[-117.078,57.845],[-117.083,57.886],[-117.133,57.921],[-117.148,57.971],[-117.116,58.024],[-117.053,58.067],[-116.956,58.099],[-116.832,58.112],[-116.68,58.107],[-116.592,58.115],[-116.569,58.137],[-116.573,58.162],[-116.604,58.189],[-116.612,58.216],[-116.598,58.242],[-116.616,58.261],[-116.642,58.278],[-116.644,58.292],[-116.6,58.312],[-116.544,58.31],[-116.495,58.306],[-116.496,58.278],[-116.482,58.263],[-116.455,58.259],[-116.384,58.293],[-116.271,58.363],[-116.144,58.416],[-116.003,58.45],[-115.767,58.439],[-115.435,58.382],[-115.169,58.359],[-114.968,58.37],[-114.694,58.444],[-114.347,58.58],[-114.086,58.664],[-113.823,58.71]],[[-113.714,58.669],[-113.271,58.779],[-113.127,58.832],[-113.134,58.865],[-113.101,58.889],[-113.026,58.903],[-112.944,58.958],[-112.853,59.054],[-112.769,59.118],[-112.692,59.152],[-112.528,59.143],[-112.277,59.092],[-112.102,59.078],[-112.001,59.102],[-111.944,59.099],[-111.931,59.07],[-111.962,59.035],[-112.037,58.994],[-112.059,58.963],[-112.03,58.941],[-111.966,58.94],[-111.868,58.961],[-111.76,58.953],[-111.642,58.918],[-111.539,58.927],[-111.411,59.005]]]}},{"type":"Feature","properties":{"name":"Pechora","scalerank":4},"bbox":[52.125842,61.698818,59.286955,68.270381],"geometry":{"type":"MultiLineString","coordinates":[[[59.287,62.058],[59.175,62.022],[59.076,62.022],[58.89,62.057],[58.777,61.996],[58.639,62.008],[58.438,62.073],[58.234,62.067],[58.027,61.988],[57.909,61.913],[57.879,61.84],[57.828,61.806],[57.756,61.812],[57.617,61.783],[57.412,61.72],[57.229,61.699],[57.009,61.728],[56.962,61.763],[56.882,61.797],[56.857,61.803],[56.842,61.816],[56.851,61.846],[56.836,61.903],[56.796,61.984],[56.729,62.049],[56.666,62.082],[56.641,62.1],[56.631,62.13],[56.63,62.16],[56.644,62.178],[56.7,62.234],[56.726,62.344],[56.706,62.489],[56.625,62.595],[56.483,62.661],[56.36,62.701],[56.257,62.715],[56.213,62.753],[56.227,62.817],[56.201,62.884],[56.103,62.99],[55.936,63.16],[55.941,63.191],[55.956,63.209],[55.993,63.22],[56.056,63.196],[56.174,63.222],[56.292,63.29],[56.37,63.305],[56.419,63.313],[56.441,63.35],[56.445,63.383],[56.47,63.416],[56.519,63.427],[56.541,63.442],[56.53,63.464],[56.478,63.502],[56.467,63.539],[56.504,63.566],[56.556,63.589],[56.639,63.661],[56.712,63.763],[56.944,63.839],[57.336,63.89],[57.47,63.912],[57.507,63.942],[57.511,63.986],[57.525,64.017],[57.584,64.052],[57.603,64.09],[57.577,64.123],[57.581,64.16],[57.559,64.197],[57.565,64.231],[57.579,64.258],[57.624,64.29],[57.638,64.325],[57.673,64.34],[57.716,64.373],[57.73,64.397],[57.773,64.411],[57.783,64.443],[57.787,64.474],[57.793,64.496],[57.805,64.535],[57.807,64.579],[57.828,64.651],[57.879,64.74],[57.844,64.806],[57.722,64.847],[57.608,64.908],[57.503,64.988],[57.4,65.029],[57.301,65.034],[57.256,65.06],[57.265,65.108],[57.203,65.137],[57.068,65.147],[57.016,65.241],[57.047,65.421],[56.967,65.568],[56.777,65.683],[56.744,65.789],[56.777,65.847],[56.834,65.912],[56.837,65.971],[56.806,66.003],[56.736,66.033],[56.621,66.122],[56.491,66.257],[56.283,66.325],[55.998,66.326],[55.763,66.302],[55.412,66.2],[55.264,66.142],[55.171,66.065],[55.133,65.968],[55.093,65.91],[55.029,65.878],[54.836,65.752],[54.711,65.702],[54.588,65.686],[54.456,65.625],[54.315,65.516],[54.103,65.458],[53.822,65.449],[53.588,65.417],[53.403,65.361],[53.194,65.333],[52.959,65.332],[52.67,65.357],[52.327,65.408],[52.153,65.466],[52.15,65.532],[52.179,65.629],[52.239,65.759],[52.349,65.869],[52.507,65.96],[52.567,66.02],[52.528,66.049],[52.507,66.111],[52.506,66.206],[52.487,66.287],[52.451,66.354],[52.454,66.404],[52.496,66.438],[52.504,66.474],[52.478,66.514],[52.471,66.556],[52.484,66.599],[52.451,66.651],[52.373,66.71],[52.354,66.831],[52.392,67.014],[52.381,67.115],[52.287,67.145],[52.169,67.26],[52.132,67.318],[52.136,67.358],[52.17,67.396],[52.234,67.43],[52.231,67.456],[52.16,67.473],[52.126,67.507],[52.128,67.557],[52.247,67.614],[52.483,67.678],[52.627,67.699]],[[52.627,67.699],[52.743,67.755],[53.107,67.864]],[[52.627,67.699],[52.68,67.678],[52.813,67.673],[53.025,67.684],[53.184,67.734],[53.291,67.824],[53.514,67.911],[53.852,67.995],[54.067,68.081],[54.207,68.209],[54.233,68.266]],[[53.107,67.864],[53.215,67.933],[53.085,67.965],[53.027,68.011],[53.043,68.069],[53.093,68.118],[53.179,68.157],[53.227,68.196],[53.242,68.242],[53.262,68.27]],[[53.914,68.231],[53.749,68.175],[53.672,68.125],[53.621,68.057],[53.495,67.987],[53.192,67.88],[53.107,67.864]]]}},{"type":"Feature","properties":{"name":"Quan","scalerank":4},"bbox":[109.528643,23.404851,110.089332,23.796377],"geometry":{"type":"MultiLineString","coordinates":[[[109.529,23.796],[109.543,23.729],[109.575,23.7],[109.629,23.688],[109.651,23.665],[109.641,23.629],[109.663,23.575],[109.717,23.502],[109.796,23.454],[109.9,23.43],[109.963,23.431],[109.986,23.455],[110.021,23.452],[110.089,23.405]]]}},{"type":"Feature","properties":{"name":"Rhein","scalerank":4},"bbox":[8.750815,46.676324,9.625904,47.670682],"geometry":{"type":"MultiLineString","coordinates":[[[8.751,46.676],[9.046,46.758],[9.416,46.835]],[[9.409,46.835],[9.517,46.907],[9.534,46.963],[9.496,47.028],[9.479,47.098],[9.484,47.173],[9.528,47.271],[9.609,47.392],[9.626,47.467],[9.554,47.511]],[[9.128,47.671],[9.183,47.671]]]}},{"type":"Feature","properties":{"name":"Rhin","scalerank":4},"bbox":[7.529391,47.563841,8.881143,48.965435],"geometry":{"type":"MultiLineString","coordinates":[[[8.881,47.656],[8.7,47.686],[8.62,47.662],[8.58,47.595],[8.482,47.576],[8.328,47.607],[8.198,47.607],[8.094,47.576],[7.927,47.564],[7.698,47.57],[7.565,47.607],[7.529,47.674],[7.539,47.774],[7.593,47.906],[7.608,48.003],[7.584,48.064],[7.617,48.157],[7.706,48.28],[7.765,48.41],[7.795,48.547],[7.838,48.636],[7.923,48.699],[8.23,48.965]]]}},{"type":"Feature","properties":{"name":"Rhine","scalerank":4},"bbox":[4.98536,48.965435,8.498221,51.888203],"geometry":{"type":"MultiLineString","coordinates":[[[8.23,48.965],[8.417,49.214],[8.486,49.33],[8.498,49.397],[8.489,49.436],[8.458,49.447],[8.422,49.505],[8.381,49.611],[8.389,49.69],[8.431,49.728],[8.437,49.767],[8.401,49.815],[8.357,49.911],[8.305,49.981],[8.243,50.023],[8.129,50.026],[7.962,49.991],[7.803,50.042],[7.654,50.181],[7.607,50.222],[7.611,50.266],[7.629,50.324],[7.608,50.367],[7.557,50.4],[7.444,50.433],[7.344,50.486],[7.257,50.559],[7.204,50.622],[7.185,50.673],[7.125,50.734],[7.025,50.805],[6.995,50.853],[6.995,50.904],[6.973,50.938],[6.968,50.998],[6.938,51.04],[6.881,51.064],[6.851,51.097],[6.847,51.139],[6.816,51.169],[6.758,51.187],[6.76,51.227],[6.741,51.268],[6.69,51.303],[6.698,51.364],[6.707,51.422],[6.698,51.458],[6.693,51.487],[6.687,51.524],[6.624,51.559],[6.593,51.592],[6.596,51.637],[6.357,51.775],[6.212,51.837],[6.08,51.869],[6.039,51.872],[5.975,51.877],[5.898,51.86],[5.78,51.863],[5.622,51.888],[5.492,51.878],[5.389,51.833],[5.25,51.813],[4.985,51.824]]]}},{"type":"Feature","properties":{"name":"Rio Grande","scalerank":4},"bbox":[-107.426564,25.870514,-97.146235,37.808855],"geometry":{"type":"MultiLineString","coordinates":[[[-99.172,26.564],[-99.108,26.447],[-99.015,26.399],[-98.873,26.381],[-98.765,26.34],[-98.691,26.276],[-98.598,26.238],[-98.486,26.225],[-98.378,26.182],[-98.275,26.111],[-98.083,26.064],[-97.801,26.042],[-97.587,25.984],[-97.44,25.891],[-97.376,25.872],[-97.358,25.871],[-97.35,25.885],[-97.339,25.911],[-97.282,25.942],[-97.146,25.961]],[[-101.039,29.46],[-101.016,29.401],[-100.924,29.315],[-100.755,29.183],[-100.659,29.069],[-100.636,28.973],[-100.55,28.821],[-100.399,28.614],[-100.332,28.503],[-100.348,28.486],[-100.336,28.428],[-100.296,28.328],[-100.221,28.243],[-100.112,28.173],[-100.001,28.048],[-99.89,27.867],[-99.754,27.73],[-99.595,27.636],[-99.505,27.548],[-99.484,27.467],[-99.486,27.398],[-99.51,27.34],[-99.5,27.286],[-99.455,27.234],[-99.44,27.17],[-99.458,27.082],[-99.457,27.057]],[[-106.566,31.82],[-106.436,31.764],[-106.347,31.679],[-106.256,31.545],[-106.148,31.451],[-106.024,31.398],[-105.813,31.241],[-105.514,30.981],[-105.276,30.807],[-105.098,30.721],[-104.979,30.646],[-104.918,30.583],[-104.836,30.448],[-104.681,30.134],[-104.681,29.991],[-104.622,29.854],[-104.504,29.678],[-104.401,29.574],[-104.312,29.542],[-104.216,29.48],[-104.111,29.386],[-103.99,29.323],[-103.853,29.291],[-103.664,29.207],[-103.423,29.071],[-103.258,29.001],[-103.168,28.998],[-103.09,29.042],[-103.023,29.132],[-102.957,29.19],[-102.892,29.216],[-102.866,29.258],[-102.878,29.315],[-102.834,29.444],[-102.734,29.644],[-102.615,29.752],[-102.476,29.769],[-102.386,29.807],[-102.343,29.865],[-102.269,29.871],[-102.163,29.825],[-101.991,29.796],[-101.752,29.782],[-101.612,29.787],[-101.569,29.809],[-101.546,29.808],[-101.545,29.784],[-101.509,29.773],[-101.44,29.777],[-101.38,29.743],[-101.304,29.634]],[[-107.293,32.91],[-107.24,32.743],[-107.172,32.674],[-107.07,32.649],[-106.975,32.584],[-106.889,32.479],[-106.846,32.399],[-106.847,32.346],[-106.777,32.195],[-106.566,31.82]],[[-107.181,33.173],[-107.28,33.116]],[[-107.427,37.776],[-107.067,37.744],[-106.924,37.809],[-106.814,37.792],[-106.688,37.716],[-106.542,37.678],[-106.374,37.678],[-106.196,37.647],[-106.007,37.584],[-105.879,37.525],[-105.811,37.469],[-105.763,37.406],[-105.735,37.335],[-105.732,37.24],[-105.752,37.119],[-105.743,36.98],[-105.703,36.823],[-105.695,36.651],[-105.719,36.464],[-105.761,36.339],[-105.85,36.244],[-106.006,36.133],[-106.073,36.048],[-106.101,35.951],[-106.166,35.855],[-106.268,35.76],[-106.343,35.648],[-106.392,35.519],[-106.487,35.376],[-106.628,35.218],[-106.692,35.089],[-106.682,34.989],[-106.716,34.781],[-106.796,34.465],[-106.85,34.295],[-106.878,34.269],[-106.886,34.147],[-106.874,33.928],[-106.928,33.749],[-107.048,33.61],[-107.123,33.494],[-107.17,33.356]]]}},{"type":"Feature","properties":{"name":"Rosetta Branch","scalerank":1},"bbox":[30.395075,30.120694,31.237608,31.457615],"geometry":{"type":"MultiLineString","coordinates":[[[31.238,30.121],[31.212,30.139],[31.163,30.151],[31.053,30.192],[30.972,30.245],[30.935,30.306],[30.896,30.335],[30.855,30.354],[30.858,30.384],[30.848,30.471],[30.786,30.666],[30.77,30.78],[30.785,30.811],[30.772,30.844],[30.762,30.866],[30.763,30.944],[30.747,31.011],[30.715,31.065],[30.656,31.118],[30.569,31.17],[30.523,31.229],[30.52,31.295],[30.488,31.357],[30.395,31.458]]]}},{"type":"Feature","properties":{"name":"Salween","scalerank":4},"bbox":[97.331868,16.551626,98.679486,20.951254],"geometry":{"type":"MultiLineString","coordinates":[[[98.508,20.951],[98.502,20.828],[98.538,20.712],[98.613,20.561],[98.66,20.414],[98.679,20.272],[98.552,20.149],[98.141,19.99],[97.943,19.961],[97.865,19.929],[97.841,19.884],[97.81,19.858],[97.771,19.85],[97.696,19.718],[97.531,19.331],[97.457,18.852],[97.44,18.831],[97.406,18.828],[97.353,18.843],[97.332,18.778],[97.341,18.634],[97.381,18.494],[97.451,18.36],[97.524,18.296],[97.599,18.303],[97.632,18.29],[97.622,18.258],[97.652,18.174],[97.72,18.037],[97.74,17.935],[97.699,17.834],[97.755,17.571],[97.749,17.444],[97.7,17.364],[97.659,17.251],[97.626,17.107],[97.609,16.947],[97.606,16.772],[97.622,16.652],[97.668,16.552]]]}},{"type":"Feature","properties":{"name":"Saskatchewan","scalerank":4},"bbox":[-105.06508,53.156678,-99.229829,54.071222],"geometry":{"type":"MultiLineString","coordinates":[[[-99.33,53.159],[-99.23,53.185]],[[-105.065,53.24],[-104.901,53.164],[-104.819,53.157],[-104.765,53.193],[-104.571,53.233],[-104.238,53.276],[-104.027,53.344],[-103.894,53.482]],[[-103.421,53.653],[-103.129,53.752],[-103.045,53.809],[-103.072,53.855],[-103.05,53.922],[-102.978,54.009],[-102.9,54.059],[-102.813,54.071],[-102.686,54.053],[-102.434,53.982]],[[-102.381,53.966],[-102.188,53.904],[-102.04,53.884],[-101.872,53.885],[-101.732,53.904],[-101.62,53.942],[-101.548,53.981],[-101.516,54.021],[-101.46,53.994],[-101.381,53.903],[-101.265,53.862],[-101.112,53.874],[-101.043,53.859],[-101.056,53.817],[-101.026,53.761],[-100.953,53.69],[-100.782,53.66],[-100.514,53.67],[-100.366,53.654],[-100.323,53.591]]]}},{"type":"Feature","properties":{"name":"Seine","scalerank":4},"bbox":[0.439255,47.577871,4.707651,49.49362],"geometry":{"type":"MultiLineString","coordinates":[[[4.708,47.578],[4.584,47.74],[4.554,47.812],[4.574,47.85],[4.565,47.891],[4.506,47.958],[4.408,48.082],[4.322,48.145],[4.214,48.19],[4.096,48.284],[3.969,48.427],[3.858,48.517],[3.763,48.551],[3.561,48.526],[3.252,48.44],[3.038,48.393],[2.922,48.385],[2.819,48.409],[2.687,48.492],[2.573,48.533],[2.499,48.582],[2.428,48.65],[2.405,48.699],[2.43,48.728],[2.43,48.766],[2.404,48.811],[2.352,48.834],[2.296,48.852],[2.27,48.875],[2.25,48.908],[2.217,48.912],[2.173,48.904],[2.144,48.928],[2.138,48.948],[2.111,48.958],[2.062,48.954],[2.008,48.961],[1.976,48.996],[1.908,49.006],[1.803,48.99],[1.718,48.992],[1.675,49.017],[1.668,49.047],[1.635,49.06],[1.585,49.052],[1.497,49.084],[1.397,49.16],[1.354,49.211],[1.314,49.219],[1.279,49.212],[1.244,49.221],[1.238,49.244],[1.228,49.282],[1.189,49.307],[1.092,49.312],[1.056,49.328],[1.043,49.355],[1.023,49.381],[0.972,49.378],[0.93,49.39],[0.897,49.424],[0.853,49.415],[0.828,49.426],[0.785,49.471],[0.719,49.48],[0.652,49.46],[0.585,49.453],[0.493,49.494],[0.439,49.473]]]}},{"type":"Feature","properties":{"name":"Selenge (Selenga)","scalerank":2},"bbox":[100.699621,49.263092,107.554087,52.383108],"geometry":{"type":"MultiLineString","coordinates":[[[100.7,49.263],[101.061,49.346],[101.164,49.41],[101.256,49.439],[101.37,49.455],[101.467,49.445],[101.548,49.407],[101.696,49.391],[101.911,49.397],[102.061,49.385],[102.148,49.356],[102.321,49.355],[102.581,49.382],[102.738,49.385],[102.791,49.363],[102.832,49.363],[102.86,49.385],[102.976,49.377],[103.182,49.338],[103.444,49.361],[103.765,49.446],[104.012,49.484],[104.187,49.475],[104.342,49.513],[104.477,49.596],[104.763,49.692],[105.198,49.803],[105.6,49.958],[106.155,50.254],[106.083,50.375],[106.115,50.446],[106.226,50.508],[106.271,50.559],[106.248,50.6],[106.255,50.644],[106.293,50.69],[106.301,50.751],[106.277,50.826],[106.277,50.885],[106.3,50.929],[106.394,50.974],[106.556,51.021],[106.679,51.091],[106.763,51.184],[106.851,51.252],[106.992,51.317],[107.063,51.424],[107.148,51.478],[107.269,51.514],[107.391,51.609],[107.512,51.763],[107.554,51.853],[107.516,51.88],[107.502,51.932],[107.513,52.009],[107.5,52.074],[107.462,52.125],[107.35,52.145],[107.162,52.132],[107,52.104],[106.862,52.059],[106.753,52.055],[106.672,52.092],[106.615,52.145]],[[106.615,52.145],[106.583,52.214],[106.614,52.266],[106.752,52.316]],[[106.615,52.145],[106.499,52.234],[106.477,52.29],[106.497,52.383]]]}},{"type":"Feature","properties":{"name":"Shatt al Arab","scalerank":3},"bbox":[47.468452,29.962357,48.546526,30.968472],"geometry":{"type":"MultiLineString","coordinates":[[[47.468,30.968],[47.582,30.831],[47.647,30.775],[47.702,30.754],[47.736,30.704],[47.749,30.625],[47.785,30.561],[47.845,30.512],[47.938,30.478],[48.066,30.458],[48.148,30.417],[48.182,30.355],[48.226,30.321],[48.279,30.316],[48.331,30.285],[48.383,30.23],[48.401,30.188],[48.388,30.16],[48.399,30.11],[48.435,30.038],[48.479,30.004],[48.547,29.962]]]}},{"type":"Feature","properties":{"name":"Shiquan","scalerank":3},"bbox":[79.734596,31.400048,81.639803,32.553],"geometry":{"type":"MultiLineString","coordinates":[[[81.64,31.45],[81.549,31.404],[81.5,31.4],[81.446,31.432],[81.293,31.535],[81.225,31.602],[81.191,31.667],[81.187,31.743],[81.213,31.828],[81.268,31.9],[81.352,31.957],[81.366,32.002],[81.31,32.033],[81.282,32.08],[81.283,32.142],[81.252,32.224],[81.188,32.325],[81.029,32.42],[80.775,32.509],[80.535,32.553],[80.309,32.552],[80.08,32.525],[79.735,32.444]]]}},{"type":"Feature","properties":{"name":"Shire","scalerank":3},"bbox":[34.743337,-17.705482,35.293381,-14.401291],"geometry":{"type":"MultiLineString","coordinates":[[[35.278,-14.758],[35.293,-14.921],[35.251,-15.057],[35.107,-15.303],[34.96,-15.372],[34.874,-15.445],[34.802,-15.544],[34.758,-15.624],[34.743,-15.685],[34.751,-15.784],[34.795,-15.991],[34.889,-16.13],[34.925,-16.225],[34.934,-16.323],[34.975,-16.392],[35.049,-16.434],[35.134,-16.516],[35.23,-16.639],[35.281,-16.808],[35.291,-17.129],[35.291,-17.705]],[[35.257,-14.504],[35.236,-14.401]]]}},{"type":"Feature","properties":{"name":"Shishhid Gol","scalerank":4},"bbox":[98.000251,50.55247,99.491426,51.514091],"geometry":{"type":"MultiLineString","coordinates":[[[98.809,50.627],[98.985,50.557],[99.063,50.552],[99.121,50.61],[99.207,50.751],[99.322,50.809],[99.403,50.898],[99.478,51.048],[99.491,51.149],[99.444,51.2],[99.466,51.329],[99.424,51.349]],[[99.31,51.41],[99.004,51.473],[98.764,51.474],[98.487,51.437],[98.262,51.442],[98,51.514]]]}},{"type":"Feature","properties":{"name":"Slave","scalerank":2},"bbox":[-113.704398,59.005055,-111.384436,61.252696],"geometry":{"type":"MultiLineString","coordinates":[[[-111.411,59.005],[-111.384,59.153],[-111.408,59.213],[-111.474,59.234],[-111.473,59.262],[-111.404,59.296],[-111.394,59.346],[-111.442,59.411],[-111.453,59.49],[-111.425,59.582],[-111.45,59.683],[-111.569,59.848],[-111.631,59.922],[-111.7,59.966],[-111.799,60.005],[-111.923,60.026],[-112.07,60.029],[-112.206,60.097],[-112.33,60.232],[-112.465,60.317],[-112.523,60.332],[-112.56,60.346],[-112.551,60.362],[-112.51,60.369],[-112.456,60.381],[-112.449,60.41],[-112.461,60.438],[-112.495,60.466],[-112.497,60.49],[-112.511,60.52],[-112.547,60.543],[-112.734,60.591],[-112.838,60.643],[-112.857,60.701],[-112.898,60.739],[-112.933,60.743],[-112.957,60.754],[-112.969,60.786],[-112.978,60.801],[-113.001,60.802],[-113.061,60.777],[-113.13,60.769],[-113.186,60.784],[-113.226,60.832],[-113.247,60.911],[-113.219,60.974],[-113.142,61.02],[-113.134,61.054],[-113.151,61.069],[-113.181,61.087],[-113.192,61.12],[-113.16,61.158],[-113.164,61.172],[-113.177,61.182],[-113.211,61.188],[-113.223,61.207],[-113.214,61.226],[-113.215,61.24],[-113.252,61.249],[-113.319,61.253],[-113.704,61.246]]]}},{"type":"Feature","properties":{"name":"Snake","scalerank":4},"bbox":[-119.036062,42.521668,-110.63058,46.715495],"geometry":{"type":"MultiLineString","coordinates":[[[-113.474,42.675],[-113.624,42.578],[-113.785,42.538],[-114.008,42.522],[-114.284,42.554],[-114.614,42.635],[-114.813,42.707],[-114.882,42.771],[-114.913,42.825],[-114.908,42.871],[-114.961,42.9],[-115.072,42.913],[-115.144,42.941],[-115.176,42.985],[-115.257,42.989],[-115.386,42.953],[-115.569,42.956],[-115.806,42.999],[-115.916,42.995],[-115.974,42.978],[-116.079,43.019],[-116.257,43.129],[-116.359,43.212],[-116.386,43.269],[-116.439,43.304],[-116.516,43.316],[-116.606,43.364],[-116.707,43.448],[-116.767,43.514],[-116.785,43.562],[-116.865,43.617],[-117.006,43.679],[-117.064,43.734],[-117.024,43.806],[-116.958,43.964],[-116.944,44.038],[-116.961,44.079],[-116.95,44.119],[-116.911,44.157],[-116.912,44.199],[-116.953,44.245],[-117.029,44.276],[-117.14,44.29],[-117.197,44.344],[-117.202,44.436],[-117.119,44.578],[-116.949,44.77],[-116.856,44.906],[-116.84,44.985],[-116.737,45.169],[-116.549,45.457],[-116.477,45.641],[-116.521,45.722],[-116.617,45.799],[-116.765,45.873],[-116.869,45.958],[-116.93,46.056],[-116.948,46.124],[-116.922,46.164],[-116.943,46.232],[-117.01,46.33],[-117.039,46.397],[-117.029,46.433],[-117.07,46.449],[-117.162,46.445],[-117.214,46.468],[-117.224,46.517],[-117.284,46.582],[-117.393,46.664],[-117.503,46.709],[-117.615,46.715],[-117.702,46.698],[-117.764,46.655],[-117.875,46.618],[-118.035,46.586],[-118.205,46.577],[-118.386,46.59],[-118.546,46.527],[-118.688,46.387],[-118.827,46.291],[-119.036,46.206]],[[-112.864,42.812],[-113.022,42.686],[-113.135,42.646],[-113.316,42.654]],[[-111.188,43.339],[-111.348,43.448],[-111.409,43.51],[-111.425,43.561],[-111.586,43.635],[-111.894,43.73],[-112.043,43.708],[-112.033,43.568],[-112.072,43.446],[-112.159,43.343],[-112.312,43.225],[-112.639,43.024]],[[-110.631,43.837],[-110.727,43.62],[-110.78,43.535],[-110.822,43.512],[-110.837,43.478],[-110.825,43.435],[-110.792,43.402],[-110.738,43.378],[-110.725,43.336],[-110.754,43.274],[-110.837,43.226],[-110.983,43.19],[-111.048,43.207]]]}},{"type":"Feature","properties":{"name":"St. Clair","scalerank":3},"bbox":[-82.645131,42.558049,-82.417238,43.017375],"geometry":{"type":"MultiLineString","coordinates":[[[-82.417,43.017],[-82.488,42.74],[-82.545,42.625],[-82.645,42.558]]]}},{"type":"Feature","properties":{"name":"St. Lawrence","scalerank":2},"bbox":[-75.791957,44.497052,-74.708871,45.00392],"geometry":{"type":"MultiLineString","coordinates":[[[-74.709,45.004],[-74.762,44.999],[-74.857,45.004],[-74.996,44.97],[-75.179,44.899],[-75.401,44.772],[-75.792,44.497]]]}},{"type":"Feature","properties":{"name":"Sukhona","scalerank":4},"bbox":[38.656173,59.302298,46.339942,60.759599],"geometry":{"type":"MultiLineString","coordinates":[[[39.798,59.525],[40.099,59.476],[40.215,59.447],[40.248,59.421],[40.262,59.38],[40.26,59.323],[40.35,59.302],[40.532,59.318],[40.684,59.352],[40.808,59.404],[40.917,59.418],[41.011,59.396],[41.155,59.391],[41.349,59.403],[41.558,59.43],[41.784,59.473],[41.9,59.512],[41.906,59.546],[41.954,59.584],[42.044,59.628],[42.169,59.657],[42.328,59.67],[42.462,59.7],[42.57,59.746],[42.653,59.816],[42.711,59.91],[42.853,59.982],[43.191,60.057],[43.731,60.19],[44.032,60.292],[44.276,60.407],[44.492,60.474],[44.679,60.493],[44.835,60.526],[44.962,60.573],[45.156,60.6],[45.418,60.605],[45.606,60.632],[45.72,60.68],[45.831,60.697],[45.939,60.684],[46.051,60.699],[46.166,60.742],[46.252,60.76],[46.34,60.749]],[[39.053,59.868],[38.928,59.939],[38.656,59.93]]]}},{"type":"Feature","properties":{"name":"Severnaya Dvina","scalerank":4},"bbox":[40.407797,60.74916,46.617134,64.754885],"geometry":{"type":"MultiLineString","coordinates":[[[46.34,60.749],[46.456,60.843],[46.512,60.91],[46.547,60.982],[46.565,61.044],[46.565,61.096],[46.58,61.13],[46.61,61.145],[46.617,61.186],[46.591,61.287],[46.255,61.472],[45.945,61.595],[45.551,61.717],[45.291,61.84],[45.167,61.964],[45.091,62.061],[45.063,62.13],[44.975,62.206],[44.826,62.29],[44.562,62.347],[44.184,62.377],[43.907,62.442],[43.732,62.543],[43.404,62.67],[42.924,62.824],[42.657,62.934],[42.605,63.002],[42.487,63.045],[42.212,63.073],[42.077,63.141],[42.041,63.195],[42.057,63.258],[42.016,63.329],[41.916,63.408],[41.872,63.483],[41.885,63.553],[41.806,63.605],[41.634,63.639],[41.515,63.681],[41.448,63.732],[41.47,63.785],[41.58,63.84],[41.633,63.88],[41.628,63.904],[41.658,63.944],[41.724,63.999],[41.752,64.052],[41.742,64.102],[41.777,64.137],[41.857,64.157],[41.884,64.192],[41.856,64.244],[41.654,64.295],[41.277,64.345],[40.949,64.416],[40.53,64.555],[40.45,64.63],[40.408,64.755]]]}},{"type":"Feature","properties":{"name":"São  Francisco","scalerank":4},"bbox":[-45.262193,-18.204263,-36.411596,-8.559219],"geometry":{"type":"MultiLineString","coordinates":[[[-45.262,-18.204],[-45.242,-18.126],[-45.221,-18.103],[-45.19,-18.109],[-45.16,-18.036],[-45.13,-17.886],[-45.086,-17.797],[-45.028,-17.77],[-45.008,-17.717],[-45.027,-17.637],[-45.007,-17.514],[-44.95,-17.347],[-44.888,-17.219],[-44.823,-17.13],[-44.87,-16.94],[-45.028,-16.649],[-45.089,-16.483],[-45.052,-16.444],[-45.038,-16.316],[-45.049,-15.991],[-44.922,-15.959],[-44.861,-15.917],[-44.823,-15.854],[-44.744,-15.795],[-44.563,-15.711],[-44.271,-15.458],[-44.154,-15.311],[-44.116,-15.185],[-44.054,-15.057],[-43.971,-14.926],[-43.906,-14.752],[-43.861,-14.534],[-43.8,-14.37],[-43.724,-14.258],[-43.654,-14.062],[-43.591,-13.781],[-43.532,-13.613],[-43.479,-13.556],[-43.454,-13.408],[-43.457,-13.17],[-43.443,-13.008],[-43.411,-12.923],[-43.342,-12.82],[-43.238,-12.698],[-43.209,-12.559],[-43.256,-12.403],[-43.265,-12.291],[-43.235,-12.222],[-43.254,-12.13],[-43.323,-12.013],[-43.348,-11.931],[-43.329,-11.885],[-43.336,-11.805],[-43.37,-11.691],[-43.362,-11.614],[-43.314,-11.574],[-43.255,-11.451],[-43.15,-11.143]],[[-40.818,-9.438],[-40.671,-9.474],[-40.552,-9.457],[-40.413,-9.397],[-40.32,-9.293],[-40.273,-9.145],[-40.212,-9.102],[-40.148,-9.095],[-40.078,-9.088],[-40.005,-9.058],[-39.949,-9.022],[-39.909,-8.98],[-39.888,-8.924],[-39.885,-8.853],[-39.835,-8.809],[-39.738,-8.791],[-39.688,-8.749],[-39.683,-8.683],[-39.601,-8.62],[-39.442,-8.559],[-39.327,-8.566],[-39.257,-8.64],[-39.093,-8.718],[-38.835,-8.8],[-38.705,-8.88],[-38.668,-8.896],[-38.619,-8.896],[-38.584,-8.866],[-38.544,-8.831],[-38.505,-8.835],[-38.484,-8.878],[-38.482,-8.96],[-38.433,-9.004],[-38.336,-9.01],[-38.294,-9.043],[-38.308,-9.102],[-38.283,-9.204],[-38.221,-9.348],[-37.938,-9.538],[-37.183,-9.893],[-37.019,-9.957],[-36.956,-10.014],[-36.94,-10.084],[-36.88,-10.154],[-36.777,-10.224],[-36.699,-10.257],[-36.647,-10.255],[-36.607,-10.293],[-36.58,-10.371],[-36.538,-10.411],[-36.483,-10.411],[-36.443,-10.432],[-36.412,-10.49]]]}},{"type":"Feature","properties":{"name":"Sénégal","scalerank":4},"bbox":[-16.535238,13.777867,-10.89243,16.678905],"geometry":{"type":"MultiLineString","coordinates":[[[-10.892,13.778],[-10.914,13.789],[-10.952,13.801],[-11.011,13.856],[-11.062,13.972],[-11.129,14.045],[-11.213,14.074],[-11.246,14.105],[-11.227,14.138],[-11.23,14.192],[-11.253,14.267],[-11.3,14.343],[-11.371,14.418],[-11.477,14.49],[-11.618,14.557],[-11.74,14.598],[-11.843,14.612],[-11.936,14.647],[-12.061,14.729],[-12.303,14.817],[-12.409,14.889],[-12.46,14.975],[-12.544,15.039],[-12.66,15.082],[-12.735,15.131],[-12.77,15.187],[-12.813,15.224],[-12.859,15.243],[-12.863,15.262],[-12.852,15.29],[-12.863,15.34],[-12.931,15.453],[-12.994,15.505],[-13.049,15.497],[-13.079,15.51],[-13.098,15.535],[-13.105,15.572],[-13.142,15.603],[-13.206,15.617],[-13.258,15.7],[-13.297,15.854],[-13.348,15.973],[-13.41,16.059],[-13.454,16.091],[-13.487,16.097],[-13.498,16.11],[-13.507,16.135],[-13.556,16.144],[-13.624,16.118],[-13.685,16.127],[-13.715,16.169],[-13.757,16.173],[-13.81,16.138],[-13.868,16.148],[-13.933,16.203],[-13.968,16.257],[-13.975,16.311],[-14.086,16.419],[-14.3,16.58],[-14.534,16.656],[-14.787,16.646],[-14.929,16.654],[-14.96,16.679],[-14.991,16.677],[-15.022,16.647],[-15.055,16.641],[-15.091,16.657],[-15.113,16.645],[-15.121,16.604],[-15.211,16.583],[-15.38,16.582],[-15.517,16.557],[-15.621,16.507],[-15.768,16.485],[-15.959,16.492],[-16.074,16.51],[-16.113,16.54],[-16.168,16.547],[-16.239,16.531],[-16.302,16.451],[-16.358,16.307],[-16.404,16.225],[-16.441,16.205],[-16.48,16.097],[-16.502,15.917],[-16.535,15.838]]]}},{"type":"Feature","properties":{"name":"Teslin","scalerank":3},"bbox":[-134.91331,59.07164,-131.208239,61.569731],"geometry":{"type":"MultiLineString","coordinates":[[[-131.208,59.087],[-131.393,59.072],[-131.513,59.084],[-131.689,59.135],[-131.792,59.141],[-131.861,59.178],[-131.93,59.248],[-131.997,59.364],[-132.095,59.607]],[[-133.245,60.449],[-134.288,61.089],[-134.647,61.352],[-134.667,61.45],[-134.737,61.517],[-134.913,61.57]]]}},{"type":"Feature","properties":{"name":"Tigris","scalerank":4},"bbox":[42.376566,30.99909,47.441322,37.062493],"geometry":{"type":"MultiLineString","coordinates":[[[42.377,37.062],[42.434,36.99],[42.466,36.967],[42.489,36.96],[42.509,36.941],[42.513,36.876],[42.559,36.832],[42.713,36.785],[42.759,36.755],[42.774,36.733],[42.761,36.719],[42.858,36.708],[42.895,36.691],[42.901,36.662],[42.886,36.646],[42.85,36.644],[42.811,36.609],[42.771,36.54],[42.844,36.478],[43.031,36.425],[43.169,36.334],[43.258,36.205],[43.317,36.076],[43.346,35.946],[43.343,35.858],[43.308,35.812],[43.297,35.765],[43.312,35.718],[43.299,35.682],[43.261,35.657],[43.248,35.586],[43.262,35.47],[43.348,35.316],[43.505,35.126],[43.568,35.006],[43.538,34.957],[43.584,34.832],[43.708,34.63],[43.785,34.453],[43.815,34.3],[43.854,34.194],[43.904,34.135],[43.96,34.098],[44.055,34.075],[44.232,34.05],[44.329,34.019],[44.403,33.974],[44.427,33.909],[44.402,33.825],[44.398,33.769],[44.417,33.739],[44.4,33.697],[44.348,33.641],[44.318,33.586],[44.31,33.531],[44.324,33.451],[44.361,33.347],[44.397,33.293],[44.431,33.291],[44.48,33.235],[44.544,33.127],[44.675,33.024],[44.871,32.925],[44.981,32.887],[45.027,32.891],[45.041,32.879],[45.041,32.856],[45.044,32.832],[45.08,32.803],[45.14,32.785],[45.225,32.778],[45.26,32.752],[45.259,32.714],[45.298,32.663],[45.384,32.604],[45.522,32.556],[45.809,32.502],[46.03,32.619],[46.137,32.632],[46.201,32.588],[46.344,32.542],[46.563,32.494],[46.692,32.443],[46.73,32.386],[46.735,32.321],[46.706,32.248],[46.699,32.191],[46.713,32.149],[46.755,32.112],[46.827,32.079],[46.888,32.014],[46.94,31.917],[47.008,31.868],[47.093,31.865],[47.139,31.826],[47.146,31.749],[47.221,31.627],[47.363,31.459],[47.434,31.286],[47.441,30.999]]]}},{"type":"Feature","properties":{"name":"Tocantins","scalerank":4},"bbox":[-49.716831,-15.926004,-47.39705,-2.652396],"geometry":{"type":"MultiLineString","coordinates":[[[-49.179,-15.926],[-49.258,-15.768],[-49.35,-15.725],[-49.437,-15.634],[-49.55,-15.479],[-49.592,-15.348],[-49.564,-15.242],[-49.514,-15.165],[-49.444,-15.118],[-49.356,-15.011],[-49.252,-14.845],[-49.155,-14.746],[-49.064,-14.715],[-49.009,-14.629],[-48.992,-14.486],[-48.994,-14.387],[-49.014,-14.33],[-49.008,-14.282],[-48.973,-14.243],[-48.796,-14.125],[-48.713,-14.111],[-48.653,-14.148],[-48.598,-14.154],[-48.546,-14.129],[-48.384,-13.996],[-48.342,-13.922],[-48.348,-13.855],[-48.325,-13.828],[-48.273,-13.84],[-48.216,-13.82],[-48.155,-13.767],[-48.116,-13.691],[-48.1,-13.591],[-48.123,-13.516],[-48.185,-13.467],[-48.198,-13.329],[-48.164,-13.103],[-48.181,-12.897],[-48.284,-12.619],[-48.238,-12.512],[-48.235,-12.466],[-48.259,-12.445],[-48.266,-12.413],[-48.256,-12.37],[-48.307,-12.309],[-48.42,-12.23],[-48.524,-12.029],[-48.646,-11.636],[-48.648,-11.536],[-48.598,-11.467],[-48.516,-11.384],[-48.489,-11.257],[-48.541,-11.11],[-48.526,-10.979],[-48.443,-10.863],[-48.417,-10.732],[-48.448,-10.586],[-48.454,-10.43],[-48.437,-10.262],[-48.405,-10.14],[-48.357,-10.065],[-48.345,-10.001],[-48.367,-9.951],[-48.365,-9.908],[-48.339,-9.874],[-48.346,-9.799],[-48.387,-9.685],[-48.398,-9.553],[-48.379,-9.402],[-48.307,-9.19],[-48.182,-8.917],[-48.127,-8.722],[-48.141,-8.607],[-48.134,-8.522],[-48.106,-8.467],[-48.113,-8.369],[-48.154,-8.229],[-48.162,-8.142],[-48.137,-8.108],[-48.087,-8.085],[-48.011,-8.072],[-47.963,-8.003],[-47.941,-7.877],[-47.862,-7.779],[-47.724,-7.709],[-47.647,-7.627],[-47.63,-7.532],[-47.589,-7.459],[-47.522,-7.407],[-47.495,-7.356],[-47.507,-7.306],[-47.546,-7.288],[-47.612,-7.302],[-47.669,-7.28],[-47.717,-7.222],[-47.716,-7.185],[-47.665,-7.167],[-47.606,-7.115],[-47.537,-7.027],[-47.47,-6.796],[-47.406,-6.421],[-47.397,-6.072],[-47.445,-5.75],[-47.486,-5.561],[-47.52,-5.506],[-47.612,-5.455],[-47.763,-5.407],[-47.854,-5.351],[-47.885,-5.286],[-47.953,-5.256],[-48.059,-5.263],[-48.169,-5.241],[-48.282,-5.189],[-48.378,-5.17],[-48.458,-5.181],[-48.524,-5.22],[-48.574,-5.288],[-48.631,-5.33],[-48.723,-5.355]],[[-49.687,-3.835],[-49.649,-3.361],[-49.66,-3.091],[-49.708,-2.867],[-49.717,-2.736],[-49.67,-2.676],[-49.635,-2.652]]]}},{"type":"Feature","properties":{"name":"Tongtian","scalerank":1},"bbox":[92.992805,31.689797,98.54151,34.74067],"geometry":{"type":"MultiLineString","coordinates":[[[92.993,34.1],[93.095,34.195],[93.262,34.222],[93.529,34.215],[93.707,34.239],[93.838,34.321],[94.01,34.501],[94.117,34.567],[94.215,34.578],[94.338,34.629],[94.485,34.719],[94.661,34.741],[94.865,34.694],[95.018,34.624],[95.119,34.532],[95.212,34.486],[95.296,34.486],[95.398,34.442],[95.518,34.355],[95.575,34.293],[95.57,34.257],[95.596,34.229],[95.652,34.21],[95.757,34.111],[95.91,33.933],[96.023,33.824],[96.095,33.784],[96.153,33.77],[96.196,33.781],[96.222,33.769],[96.231,33.735],[96.276,33.725],[96.359,33.739],[96.418,33.715],[96.454,33.654],[96.529,33.604],[96.644,33.566],[96.702,33.516],[96.704,33.454],[96.723,33.406],[96.757,33.373],[96.781,33.364],[96.794,33.381],[96.808,33.371],[96.822,33.333],[96.873,33.32],[96.962,33.334],[97.011,33.31],[97.02,33.246],[97.085,33.144],[97.207,33.002],[97.291,32.923],[97.337,32.906],[97.378,32.848],[97.413,32.749],[97.624,32.614],[98.012,32.442],[98.209,32.33],[98.216,32.278],[98.278,32.185],[98.395,32.051],[98.446,31.941],[98.432,31.856],[98.454,31.782],[98.542,31.69]]]}},{"type":"Feature","properties":{"name":"Tuotuo","scalerank":1},"bbox":[90.794696,34.090529,92.992805,34.320903],"geometry":{"type":"MultiLineString","coordinates":[[[90.795,34.3],[91.152,34.321],[91.647,34.281],[91.853,34.235],[91.936,34.169],[92.037,34.165],[92.157,34.222],[92.309,34.24],[92.493,34.22],[92.62,34.18],[92.688,34.118],[92.79,34.091],[92.993,34.1]]]}},{"type":"Feature","properties":{"name":"Ubangi","scalerank":3},"bbox":[17.724117,-0.549062,18.622151,3.67869],"geometry":{"type":"MultiLineString","coordinates":[[[18.597,3.679],[18.622,3.304],[18.491,2.924],[18.212,2.415],[18.072,2.013],[18.073,1.719],[18.058,1.535],[18.012,1.422],[17.902,1.118],[17.886,0.857],[17.925,0.537],[17.888,0.234],[17.773,-0.052],[17.724,-0.278],[17.753,-0.549]]]}},{"type":"Feature","properties":{"name":"Ucayali","scalerank":1},"bbox":[-75.280361,-15.336376,-71.456589,-4.444845],"geometry":{"type":"MultiLineString","coordinates":[[[-71.669,-15.336],[-71.658,-15.217],[-71.637,-15.173],[-71.604,-15.164],[-71.597,-15.115],[-71.617,-15.027],[-71.596,-14.936],[-71.501,-14.792],[-71.457,-14.693],[-71.457,-14.568],[-71.489,-14.384],[-71.519,-14.264],[-71.549,-14.207],[-71.6,-14.163],[-71.672,-14.13],[-71.738,-14.04],[-71.799,-13.892],[-71.914,-13.81],[-72.081,-13.793],[-72.232,-13.738],[-72.364,-13.644],[-72.549,-13.547],[-72.786,-13.446],[-72.952,-13.411],[-73.049,-13.442],[-73.128,-13.449],[-73.221,-13.422],[-73.478,-13.175],[-73.562,-13.061],[-73.558,-12.997],[-73.584,-12.897],[-73.64,-12.76],[-73.716,-12.645],[-73.811,-12.551],[-73.916,-12.392],[-74.031,-12.168],[-74.055,-12.007],[-73.989,-11.909],[-74.031,-11.718],[-74.183,-11.433],[-74.258,-11.256],[-74.257,-11.188],[-74.204,-11.154],[-74.101,-11.155],[-73.983,-11.188],[-73.851,-11.252],[-73.763,-11.28],[-73.719,-11.272],[-73.719,-11.195],[-73.763,-11.048],[-73.774,-10.912],[-73.753,-10.787],[-73.804,-10.684],[-73.927,-10.603],[-74.003,-10.509],[-74.03,-10.403],[-74.033,-10.31],[-74.013,-10.233],[-74.017,-10.205],[-74.038,-10.188],[-74.051,-10.173],[-74.041,-10.128],[-74.017,-10.098],[-74.004,-10.074],[-74.01,-10.059],[-74.029,-10.051],[-74.058,-10.015],[-74.071,-9.961],[-74.057,-9.933],[-74.015,-9.933],[-73.984,-9.908],[-73.963,-9.859],[-74.001,-9.833],[-74.098,-9.829],[-74.151,-9.767],[-74.16,-9.648],[-74.18,-9.559],[-74.212,-9.501],[-74.247,-9.487],[-74.268,-9.489],[-74.281,-9.475],[-74.291,-9.453],[-74.315,-9.415],[-74.379,-9.367],[-74.405,-9.293],[-74.392,-9.192],[-74.412,-9.139],[-74.447,-9.115],[-74.459,-9.089],[-74.454,-9.062],[-74.458,-9.041],[-74.475,-9.029],[-74.539,-8.849],[-74.508,-8.732],[-74.405,-8.62],[-74.331,-8.57],[-74.286,-8.583],[-74.266,-8.553],[-74.269,-8.479],[-74.298,-8.457],[-74.352,-8.486],[-74.4,-8.486],[-74.441,-8.455],[-74.473,-8.447],[-74.496,-8.446],[-74.506,-8.419],[-74.507,-8.321],[-74.532,-8.26],[-74.582,-8.237],[-74.599,-8.207],[-74.584,-8.17],[-74.594,-8.153],[-74.628,-8.157],[-74.639,-8.131],[-74.625,-8.076],[-74.634,-8.03],[-74.665,-7.992],[-74.706,-7.977],[-74.724,-7.975],[-74.743,-7.962],[-74.728,-7.943],[-74.737,-7.917],[-74.816,-7.883],[-74.86,-7.885],[-74.869,-7.924],[-74.899,-7.922],[-74.95,-7.879],[-74.965,-7.84],[-74.946,-7.806],[-74.962,-7.751],[-75.013,-7.676],[-75.013,-7.652],[-74.99,-7.647],[-74.979,-7.623],[-75.015,-7.558],[-75.016,-7.497],[-74.983,-7.438],[-75.019,-7.365],[-75.123,-7.279],[-75.196,-7.24],[-75.238,-7.25],[-75.255,-7.237],[-75.247,-7.203],[-75.269,-7.183],[-75.28,-7.159],[-75.265,-7.129],[-75.151,-7.05],[-75.136,-7.012],[-75.142,-6.988],[-75.166,-6.96],[-75.15,-6.902],[-75.091,-6.827],[-75.084,-6.748],[-75.13,-6.665],[-75.128,-6.61],[-75.106,-6.587],[-75.125,-6.536],[-75.163,-6.496],[-75.178,-6.454],[-75.152,-6.419],[-75.151,-6.345],[-75.187,-6.236],[-75.18,-6.157],[-75.129,-6.106],[-75.1,-6.106],[-75.081,-6.112],[-75.062,-6.101],[-75.052,-6.076],[-75.018,-6.063],[-74.962,-6.075],[-74.888,-6.051],[-74.8,-5.98],[-74.754,-5.985],[-74.722,-5.987],[-74.697,-5.975],[-74.694,-5.942],[-74.647,-5.863],[-74.555,-5.758],[-74.484,-5.727],[-74.434,-5.769],[-74.4,-5.774],[-74.381,-5.742],[-74.358,-5.738],[-74.335,-5.749],[-74.307,-5.739],[-74.285,-5.669],[-74.244,-5.626],[-74.192,-5.603],[-74.177,-5.579],[-74.186,-5.556],[-74.183,-5.533],[-74.165,-5.513],[-74.167,-5.484],[-74.175,-5.47],[-74.173,-5.455],[-74.159,-5.435],[-74.156,-5.413],[-74.162,-5.394],[-74.148,-5.373],[-74.107,-5.345],[-74.089,-5.305],[-74.099,-5.216],[-74.086,-5.125],[-74.049,-5.032],[-74.027,-5.021],[-74,-5.022],[-73.963,-5.063],[-73.9,-5.058],[-73.818,-4.994],[-73.774,-4.938],[-73.765,-4.895],[-73.74,-4.882],[-73.714,-4.887],[-73.704,-4.863],[-73.724,-4.827],[-73.702,-4.771],[-73.635,-4.711],[-73.594,-4.701],[-73.563,-4.696],[-73.556,-4.676],[-73.56,-4.644],[-73.547,-4.606],[-73.49,-4.553],[-73.489,-4.521],[-73.506,-4.51],[-73.512,-4.489],[-73.489,-4.445]]]}},{"type":"Feature","properties":{"name":"Uele","scalerank":3},"bbox":[18.567477,3.401808,28.585987,5.127491],"geometry":{"type":"MultiLineString","coordinates":[[[28.586,3.596],[28.43,3.647],[28.348,3.65],[28.29,3.622],[28.239,3.637],[28.194,3.695],[28.141,3.729],[28.08,3.74],[27.978,3.72],[27.835,3.67],[27.696,3.644],[27.56,3.643],[27.431,3.696],[27.309,3.803],[27.228,3.851],[27.185,3.84],[27.17,3.789],[27.18,3.698],[27.153,3.617],[27.089,3.544],[27.04,3.517],[27.007,3.536],[26.954,3.535],[26.879,3.515],[26.833,3.584],[26.816,3.741],[26.785,3.864],[26.74,3.952],[26.697,4.002],[26.656,4.012],[26.561,3.954],[26.335,3.765],[26.235,3.68],[26.157,3.669],[26.068,3.703],[25.988,3.715],[25.916,3.705],[25.859,3.657],[25.816,3.569],[25.762,3.543],[25.696,3.577],[25.619,3.576],[25.53,3.539],[25.428,3.524],[25.313,3.531],[25.226,3.506],[25.167,3.45],[25.102,3.415],[25.031,3.402],[24.979,3.417],[24.949,3.462],[24.839,3.482],[24.649,3.477],[24.461,3.533],[24.276,3.651],[24.081,3.709],[23.877,3.708],[23.733,3.745],[23.651,3.818],[23.545,3.845],[23.415,3.824],[23.3,3.836],[23.199,3.88],[23.049,3.885],[22.85,3.851],[22.668,3.909],[22.422,4.135],[21.908,4.254],[21.687,4.281],[21.538,4.245],[21.35,4.311],[21.268,4.323],[21.23,4.302],[21.126,4.332],[20.956,4.413],[20.793,4.447],[20.647,4.436],[20.558,4.463],[20.486,4.542],[20.394,4.686],[20.226,4.83],[20.002,4.945],[19.862,5.031],[19.807,5.089],[19.686,5.121],[19.501,5.127],[19.323,5.071],[19.069,4.891],[18.832,4.523],[18.7,4.383],[18.594,4.346],[18.567,4.258],[18.62,4.117],[18.634,3.954],[18.597,3.679]]]}},{"type":"Feature","properties":{"name":"Ural","scalerank":4},"bbox":[51.110193,46.943853,59.426275,54.51998],"geometry":{"type":"MultiLineString","coordinates":[[[58.631,51.695],[58.628,51.619],[58.659,51.561],[58.723,51.496],[58.751,51.425],[58.744,51.347],[58.713,51.287],[58.657,51.247],[58.527,51.201],[58.325,51.149],[58.209,51.106],[58.181,51.072],[58.045,51.069],[57.801,51.096],[57.536,51.165],[57.248,51.275],[56.906,51.353],[56.51,51.399],[56.224,51.472],[56.049,51.573],[55.877,51.648],[55.709,51.696],[55.456,51.735],[55.119,51.766],[54.65,51.726],[54.047,51.613],[53.667,51.56],[53.511,51.566],[53.406,51.551],[53.35,51.514],[53.227,51.485],[53.038,51.464],[52.903,51.467],[52.82,51.495],[52.728,51.498],[52.626,51.478],[52.554,51.442],[52.512,51.391],[52.428,51.383],[52.301,51.418],[52.225,51.421],[52.199,51.392],[52.128,51.382],[52.012,51.391],[51.941,51.378],[51.916,51.343],[51.769,51.286],[51.499,51.205],[51.395,51.148],[51.364,51.075],[51.316,50.998],[51.221,50.904],[51.183,50.826],[51.201,50.765],[51.189,50.708],[51.148,50.657],[51.136,50.595],[51.154,50.523],[51.15,50.478],[51.121,50.46],[51.116,50.436],[51.133,50.406],[51.131,50.365],[51.11,50.312],[51.156,50.253],[51.269,50.187],[51.329,50.122],[51.341,50.027],[51.32,49.955],[51.347,49.913],[51.416,49.875],[51.471,49.802],[51.512,49.692],[51.558,49.631],[51.594,49.614],[51.608,49.585],[51.636,49.546],[51.707,49.488],[51.739,49.449],[51.744,49.42],[51.76,49.404],[51.828,49.374],[51.848,49.352],[51.847,49.336],[51.859,49.323],[51.884,49.314],[51.916,49.275],[51.948,49.206],[51.936,49.138],[51.881,49.071],[51.85,49.001],[51.841,48.927],[51.854,48.895],[51.88,48.869],[51.876,48.815],[51.804,48.623],[51.776,48.586],[51.73,48.56],[51.667,48.547],[51.625,48.515],[51.606,48.469],[51.603,48.443],[51.61,48.424],[51.635,48.405],[51.633,48.386],[51.602,48.37],[51.589,48.318],[51.592,48.229],[51.584,48.181],[51.569,48.167],[51.582,48.119],[51.64,48.016],[51.654,47.882],[51.623,47.716],[51.674,47.579],[51.806,47.47],[51.879,47.397],[51.895,47.36],[51.892,47.331],[51.872,47.31],[51.877,47.293],[51.908,47.28],[51.927,47.25],[51.934,47.204],[51.884,47.121],[51.724,46.944]],[[59.426,54.52],[59.307,54.403],[59.194,54.325],[59.162,54.278],[59.172,54.236],[59.15,54.175],[59.095,54.093],[59.102,54.012],[59.173,53.932],[59.19,53.863],[59.156,53.805],[59.169,53.746],[59.229,53.686],[59.254,53.64],[59.243,53.61],[59.182,53.573],[59.072,53.531],[59.021,53.464],[59.029,53.374],[59.067,53.307],[59.136,53.265],[59.13,53.217],[59.049,53.165],[58.974,53.071],[58.905,52.936],[58.904,52.811],[58.971,52.697],[58.996,52.62],[58.986,52.6],[58.99,52.569],[59.01,52.546],[59.058,52.527],[59.083,52.513],[59.08,52.47],[59.062,52.42],[58.834,52.196]]]}},{"type":"Feature","properties":{"name":"Vaal","scalerank":4},"bbox":[23.628047,-29.073109,30.20966,-26.383402],"geometry":{"type":"MultiLineString","coordinates":[[[25.622,-27.668],[25.366,-27.758],[25.223,-27.855],[25.11,-27.991],[24.99,-28.07],[24.864,-28.093],[24.774,-28.149],[24.719,-28.238],[24.694,-28.336],[24.699,-28.443],[24.676,-28.496],[24.631,-28.503],[24.605,-28.53],[24.601,-28.562],[24.582,-28.581],[24.555,-28.564],[24.516,-28.554],[24.468,-28.572],[24.424,-28.556],[24.402,-28.509],[24.359,-28.463],[24.297,-28.432],[24.216,-28.473],[24.115,-28.587],[24.04,-28.723],[23.992,-28.882],[23.883,-28.989],[23.628,-29.073]],[[28.124,-26.867],[28,-26.717],[27.909,-26.694],[27.81,-26.75],[27.716,-26.768],[27.627,-26.748],[27.557,-26.772],[27.506,-26.84],[27.437,-26.871],[27.351,-26.865],[27.276,-26.887],[27.212,-26.936],[27.118,-26.937],[26.994,-26.889],[26.943,-26.89],[26.921,-26.933],[26.887,-26.948],[26.825,-26.935],[26.698,-26.99],[26.507,-27.115],[26.45,-27.177],[26.45,-27.217],[26.467,-27.235],[26.477,-27.279],[26.459,-27.328],[26.466,-27.362],[26.432,-27.398],[26.333,-27.407],[26.228,-27.46],[26.091,-27.603]],[[30.135,-26.383],[30.21,-26.479],[30.188,-26.56],[30.049,-26.709],[29.839,-26.811],[29.697,-26.845],[29.552,-26.846],[29.473,-26.867],[29.461,-26.909],[29.415,-26.924],[29.336,-26.911],[29.269,-26.933],[29.215,-26.99],[29.156,-27.025],[29.104,-27.042],[29.062,-27.044],[28.992,-27.007],[28.933,-27.006],[28.859,-27.028],[28.78,-27.018],[28.694,-26.977],[28.665,-26.976],[28.656,-26.993],[28.627,-27.019],[28.565,-27.045],[28.531,-27.043],[28.524,-27.014],[28.496,-26.99]]]}},{"type":"Feature","properties":{"name":"Verkhniy Yenisey","scalerank":4},"bbox":[91.367426,51.566026,94.464756,58.100097],"geometry":{"type":"MultiLineString","coordinates":[[[94.465,51.734],[94.07,51.604],[93.646,51.566],[92.769,51.581],[92.35,51.701],[92.152,51.796],[92.035,51.905],[92.068,52.012],[92.251,52.117],[92.377,52.214],[92.444,52.303],[92.438,52.378],[92.358,52.437],[92.314,52.5],[92.307,52.565],[92.172,52.597],[91.91,52.594],[91.769,52.616],[91.748,52.662],[91.672,52.677],[91.541,52.662],[91.439,52.674],[91.367,52.714],[91.378,52.797],[91.472,52.924],[91.501,53.012],[91.465,53.06],[91.454,53.102],[91.468,53.136],[91.538,53.16],[91.664,53.173],[91.788,53.23],[91.909,53.329],[91.955,53.398],[91.924,53.437],[91.847,53.479],[91.725,53.522],[91.634,53.57],[91.575,53.621],[91.559,53.66],[91.586,53.687],[91.578,53.709],[91.511,53.735]],[[92.998,58.1],[92.989,58.049],[93.028,58.029],[93.113,58.024],[93.176,57.98],[93.22,57.897],[93.305,57.637],[93.305,57.516],[93.262,57.419],[93.293,57.332],[93.398,57.255],[93.453,57.183],[93.457,57.114],[93.438,57.063],[93.396,57.028],[93.383,56.993],[93.457,56.861],[93.509,56.823],[93.58,56.802],[93.657,56.726],[93.741,56.596],[93.735,56.48],[93.64,56.38],[93.55,56.317],[93.465,56.292],[93.418,56.262],[93.408,56.227],[93.345,56.195],[93.228,56.167],[93.162,56.131],[93.148,56.085],[92.935,56.035],[92.523,55.979],[92.3,55.923],[92.266,55.865],[92.301,55.813],[92.406,55.768],[92.47,55.716],[92.493,55.658],[92.48,55.598],[92.408,55.503]]]}},{"type":"Feature","properties":{"name":"Victoria Nile","scalerank":1},"bbox":[31.365765,0.428191,33.187256,2.333295],"geometry":{"type":"MultiLineString","coordinates":[[[32.893,1.311],[33.011,0.809],[33.085,0.589],[33.187,0.428]],[[32.475,1.552],[32.545,1.522]],[[31.366,2.193],[31.387,2.2],[31.751,2.324],[31.948,2.333],[32.087,2.265],[32.187,2.236],[32.247,2.245],[32.295,2.199],[32.333,2.1],[32.349,2.005],[32.344,1.914],[32.282,1.83],[32.164,1.754],[32.104,1.699],[32.104,1.665],[32.138,1.652],[32.241,1.666]]]}},{"type":"Feature","properties":{"name":"Volga","scalerank":3},"bbox":[32.598248,45.656748,50.148495,58.113146],"geometry":{"type":"MultiLineString","coordinates":[[[47.842,46.735],[48.114,46.683],[48.22,46.605],[48.25,46.484],[48.314,46.401],[48.411,46.356],[48.501,46.272],[48.684,46.086]],[[45.664,50.222],[45.49,50.122],[45.414,50.056],[45.379,49.991],[45.361,49.916],[45.36,49.832],[45.305,49.737],[45.198,49.632],[45.107,49.513],[45.048,49.408],[45.011,49.351],[44.996,49.313],[44.99,49.294],[44.987,49.259],[44.976,49.195],[44.842,49.013],[44.588,48.727],[44.544,48.665],[44.528,48.598],[44.596,48.545],[44.865,48.466],[45.043,48.434],[45.129,48.451],[45.228,48.447],[45.337,48.42],[45.411,48.424],[45.449,48.461],[45.559,48.451],[45.733,48.399],[45.798,48.383],[45.831,48.369],[45.865,48.353],[45.909,48.322],[46.078,48.218],[46.155,48.11],[46.147,47.994],[46.193,47.918],[46.295,47.881],[46.35,47.843],[46.359,47.802],[46.409,47.773],[46.498,47.756],[46.616,47.673],[46.764,47.525],[46.875,47.444],[46.948,47.431],[47.009,47.403],[47.057,47.359],[47.082,47.316],[47.085,47.252],[47.086,47.214],[47.212,47.144],[47.463,47.029],[47.585,46.942],[47.577,46.884],[47.612,46.855],[47.69,46.855],[47.8,46.773],[47.942,46.609],[48.002,46.506],[47.981,46.464],[47.98,46.418],[47.998,46.37],[47.916,46.25],[47.735,46.057],[47.641,45.929],[47.636,45.866],[47.61,45.834],[47.578,45.813],[47.561,45.79],[47.563,45.761],[47.587,45.737],[47.631,45.694],[47.65,45.657]],[[49.905,53.457],[50.042,53.455],[50.108,53.405],[50.148,53.306],[50.129,53.236],[50.048,53.193],[49.957,53.185],[49.856,53.213],[49.717,53.203],[49.543,53.156],[49.428,53.152],[49.372,53.193],[49.269,53.219],[49.119,53.23],[48.919,53.209],[48.667,53.155],[48.524,53.105],[48.491,53.057],[48.503,52.995],[48.561,52.919],[48.505,52.816],[48.334,52.688],[48.177,52.506],[48.035,52.271],[47.901,52.125],[47.775,52.066],[47.644,52.043],[47.507,52.055],[47.273,51.981],[47.114,51.919],[46.971,51.83],[46.843,51.773],[46.775,51.748]],[[43.432,56.675],[43.657,56.496],[43.837,56.404],[44.047,56.337],[44.167,56.274],[44.198,56.214],[44.258,56.18],[44.348,56.172],[44.451,56.14],[44.566,56.086],[44.776,56.082],[45.082,56.131],[45.281,56.137],[45.373,56.102],[45.443,56.104],[45.489,56.143],[45.56,56.16],[45.655,56.153],[45.737,56.166],[45.806,56.201],[45.872,56.199],[45.936,56.161],[46.025,56.172],[46.138,56.232],[46.294,56.287],[46.492,56.336],[46.68,56.309],[46.857,56.205],[47.166,56.151],[47.829,56.145],[47.886,56.122],[47.927,56.073],[47.972,55.992],[48.067,55.925],[48.212,55.872],[48.46,55.825],[48.809,55.784],[49.003,55.693],[49.059,55.483]],[[37.148,56.752],[37.392,56.862],[37.477,56.935],[37.486,57.008],[37.558,57.106],[37.761,57.291]],[[32.598,57.25],[32.681,57.079],[32.675,57.009],[32.692,56.972],[32.729,56.945],[32.851,56.932],[33.057,56.933],[33.282,56.899],[33.528,56.829],[33.675,56.765],[33.722,56.707],[33.816,56.641],[33.956,56.565],[33.98,56.509],[33.886,56.473],[33.844,56.445],[33.857,56.423],[34.05,56.357],[34.424,56.245],[34.668,56.209],[34.784,56.247],[34.862,56.29],[34.903,56.337],[34.909,56.369],[34.88,56.385],[34.891,56.416],[34.94,56.459],[34.956,56.503],[34.937,56.546],[35.001,56.578],[35.223,56.613],[35.334,56.703],[35.422,56.742],[35.523,56.76],[35.607,56.791],[35.672,56.835],[35.773,56.861],[35.908,56.867],[36.066,56.846],[36.245,56.799],[36.344,56.758],[36.375,56.706]],[[41.344,57.493],[41.715,57.448],[41.889,57.451],[41.989,57.489],[42.173,57.485],[42.576,57.415]],[[40.007,57.567],[39.853,57.669],[39.798,57.725],[39.79,57.77],[39.697,57.831],[39.517,57.909],[39.246,57.99],[38.704,58.113]],[[38.301,57.572],[38.446,57.761],[38.48,57.872],[38.437,58.018]]]}},{"type":"Feature","properties":{"name":"Waal","scalerank":4},"bbox":[3.97891,51.718962,4.98536,51.847792],"geometry":{"type":"MultiLineString","coordinates":[[[4.985,51.824],[4.725,51.757],[4.581,51.719],[4.418,51.74],[4.074,51.841],[3.979,51.848]]]}},{"type":"Feature","properties":{"name":"Weir","scalerank":3},"bbox":[150.469607,-29.139461,151.863113,-28.638923],"geometry":{"type":"MultiLineString","coordinates":[[[151.863,-28.739],[151.75,-28.77],[151.673,-28.824],[151.554,-28.955],[151.528,-29.035],[151.478,-29.087],[151.393,-29.139],[151.335,-29.104],[151.303,-28.982],[151.231,-28.898],[151.118,-28.851],[151.058,-28.805],[151.05,-28.758],[150.982,-28.71],[150.856,-28.66],[150.712,-28.639],[150.47,-28.65]]]}},{"type":"Feature","properties":{"name":"Xi","scalerank":4},"bbox":[111.301403,22.178388,113.55217,23.48066],"geometry":{"type":"MultiLineString","coordinates":[[[113.035,22.795],[113.095,22.73],[113.166,22.576],[113.214,22.483],[113.264,22.363],[113.416,22.178]],[[113.035,22.795],[113.299,22.698],[113.395,22.651],[113.444,22.599],[113.492,22.591],[113.552,22.587]],[[112.98,23.041],[113.445,23.055]],[[112.805,23.148],[112.819,23.082],[112.891,22.918],[112.963,22.822],[113.035,22.795]],[[112.805,23.148],[112.912,23.113],[112.974,23.052],[113.024,22.954],[113.09,22.907],[113.213,22.912],[113.338,22.889]],[[111.301,23.481],[111.433,23.449],[111.499,23.375],[111.542,23.249],[111.707,23.161],[112.137,23.09],[112.271,23.142],[112.353,23.132],[112.427,23.076],[112.498,23.078],[112.563,23.136],[112.643,23.165],[112.736,23.164],[112.805,23.148]]]}},{"type":"Feature","properties":{"name":"Xun","scalerank":4},"bbox":[110.089229,23.396583,111.301403,23.555488],"geometry":{"type":"MultiLineString","coordinates":[[[110.089,23.408],[110.201,23.545],[110.334,23.555],[110.622,23.45],[110.745,23.466],[110.814,23.447],[110.868,23.397],[110.997,23.399],[111.301,23.481]]]}},{"type":"Feature","properties":{"name":"Yangtze","scalerank":1},"bbox":[113.1277,29.462776,120.073942,32.235371],"geometry":{"type":"MultiLineString","coordinates":[[[113.128,29.463],[113.166,29.484],[113.21,29.538],[113.53,29.832],[113.696,29.949],[113.76,29.939],[113.86,29.972],[113.995,30.05],[114.011,30.124],[113.909,30.196],[113.885,30.246],[113.94,30.276],[113.99,30.279],[114.032,30.253],[114.116,30.328],[114.288,30.572],[114.303,30.593],[114.396,30.664],[114.472,30.661],[114.558,30.603],[114.662,30.582],[114.784,30.598],[114.841,30.565],[114.833,30.482],[114.885,30.423],[114.997,30.387],[115.058,30.336],[115.067,30.269],[115.102,30.229],[115.16,30.216],[115.252,30.128],[115.376,29.966],[115.504,29.879],[115.638,29.867],[115.751,29.828],[115.843,29.764],[115.983,29.746],[116.171,29.775],[116.212,29.785]],[[116.198,29.751],[116.212,29.785]],[[116.212,29.785],[116.327,29.815],[116.451,29.868],[116.544,29.931],[116.606,30.006],[116.683,30.061],[116.776,30.097],[116.847,30.168],[116.896,30.272],[116.913,30.349],[116.9,30.399],[116.972,30.446],[117.13,30.491],[117.212,30.552],[117.217,30.629],[117.247,30.674],[117.327,30.695],[117.605,30.776],[117.725,30.886],[117.78,31.052],[117.844,31.124],[117.916,31.104],[117.968,31.13],[117.999,31.202],[118.089,31.255],[118.24,31.29],[118.312,31.341],[118.305,31.406],[118.333,31.51],[118.395,31.653],[118.515,31.841],[118.692,32.074],[118.961,32.203],[119.324,32.227],[119.53,32.229],[119.643,32.235],[119.771,32.207],[119.867,32.1],[119.941,32.04],[120.074,31.96]]]}},{"type":"Feature","properties":{"name":"Yarlung","scalerank":2},"bbox":[87.66021,29.012545,94.356029,29.380533],"geometry":{"type":"MultiLineString","coordinates":[[[87.66,29.152],[87.747,29.288],[87.823,29.349],[87.917,29.38],[88.015,29.381],[88.118,29.352],[88.182,29.347],[88.208,29.368],[88.257,29.366],[88.327,29.343],[88.43,29.336],[88.631,29.351],[89.404,29.366],[89.699,29.359],[89.774,29.335],[89.862,29.334],[89.963,29.356],[90.082,29.36],[90.218,29.344],[90.321,29.315],[90.392,29.274],[90.506,29.278],[90.662,29.329],[90.746,29.34],[90.759,29.31],[90.786,29.308],[90.828,29.332],[90.897,29.337],[91.038,29.317],[92.076,29.281],[92.465,29.231],[92.551,29.155],[92.695,29.101],[92.895,29.069],[93.023,29.073],[93.078,29.11],[93.117,29.107],[93.138,29.061],[93.183,29.029],[93.25,29.013],[93.331,29.05],[93.427,29.14],[93.568,29.178],[93.755,29.163],[93.932,29.171],[94.097,29.202],[94.224,29.24],[94.356,29.31]]]}},{"type":"Feature","properties":{"name":"Yenisey","scalerank":4},"bbox":[83.109584,58.100097,92.998076,70.109545],"geometry":{"type":"MultiLineString","coordinates":[[[83.11,70.11],[83.307,70.049],[83.464,69.976],[83.551,69.891],[83.791,69.79],[84.183,69.67],[84.487,69.647],[84.702,69.719],[84.906,69.766],[85.098,69.788],[85.413,69.721],[85.85,69.567],[85.953,69.49],[85.963,69.382],[85.992,69.294],[86.025,69.187],[86.051,69.119],[86.012,69.031],[85.955,68.933],[85.992,68.841],[86.193,68.74],[86.248,68.7],[86.287,68.666],[86.33,68.599],[86.353,68.529],[86.345,68.456],[86.401,68.381],[86.524,68.302],[86.536,68.214],[86.437,68.114],[86.436,68.016],[86.48,67.928],[86.451,67.84],[86.347,67.748],[86.286,67.66],[86.288,67.573],[86.353,67.488],[86.447,67.437],[86.568,67.42],[86.618,67.359],[86.598,67.255],[86.618,67.184],[86.679,67.146],[86.698,67.093],[86.677,67.025],[86.688,66.942],[86.73,66.845],[86.63,66.747],[86.388,66.647],[86.286,66.585],[86.326,66.558],[86.477,66.564],[86.741,66.601],[87.032,66.557],[87.35,66.431],[87.458,66.387],[87.505,66.348],[87.514,66.32],[87.479,66.289],[87.454,66.273],[87.316,66.225],[87.275,66.19],[87.312,66.163],[87.474,66.135],[87.762,66.105],[87.914,66.062],[87.93,66.004],[87.896,65.962],[87.81,65.936],[87.765,65.91],[87.763,65.884],[87.772,65.854],[87.793,65.818],[87.85,65.791],[87.944,65.773],[88.003,65.74],[88.029,65.694],[87.98,65.457],[87.848,64.999],[87.822,64.878],[87.795,64.817],[87.768,64.787],[87.7,64.737],[87.631,64.679],[87.564,64.595],[87.54,64.516],[87.544,64.442],[87.577,64.373],[87.579,64.271],[87.55,64.137],[87.558,64.039],[87.602,63.975],[87.551,63.886],[87.405,63.77],[87.347,63.678],[87.377,63.607],[87.36,63.528],[87.293,63.439],[87.266,63.382],[87.277,63.357],[87.442,63.299],[87.76,63.207],[88.024,63.093],[88.34,62.888],[88.434,62.854],[88.48,62.803],[88.51,62.724],[88.595,62.635],[88.736,62.535],[88.857,62.472],[88.961,62.443],[89.014,62.388],[89.016,62.307],[89.083,62.179],[89.212,62.004],[89.325,61.894],[89.47,61.827],[89.706,61.751],[89.786,61.688],[89.789,61.613],[89.843,61.586],[89.95,61.606],[90.052,61.601],[90.15,61.573],[90.174,61.537],[90.124,61.494],[90.001,61.45],[89.806,61.405],[89.685,61.337],[89.637,61.244],[89.659,61.11],[89.751,60.935],[89.847,60.815],[89.947,60.751],[90.006,60.657],[90.025,60.535],[90.056,60.459],[90.12,60.417],[90.166,60.381],[90.172,60.307],[90.309,60.238],[90.495,60.115],[90.698,59.927],[90.783,59.782],[90.804,59.745],[90.858,59.707],[90.884,59.657],[90.882,59.597],[90.99,59.498],[91.207,59.361],[91.325,59.267],[91.345,59.217],[91.431,59.163],[91.582,59.106],[91.678,59.051],[91.719,58.997],[91.733,58.953],[91.718,58.919],[91.769,58.901],[91.885,58.898],[91.977,58.876],[92.045,58.835],[92.046,58.795],[91.982,58.757],[91.982,58.727],[92.048,58.707],[92.084,58.649],[92.091,58.555],[92.139,58.498],[92.228,58.48],[92.275,58.451],[92.282,58.412],[92.32,58.38],[92.39,58.357],[92.428,58.326],[92.435,58.287],[92.473,58.245],[92.539,58.199],[92.679,58.157],[92.998,58.1]]]}},{"type":"Feature","properties":{"name":"Yukon","scalerank":3},"bbox":[-165.243939,61.268767,-134.870289,66.610973],"geometry":{"type":"MultiLineString","coordinates":[[[-134.916,61.568],[-134.87,61.628],[-134.885,61.685],[-134.946,61.759],[-134.964,61.816],[-134.941,61.856],[-134.94,61.889],[-134.961,61.912],[-135.121,61.957],[-135.419,62.024],[-135.629,62.049],[-135.75,62.032],[-135.928,62.046],[-136.307,62.121],[-136.362,62.145],[-136.378,62.197],[-136.354,62.275],[-136.583,62.428],[-137.356,62.781],[-137.452,62.809],[-137.733,62.82],[-138.398,62.801],[-139.236,62.97],[-139.418,63.011],[-139.532,63.071],[-139.564,63.161],[-139.545,63.234],[-139.472,63.288],[-139.506,63.353],[-139.646,63.427],[-139.73,63.513],[-139.76,63.609],[-139.759,63.674],[-139.728,63.707],[-139.723,63.75],[-139.744,63.805],[-139.743,63.865],[-139.721,63.932],[-139.653,63.983],[-139.541,64.017],[-139.482,64.057],[-139.476,64.102],[-139.511,64.158],[-139.587,64.227],[-139.849,64.297],[-140.296,64.367],[-140.453,64.405],[-140.477,64.426],[-140.47,64.453],[-140.465,64.498],[-140.479,64.526],[-140.545,64.518],[-140.589,64.528],[-140.61,64.558],[-140.649,64.572],[-140.705,64.57],[-140.73,64.585],[-140.724,64.616],[-140.746,64.627],[-140.796,64.62],[-140.882,64.641],[-140.933,64.674],[-141.006,64.689],[-141.065,64.726],[-141.059,64.749],[-141.093,64.775],[-141.164,64.802],[-141.176,64.833],[-141.128,64.867],[-141.129,64.888],[-141.179,64.895],[-141.198,64.913],[-141.187,64.943],[-141.23,64.954],[-141.327,64.945],[-141.373,64.966],[-141.369,65.041],[-141.404,65.086],[-141.533,65.129],[-141.768,65.183],[-141.924,65.241],[-142.002,65.3],[-142.147,65.335],[-142.359,65.344],[-142.502,65.363],[-142.576,65.392],[-142.655,65.393],[-142.738,65.366],[-142.929,65.355],[-143.227,65.359],[-143.447,65.383],[-143.589,65.427],[-143.673,65.472],[-143.698,65.518],[-143.781,65.554],[-143.922,65.579],[-144.023,65.613],[-144.085,65.655],[-144.087,65.722],[-144.03,65.812],[-144.017,65.876],[-144.048,65.914],[-144.251,66.027],[-144.624,66.215],[-144.832,66.335],[-144.874,66.386],[-145.003,66.453],[-145.219,66.537],[-145.453,66.587],[-145.828,66.611]],[[-163.259,62.016],[-163.241,61.94],[-163.242,61.886],[-163.289,61.847],[-163.388,61.829],[-163.539,61.832],[-163.644,61.816],[-163.705,61.783],[-163.774,61.777],[-163.836,61.797],[-163.845,61.835],[-163.86,61.851],[-163.898,61.853],[-163.959,61.839],[-164.002,61.851],[-164.026,61.891],[-164.087,61.879],[-164.183,61.816],[-164.264,61.789],[-164.331,61.798],[-164.429,61.782],[-164.56,61.742],[-164.646,61.744],[-164.746,61.762],[-164.831,61.739],[-164.879,61.698],[-164.869,61.665],[-164.766,61.629],[-164.743,61.591],[-164.778,61.551],[-164.888,61.507],[-165.007,61.48],[-165.091,61.441],[-165.188,61.392],[-165.206,61.33],[-165.201,61.286],[-165.244,61.269]],[[-163.259,62.016],[-163.434,62.061],[-163.731,62.092],[-163.904,62.134],[-163.953,62.184],[-163.948,62.248],[-163.889,62.325],[-163.859,62.392],[-163.861,62.448],[-163.93,62.532],[-164.067,62.643],[-164.222,62.71],[-164.482,62.745],[-164.522,62.737],[-164.589,62.709]],[[-145.828,66.611],[-146.664,66.508],[-147.015,66.445],[-147.159,66.386],[-147.323,66.352],[-147.509,66.344],[-147.596,66.321],[-147.585,66.284],[-147.746,66.264],[-148.079,66.261],[-148.364,66.225],[-148.601,66.155],[-148.729,66.104],[-148.764,66.067],[-148.79,66.062],[-148.812,66.085],[-148.873,66.09],[-148.971,66.077],[-149.014,66.056],[-149,66.029],[-149.054,66.007],[-149.175,65.991],[-149.251,65.957],[-149.284,65.905],[-149.438,65.889],[-149.714,65.91],[-149.92,65.89],[-150.058,65.83],[-150.048,65.798],[-149.89,65.795],[-149.827,65.755],[-149.858,65.679],[-149.93,65.65],[-150.041,65.669],[-150.125,65.641],[-150.183,65.565],[-150.324,65.52],[-150.549,65.505],[-150.792,65.446],[-151.054,65.343],[-151.401,65.26],[-152.048,65.165],[-152.349,65.124],[-152.534,65.134],[-152.699,65.182],[-152.857,65.201],[-153.007,65.191],[-153.126,65.166],[-153.215,65.124],[-153.331,65.112],[-153.476,65.129],[-153.74,65.084],[-154.122,64.976],[-154.402,64.927],[-154.581,64.936],[-154.848,64.902],[-155.134,64.867],[-155.381,64.79],[-155.575,64.756],[-155.754,64.764],[-155.998,64.721],[-156.202,64.713],[-156.425,64.68],[-156.733,64.664],[-156.76,64.696],[-156.809,64.718],[-156.917,64.73],[-156.993,64.755],[-157.036,64.795],[-157.271,64.826],[-157.396,64.82],[-157.51,64.844],[-157.769,64.85],[-157.842,64.869],[-157.913,64.858],[-158.003,64.801],[-158.169,64.681],[-158.286,64.643],[-158.501,64.464],[-158.678,64.343],[-158.691,64.311],[-158.659,64.223],[-158.674,64.138],[-158.734,64.058],[-158.826,63.994],[-159.01,63.925],[-159.149,63.884],[-159.203,63.848],[-159.217,63.802],[-159.256,63.767],[-159.318,63.743],[-159.386,63.679],[-159.458,63.575],[-159.479,63.494],[-159.448,63.437],[-159.502,63.372],[-159.642,63.301],[-159.725,63.214],[-159.753,63.111],[-159.826,63.035],[-159.945,62.987],[-160.019,62.916],[-160.049,62.822],[-160.09,62.756],[-160.144,62.717],[-160.17,62.66],[-160.17,62.586],[-160.133,62.523],[-160.058,62.471],[-160.006,62.415],[-159.975,62.371],[-159.963,62.321],[-159.956,62.28],[-159.913,62.253],[-159.805,62.236],[-159.744,62.214],[-159.73,62.188],[-159.742,62.154],[-159.782,62.114],[-159.852,62.086],[-159.952,62.071],[-160.032,62.033],[-160.093,61.973],[-160.336,61.941],[-160.762,61.936],[-161.067,61.907],[-161.253,61.853],[-161.339,61.805],[-161.326,61.764],[-161.346,61.72],[-161.401,61.673],[-161.528,61.637],[-161.754,61.617],[-161.826,61.601],[-161.92,61.576],[-161.956,61.597],[-161.963,61.656],[-162.023,61.745],[-162.135,61.863],[-162.249,61.923],[-162.367,61.924],[-162.44,61.948],[-162.47,61.994],[-162.527,62.006],[-162.613,61.984],[-162.668,61.957],[-162.691,61.923],[-162.74,61.918],[-162.814,61.942],[-162.888,61.94],[-162.962,61.913],[-163.043,61.908],[-163.132,61.923],[-163.204,61.959],[-163.259,62.016]],[[-145.828,66.611],[-145.833,66.611]],[[-145.825,66.611],[-145.828,66.611]]]}},{"type":"Feature","properties":{"name":"Za","scalerank":2},"bbox":[94.084004,31.965543,96.941298,33.205467],"geometry":{"type":"MultiLineString","coordinates":[[[94.084,33.156],[94.448,33.163],[94.507,33.204],[94.61,33.205],[94.777,33.181],[94.916,33.14],[95.026,33.083],[95.089,33.025],[95.106,32.966],[95.225,32.915],[95.447,32.87],[95.581,32.815],[95.627,32.748],[95.728,32.672],[95.882,32.587],[96.011,32.552],[96.113,32.567],[96.183,32.562],[96.239,32.526],[96.381,32.433],[96.455,32.343],[96.507,32.225],[96.585,32.155],[96.69,32.133],[96.77,32.085],[96.824,32.012],[96.874,31.973],[96.941,31.966]]]}},{"type":"Feature","properties":{"name":"Zambezi","scalerank":3},"bbox":[22.544443,-18.842364,36.49801,-11.100666],"geometry":{"type":"MultiLineString","coordinates":[[[36.039,-18.337],[36.105,-18.424],[36.14,-18.536],[36.145,-18.62],[36.12,-18.677],[36.129,-18.72],[36.15,-18.75],[36.153,-18.795],[36.125,-18.842]],[[36.039,-18.337],[36.498,-18.576]],[[28.761,-16.532],[28.833,-16.424],[28.857,-16.306],[28.857,-16.142],[28.876,-16.036],[28.913,-15.988],[28.973,-15.95],[29.051,-15.901],[29.288,-15.777],[29.487,-15.697],[29.73,-15.645],[30.796,-15.642]],[[32.707,-15.58],[32.925,-15.586],[33.028,-15.634],[33.089,-15.725],[33.203,-15.835],[33.372,-15.963],[33.564,-16.147],[33.885,-16.508],[33.984,-16.599],[34.205,-16.697],[34.582,-16.834],[34.795,-16.923],[34.844,-16.964],[34.897,-17.059],[34.981,-17.28],[35.096,-17.521],[35.187,-17.636],[35.291,-17.705],[35.389,-17.8],[35.48,-17.92],[35.602,-18.013],[35.755,-18.08],[35.846,-18.146],[35.877,-18.211],[35.941,-18.275],[36.039,-18.337]],[[24.266,-11.379],[24.327,-11.311],[24.334,-11.239],[24.308,-11.141],[24.226,-11.101],[24.022,-11.126],[23.75,-11.332],[23.599,-11.423],[23.477,-11.467],[23.387,-11.521],[23.33,-11.586],[23.173,-11.686],[22.915,-11.823],[22.76,-11.952],[22.707,-12.074],[22.65,-12.166],[22.588,-12.227],[22.553,-12.346],[22.544,-12.522],[22.581,-12.69],[22.662,-12.849],[22.698,-12.965],[22.687,-13.038],[22.753,-13.132],[22.964,-13.305],[23.023,-13.355],[23.074,-13.458],[23.137,-13.63],[23.186,-13.726],[23.221,-13.747],[23.228,-13.785],[23.207,-13.84],[23.207,-13.909],[23.228,-13.993],[23.225,-14.066],[23.197,-14.131],[23.195,-14.216],[23.218,-14.324],[23.189,-14.443],[23.107,-14.573],[23.034,-14.784],[22.969,-15.077],[22.982,-15.278],[23.073,-15.387],[23.125,-15.482],[23.136,-15.564],[23.127,-15.625],[23.099,-15.666],[23.12,-15.737],[23.189,-15.837],[23.246,-16.013],[23.292,-16.264],[23.492,-16.549],[23.846,-16.868],[24.077,-17.14],[24.238,-17.478],[24.733,-17.518],[24.932,-17.543],[25.002,-17.569],[25.092,-17.634],[25.259,-17.794],[25.452,-17.845],[25.557,-17.85],[25.64,-17.824],[25.742,-17.858],[25.863,-17.952],[25.996,-17.97],[26.14,-17.912],[26.333,-17.929],[26.578,-18.023],[26.78,-18.042],[27.021,-17.958]]]}}]}